-- phpMyAdmin SQL Dump
-- version 5.2.1
-- https://www.phpmyadmin.net/
--
-- Host: localhost
-- Creato il: Mag 08, 2025 alle 13:27
-- Versione del server: 5.6.21-log
-- Versione PHP: 8.2.3

SET SQL_MODE = "NO_AUTO_VALUE_ON_ZERO";
START TRANSACTION;
SET time_zone = "+00:00";


/*!40101 SET @OLD_CHARACTER_SET_CLIENT=@@CHARACTER_SET_CLIENT */;
/*!40101 SET @OLD_CHARACTER_SET_RESULTS=@@CHARACTER_SET_RESULTS */;
/*!40101 SET @OLD_COLLATION_CONNECTION=@@COLLATION_CONNECTION */;
/*!40101 SET NAMES utf8mb4 */;

--
-- Database: `people_development`
--

-- --------------------------------------------------------

--
-- Struttura della tabella `access_level`
--

CREATE TABLE `access_level` (
  `id_access_level` int(11) NOT NULL,
  `name` varchar(45) NOT NULL
) ENGINE=InnoDB DEFAULT CHARSET=utf8 COMMENT='Access levels';

--
-- Dump dei dati per la tabella `access_level`
--

INSERT INTO `access_level` (`id_access_level`, `name`) VALUES
(50, 'assessor'),
(60, 'PD Leader'),
(100, 'admin');

-- --------------------------------------------------------

--
-- Struttura stand-in per le viste `all_assessments`
-- (Vedi sotto per la vista effettiva)
--
CREATE TABLE `all_assessments` (
`id_employee` int(11)
,`employee_full_name` varchar(201)
,`id_job` int(11)
,`job_name` varchar(80)
,`id_skill` int(11)
,`skill_name` varchar(45)
,`expected_level` int(11)
,`assessed_level` bigint(11)
,`delta` bigint(12)
,`previous_level` int(11)
,`assessment_date` varchar(45)
,`assessed_by` int(11)
,`assessor_full_name` varchar(45)
);

-- --------------------------------------------------------

--
-- Struttura della tabella `assessment`
--

CREATE TABLE `assessment` (
  `id_employee` int(11) NOT NULL,
  `id_skill` int(11) NOT NULL,
  `assessment_date` varchar(45) DEFAULT NULL,
  `assessed_by` int(11) DEFAULT NULL,
  `assessed_level` int(11) NOT NULL DEFAULT '0',
  `previous_level` int(11) DEFAULT NULL
) ENGINE=InnoDB DEFAULT CHARSET=utf8 COMMENT='Skills evaluation for each eployee job''s skills';

--
-- Dump dei dati per la tabella `assessment`
--

INSERT INTO `assessment` (`id_employee`, `id_skill`, `assessment_date`, `assessed_by`, `assessed_level`, `previous_level`) VALUES
(1, 6, '2024-05-02 05:32:51', 3, 4, 1),
(1, 7, '2024-05-02 05:32:51', 3, 3, 1),
(1, 417, '2024-05-02 05:30:57', 3, 5, 1),
(1, 418, '2024-05-02 05:30:57', 3, 5, 1),
(1, 419, '2024-05-02 05:30:57', 3, 5, 1),
(1, 420, '2024-05-02 05:32:06', 3, 4, 1),
(1, 421, '2024-05-02 05:32:06', 3, 4, 1),
(1, 422, '2024-05-02 05:32:06', 3, 4, 1),
(1, 423, '2024-05-02 05:32:06', 3, 5, 1),
(1, 424, '2024-05-02 05:32:51', 3, 4, 1),
(1, 425, '2024-05-02 05:32:51', 3, 4, 1),
(1, 426, '2024-05-02 05:32:51', 3, 5, 1),
(3, 6, '2024-08-09 11:58:42', 3, 1, 2),
(3, 7, '2024-08-09 11:58:42', 3, 2, 4),
(3, 461, '2024-07-27 12:22:55', 3, 3, 1),
(3, 462, '2024-07-27 12:22:55', 3, 3, 1),
(3, 463, '2024-07-27 12:22:55', 3, 2, 1),
(3, 464, '2024-08-09 11:58:42', 3, 1, NULL),
(3, 465, '2024-08-09 11:58:42', 3, 1, NULL),
(3, 466, '2024-08-09 11:58:42', 3, 4, 1),
(3, 467, '2024-08-09 11:58:42', 3, 1, NULL),
(3, 468, '2024-08-09 11:58:42', 3, 3, 1),
(3, 469, '2024-08-09 11:58:42', 3, 3, 1),
(3, 470, '2024-08-09 11:58:42', 3, 3, 1),
(3, 471, '2024-07-27 01:45:39', 3, 1, NULL),
(3, 472, '2024-07-27 01:45:39', 3, 1, NULL),
(3, 473, '2024-07-27 01:45:39', 3, 1, NULL),
(3, 474, '2024-07-27 01:45:39', 3, 1, NULL),
(3, 475, '2024-07-27 01:45:39', 3, 1, NULL),
(3, 476, '2024-07-27 01:45:39', 3, 1, NULL),
(4, 1, '2024-02-15 12:10:33', 3, 4, 1),
(4, 2, '2024-02-15 12:10:33', 3, 4, 1),
(4, 3, '2024-02-15 12:10:33', 3, 2, 1),
(4, 4, '2024-02-15 12:10:33', 3, 2, 1),
(4, 5, '2024-02-15 12:10:33', 3, 4, 1),
(4, 6, '2024-02-15 12:10:33', 3, 4, 5),
(4, 7, '2024-02-15 12:10:33', 3, 3, 1),
(5, 6, '2024-02-21 12:08:43', 3, 4, 1),
(5, 7, '2024-02-21 12:08:43', 3, 3, 1),
(5, 10, '2024-02-21 12:08:43', 3, 3, 1),
(5, 489, '2024-02-21 12:08:43', 3, 4, 1),
(5, 490, '2024-02-21 12:08:43', 3, 4, 1),
(6, 6, '2024-04-24 03:31:06', 3, 1, NULL),
(6, 7, '2024-04-24 03:31:06', 3, 2, 1),
(6, 394, '2024-04-24 03:31:06', 3, 4, 1),
(6, 395, '2024-04-24 03:31:06', 3, 4, 1),
(6, 396, '2024-04-24 03:31:06', 3, 1, NULL),
(6, 397, '2024-04-24 03:31:06', 3, 1, NULL),
(6, 398, '2024-04-24 03:31:06', 3, 1, NULL),
(6, 399, '2024-04-24 03:31:06', 3, 1, NULL),
(6, 400, '2024-04-24 03:31:06', 3, 1, NULL),
(6, 401, '2024-04-24 03:31:06', 3, 1, NULL),
(6, 402, '2024-04-24 03:31:06', 3, 4, 1),
(6, 403, '2024-04-24 03:31:06', 3, 3, 1),
(6, 404, '2024-04-24 03:31:06', 3, 3, 1),
(6, 405, '2024-04-24 03:31:06', 3, 1, NULL),
(7, 6, '2024-02-21 12:09:02', 3, 4, 1),
(7, 7, '2024-02-21 12:09:02', 3, 2, 1),
(7, 10, '2024-02-21 12:09:02', 3, 4, 1),
(7, 316, '2024-02-21 12:09:02', 3, 4, 1),
(7, 317, '2024-02-21 12:09:02', 3, 4, 1),
(7, 318, '2024-01-10 02:27:00', 3, 4, 1),
(7, 319, '2024-01-10 02:27:00', 3, 4, 1),
(7, 322, '2024-01-10 02:29:24', 3, 4, 1),
(7, 323, '2024-01-10 02:29:24', 3, 4, 1),
(8, 6, '2024-02-21 12:09:27', 3, 4, 1),
(8, 7, '2024-02-21 12:09:27', 3, 2, 1),
(8, 10, '2024-02-21 12:09:27', 3, 4, 1),
(8, 34, '2024-02-21 12:09:27', 3, 4, 1),
(8, 35, '2024-02-21 12:09:27', 3, 4, 1),
(8, 36, '2024-10-19 02:42:34', 3, 4, 1),
(8, 37, '2024-10-19 02:42:34', 3, 4, 1),
(8, 50, '2024-09-22 01:52:09', 3, 4, 1),
(8, 51, '2024-09-22 01:52:09', 3, 4, 1),
(9, 6, '2024-02-21 12:09:47', 3, 4, 1),
(9, 7, '2024-02-21 12:09:47', 3, 3, 1),
(9, 10, '2024-02-21 12:09:47', 3, 3, 1),
(9, 44, '2024-09-26 12:30:39', 3, 4, 1),
(9, 45, '2024-09-26 12:30:39', 3, 4, 1),
(9, 48, '2024-11-08 02:13:55', 3, 4, 1),
(9, 49, '2024-11-08 02:13:55', 3, 4, 1),
(9, 78, '2024-09-26 12:03:56', 3, 4, 1),
(9, 79, '2024-09-26 12:03:56', 3, 4, 1),
(9, 80, '2024-11-08 02:13:50', 3, 4, 1),
(9, 81, '2024-11-08 02:13:50', 3, 4, 1),
(9, 82, '2024-11-08 02:13:25', 3, 4, 1),
(9, 83, '2024-11-08 02:13:25', 3, 4, 1),
(9, 84, '2024-09-26 12:21:57', 3, 4, 1),
(9, 85, '2024-09-26 12:21:57', 3, 4, 1),
(9, 86, '2024-01-30 12:22:15', 3, 4, 1),
(9, 87, '2024-01-30 12:22:15', 3, 4, 1),
(9, 481, '2024-02-21 12:09:47', 3, 4, 1),
(9, 482, '2024-02-21 12:09:47', 3, 4, 1),
(9, 485, '2024-01-16 01:47:31', 3, 4, 1),
(9, 486, '2024-01-16 01:47:31', 3, 4, 1),
(9, 487, '2024-01-16 01:47:25', 3, 4, 1),
(9, 488, '2024-01-16 01:47:25', 3, 4, 1),
(10, 1, '2024-07-24 04:22:56', 3, 3, 1),
(10, 2, '2024-07-24 04:22:56', 3, 3, 1),
(10, 3, '2024-07-24 04:22:56', 3, 1, NULL),
(10, 4, '2024-07-24 04:22:56', 3, 2, 1),
(10, 5, '2024-07-24 04:22:56', 3, 4, 1),
(10, 6, '2024-07-24 04:22:56', 3, 4, 1),
(10, 7, '2024-07-24 04:22:56', 3, 1, NULL),
(13, 6, '2024-02-21 12:10:18', 3, 4, 1),
(13, 7, '2024-02-21 12:10:18', 3, 3, 1),
(13, 10, '2024-02-21 12:10:18', 3, 4, 1),
(13, 44, '2024-10-17 09:30:17', 3, 4, 1),
(13, 45, '2024-10-17 09:30:17', 3, 4, 1),
(13, 48, '2024-10-17 09:31:54', 3, 4, 1),
(13, 49, '2024-10-17 09:31:54', 3, 4, 1),
(13, 72, '2024-11-20 01:42:07', 3, 4, 1),
(13, 73, '2024-11-20 01:42:06', 3, 4, 1),
(13, 78, '2024-10-17 09:31:24', 3, 4, 1),
(13, 79, '2024-10-17 09:31:24', 3, 4, 1),
(13, 82, '2024-10-17 09:30:41', 3, 4, 1),
(13, 83, '2024-10-17 09:30:41', 3, 4, 1),
(13, 84, '2024-10-17 09:56:37', 3, 4, 1),
(13, 85, '2024-10-17 09:56:37', 3, 4, 1),
(13, 86, '2024-10-17 09:31:31', 3, 4, 1),
(13, 87, '2024-10-17 09:31:31', 3, 4, 1),
(13, 481, '2024-02-21 12:10:18', 3, 4, 1),
(13, 482, '2024-02-21 12:10:18', 3, 4, 1),
(13, 485, '2024-01-16 01:40:37', 3, 4, 1),
(13, 486, '2024-01-16 01:40:37', 3, 4, 1),
(13, 487, '2024-01-16 01:40:30', 3, 4, 1),
(13, 488, '2024-01-16 01:40:30', 3, 4, 1),
(14, 1, '2024-07-24 04:31:43', 3, 4, 1),
(14, 2, '2024-07-24 04:31:43', 3, 3, 1),
(14, 3, '2024-07-24 04:31:43', 3, 2, 1),
(14, 4, '2024-07-24 04:31:43', 3, 2, 1),
(14, 5, '2024-07-24 04:31:43', 3, 4, 1),
(14, 6, '2024-07-24 04:31:43', 3, 4, 1),
(14, 7, '2024-07-24 04:31:43', 3, 1, NULL),
(15, 6, '2024-11-02 11:18:17', 3, 4, 1),
(15, 7, '2024-11-02 11:18:16', 3, 1, NULL),
(15, 10, '2024-11-02 11:18:16', 3, 4, 1),
(15, 141, '2024-11-08 09:22:28', 3, 3, 1),
(15, 142, '2024-11-08 09:22:28', 3, 3, 1),
(15, 338, '2024-11-02 11:18:16', 3, 1, 4),
(15, 340, '2024-11-02 11:18:16', 3, 1, 3),
(15, 341, '2024-06-07 11:21:22', 3, 4, 1),
(15, 342, '2024-06-07 11:21:22', 3, 4, 1),
(15, 515, '2024-11-26 01:22:43', 3, 1, NULL),
(15, 516, '2024-11-26 01:22:43', 3, 1, NULL),
(17, 6, '2024-11-18 10:07:24', 3, 4, 1),
(17, 7, '2024-11-18 10:07:24', 3, 3, 1),
(17, 8, '2024-11-18 10:07:24', 3, 4, 1),
(17, 9, '2024-11-18 10:07:24', 3, 4, 1),
(17, 10, '2024-11-18 10:07:24', 3, 4, 1),
(17, 18, '2024-09-18 03:45:14', 3, 4, 1),
(17, 19, '2024-09-18 03:45:14', 3, 4, 1),
(17, 20, '2024-09-18 03:45:47', 3, 4, 1),
(17, 21, '2024-09-18 03:45:47', 3, 4, 1),
(18, 6, '2024-11-18 10:07:56', 3, 4, 1),
(18, 7, '2024-11-18 10:07:56', 3, 3, 1),
(18, 8, '2024-11-18 10:07:56', 3, 4, 2),
(18, 9, '2024-11-18 10:07:56', 3, 4, 1),
(18, 10, '2024-11-18 10:07:56', 3, 3, 1),
(18, 18, '2024-09-18 03:47:00', 3, 4, 1),
(18, 19, '2024-09-18 03:47:00', 3, 4, 1),
(18, 20, '2024-09-18 03:47:19', 3, 4, 1),
(18, 21, '2024-09-18 03:47:19', 3, 4, 1),
(19, 6, '2024-02-21 12:11:35', 3, 4, 1),
(19, 7, '2024-02-21 12:11:35', 3, 2, 1),
(19, 10, '2024-02-21 12:11:35', 3, 4, 1),
(19, 38, '2024-02-21 12:11:35', 3, 4, 1),
(19, 39, '2024-02-21 12:11:35', 3, 4, 1),
(19, 98, '2024-10-19 02:07:10', 3, 4, 1),
(19, 99, '2024-10-19 02:07:10', 3, 4, 1),
(19, 104, '2024-10-19 02:07:50', 3, 4, 1),
(19, 105, '2024-10-19 02:07:50', 3, 4, 1),
(19, 108, '2024-10-19 01:49:19', 3, 4, 1),
(19, 109, '2024-10-19 01:49:19', 3, 4, 1),
(19, 110, '2024-10-19 01:50:20', 3, 4, 1),
(19, 111, '2024-10-19 01:50:20', 3, 4, 1),
(19, 118, '2024-10-19 01:48:15', 3, 4, 1),
(19, 119, '2024-10-19 01:48:15', 3, 4, 1),
(19, 316, '2024-07-13 02:36:39', 3, 4, 1),
(19, 317, '2024-07-13 02:36:39', 3, 4, 1),
(19, 322, '2024-07-13 02:35:51', 3, 4, 1),
(19, 323, '2024-07-13 02:35:51', 3, 4, 1),
(19, 455, '2024-07-13 02:35:32', 3, 4, 1),
(19, 456, '2024-07-13 02:35:32', 3, 4, 1),
(19, 457, '2024-07-13 02:36:15', 3, 4, 1),
(19, 458, '2024-07-13 02:36:15', 3, 4, 1),
(20, 6, '2024-02-21 12:11:49', 3, 4, 1),
(20, 7, '2024-02-21 12:11:49', 3, 2, 1),
(20, 10, '2024-02-21 12:11:49', 3, 4, 1),
(20, 316, '2024-02-21 12:11:49', 3, 4, 1),
(20, 317, '2024-02-21 12:11:49', 3, 4, 1),
(20, 322, '2024-07-13 02:39:12', 3, 4, 1),
(20, 323, '2024-07-13 02:39:12', 3, 4, 1),
(20, 455, '2024-07-13 02:40:05', 3, 4, 1),
(20, 456, '2024-07-13 02:40:05', 3, 4, 1),
(20, 457, '2024-07-13 02:38:54', 3, 4, 1),
(20, 458, '2024-07-13 02:38:54', 3, 4, 1),
(25, 170, '2024-11-28 12:11:07', 3, 1, NULL),
(25, 171, '2024-11-28 12:11:07', 3, 1, NULL),
(25, 172, '2024-11-28 12:11:07', 3, 1, NULL),
(25, 215, '2024-02-19 09:11:37', 3, 4, 1),
(25, 216, '2024-02-19 09:11:37', 3, 4, 1),
(25, 217, '2024-02-19 09:11:37', 3, 4, 1),
(25, 218, '2024-02-19 09:11:37', 3, 4, 1),
(25, 219, '2024-02-19 09:11:37', 3, 4, 1),
(25, 220, '2024-02-19 09:11:37', 3, 5, 1),
(25, 221, '2024-02-19 09:11:37', 3, 4, 1),
(25, 222, '2024-02-19 09:11:37', 3, 3, 1),
(25, 223, '2024-11-28 12:11:21', 3, 1, NULL),
(25, 224, '2024-11-28 12:11:21', 3, 1, NULL),
(25, 225, '2024-11-28 12:11:21', 3, 1, NULL),
(25, 226, '2024-11-28 12:11:21', 3, 1, NULL),
(25, 227, '2024-11-28 12:11:21', 3, 1, NULL),
(25, 228, '2024-11-28 12:11:21', 3, 1, NULL),
(25, 229, '2024-11-28 12:11:21', 3, 1, NULL),
(25, 230, '2024-11-28 12:11:21', 3, 1, NULL),
(25, 231, '2024-11-28 12:11:21', 3, 1, NULL),
(25, 232, '2024-11-28 12:11:21', 3, 1, NULL),
(25, 233, '2024-11-28 12:11:21', 3, 1, NULL),
(25, 234, '2024-11-28 12:11:21', 3, 1, NULL),
(25, 235, '2024-11-28 12:11:21', 3, 1, NULL),
(25, 236, '2024-11-28 12:11:21', 3, 1, NULL),
(27, 410, '2024-05-02 05:18:05', 3, 5, 1),
(27, 411, '2024-05-02 05:18:05', 3, 5, 1),
(27, 412, '2024-05-02 05:18:05', 3, 3, 1),
(27, 413, '2024-05-02 05:18:05', 3, 4, 1),
(27, 414, '2024-05-02 05:18:05', 3, 4, 1),
(27, 415, '2024-05-02 05:18:05', 3, 3, 1),
(27, 416, '2024-05-02 05:18:05', 3, 3, 1),
(29, 7, '2024-02-21 11:42:36', 3, 3, 1),
(29, 394, '2024-02-21 11:42:34', 3, 5, 1),
(29, 395, '2024-02-21 11:42:36', 3, 4, 1),
(29, 396, '2024-02-21 11:42:36', 3, 5, 1),
(29, 397, '2024-02-21 11:42:35', 3, 3, 1),
(29, 398, '2024-02-21 11:42:35', 3, 4, 1),
(29, 399, '2024-02-21 11:42:36', 3, 2, 1),
(29, 402, '2024-02-21 11:42:34', 3, 4, 1),
(29, 403, '2024-02-21 11:42:36', 3, 3, 1),
(29, 404, '2024-02-21 11:42:34', 3, 4, 1),
(29, 405, '2024-02-21 11:42:34', 3, 1, NULL),
(30, 6, '2024-01-16 02:08:00', 3, 4, 1),
(30, 7, '2024-01-16 02:08:00', 3, 1, NULL),
(30, 10, '2024-01-16 02:08:00', 3, 4, 1),
(30, 46, '2024-09-19 11:57:55', 3, 4, 1),
(30, 47, '2024-09-19 11:57:55', 3, 4, 1),
(30, 48, '2024-09-19 12:17:06', 3, 4, 1),
(30, 49, '2024-09-19 12:17:06', 3, 4, 1),
(30, 74, '2024-01-16 02:06:51', 3, 4, 1),
(30, 75, '2024-01-16 02:06:51', 3, 4, 1),
(30, 78, '2024-11-08 02:15:14', 3, 4, 1),
(30, 79, '2024-11-08 02:15:14', 3, 4, 1),
(30, 80, '2024-09-26 12:05:23', 3, 4, 1),
(30, 81, '2024-09-26 12:05:23', 3, 4, 1),
(30, 84, '2024-09-26 12:18:30', 3, 4, 1),
(30, 85, '2024-09-26 12:18:30', 3, 4, 1),
(30, 86, '2024-09-26 12:18:23', 3, 4, 1),
(30, 87, '2024-09-26 12:18:23', 3, 4, 1),
(30, 481, '2024-01-16 02:08:00', 3, 4, 1),
(30, 482, '2024-01-16 02:08:00', 3, 4, 1),
(30, 485, '2024-01-16 02:07:49', 3, 4, 1),
(30, 486, '2024-01-16 02:07:49', 3, 4, 1),
(30, 487, '2024-01-16 02:07:43', 3, 4, 1),
(30, 488, '2024-01-16 02:07:43', 3, 4, 1),
(30, 493, '2024-01-16 02:07:07', 3, 4, 1),
(30, 494, '2024-01-16 02:07:07', 3, 4, 1),
(30, 497, '2024-01-16 02:07:00', 3, 4, 1),
(30, 498, '2024-01-16 02:07:00', 3, 4, 1),
(31, 6, '2024-01-26 12:25:31', 3, 4, 1),
(31, 7, '2024-01-26 12:25:31', 3, 1, NULL),
(31, 10, '2024-01-26 12:25:31', 3, 4, 1),
(31, 351, '2024-01-24 12:26:48', 3, 4, 1),
(31, 352, '2024-01-24 12:26:48', 3, 4, 1),
(31, 363, '2024-01-26 12:13:55', 3, 4, 1),
(31, 364, '2024-01-26 12:13:55', 3, 4, 1),
(31, 367, '2024-01-26 12:25:31', 3, 4, 1),
(31, 368, '2024-01-26 12:25:31', 3, 4, 1),
(32, 289, '2024-03-22 10:14:42', 3, 4, 1),
(32, 290, '2024-03-22 10:14:42', 3, 4, 1),
(32, 291, '2024-03-22 10:14:42', 3, 3, 1),
(32, 292, '2024-03-22 10:14:42', 3, 4, 1),
(32, 293, '2024-03-22 10:14:42', 3, 4, 1),
(32, 294, '2024-03-22 10:14:42', 3, 3, 1),
(32, 295, '2024-03-22 10:14:42', 3, 2, 1),
(33, 6, '2024-11-18 10:10:52', 3, 4, 5),
(33, 7, '2024-11-18 10:10:52', 3, 3, 1),
(33, 10, '2024-11-18 10:10:52', 3, 4, 1),
(33, 52, '2024-11-18 10:10:52', 3, 4, 1),
(33, 53, '2024-11-18 10:10:52', 3, 4, 5),
(33, 60, '2024-09-22 02:47:16', 3, 4, 1),
(33, 61, '2024-09-22 02:47:16', 3, 4, 1),
(33, 461, '2024-02-15 11:55:48', 3, 1, NULL),
(33, 462, '2024-02-15 11:55:48', 3, 1, NULL),
(33, 463, '2024-02-15 11:55:48', 3, 1, NULL),
(33, 464, '2024-02-15 11:55:48', 3, 1, NULL),
(33, 465, '2024-02-15 11:55:48', 3, 1, NULL),
(33, 466, '2024-02-15 11:55:48', 3, 1, NULL),
(33, 467, '2024-02-15 11:55:48', 3, 1, NULL),
(33, 468, '2024-02-15 11:55:48', 3, 1, NULL),
(33, 469, '2024-02-15 11:55:48', 3, 1, NULL),
(33, 470, '2024-02-15 11:55:48', 3, 1, NULL),
(33, 471, '2024-02-15 11:55:48', 3, 1, NULL),
(33, 472, '2024-02-15 11:55:48', 3, 1, NULL),
(33, 473, '2024-02-15 11:55:48', 3, 1, NULL),
(33, 474, '2024-02-15 11:55:48', 3, 1, NULL),
(33, 475, '2024-02-15 11:55:48', 3, 1, NULL),
(33, 476, '2024-02-15 11:55:48', 3, 1, NULL),
(36, 6, '2024-02-21 12:12:33', 3, 4, 1),
(36, 7, '2024-02-21 12:12:33', 3, 2, 1),
(36, 10, '2024-02-21 12:12:33', 3, 4, 1),
(36, 481, '2024-02-21 12:12:33', 3, 4, 1),
(36, 482, '2024-02-21 12:12:33', 3, 4, 1),
(36, 485, '2024-01-16 01:42:09', 3, 4, 1),
(36, 486, '2024-01-16 01:42:09', 3, 4, 1),
(36, 487, '2024-01-16 01:42:03', 3, 4, 1),
(36, 488, '2024-01-16 01:42:03', 3, 4, 1),
(37, 6, '2024-09-11 04:32:39', 3, 4, 1),
(37, 7, '2024-09-11 04:32:39', 3, 1, NULL),
(37, 10, '2024-09-11 04:32:39', 3, 4, 1),
(37, 165, '2024-02-12 03:12:26', 3, 1, NULL),
(37, 166, '2024-02-12 03:12:26', 3, 1, NULL),
(37, 298, '2024-12-14 02:38:28', 3, 4, 1),
(37, 299, '2024-12-14 02:38:28', 3, 4, 1),
(37, 306, '2024-01-08 02:42:58', 3, 1, NULL),
(37, 307, '2024-01-08 02:42:58', 3, 1, NULL),
(37, 308, '2024-01-08 03:07:57', 3, 1, NULL),
(37, 309, '2024-01-08 03:07:57', 3, 1, NULL),
(37, 338, '2024-09-11 04:32:39', 3, 4, 1),
(37, 340, '2024-09-11 04:32:39', 3, 4, 1),
(37, 377, '2024-09-11 04:32:20', 3, 4, 1),
(37, 378, '2024-09-11 04:32:20', 3, 4, 1),
(38, 383, '2024-02-20 04:12:34', 3, 4, 1),
(38, 388, '2024-02-20 04:12:34', 3, 3, 1),
(38, 392, '2024-02-20 04:12:34', 3, 5, 1),
(38, 393, '2024-02-20 04:12:34', 3, 5, 1),
(38, 402, '2024-02-20 04:12:34', 3, 4, 1),
(39, 6, '2024-02-20 11:58:18', 3, 4, 1),
(39, 7, '2024-02-21 11:26:54', 3, 4, 3),
(39, 383, '2024-02-20 11:56:37', 3, 5, 1),
(39, 384, '2024-02-20 11:56:37', 3, 4, 1),
(39, 385, '2024-02-20 11:56:37', 3, 5, 1),
(39, 386, '2024-02-20 11:56:37', 3, 5, 1),
(39, 387, '2024-02-20 11:56:37', 3, 5, 1),
(39, 388, '2024-02-20 11:56:37', 3, 4, 1),
(39, 394, '2024-02-21 11:26:54', 3, 4, 1),
(39, 395, '2024-02-21 11:26:54', 3, 4, 1),
(39, 396, '2024-02-21 11:26:54', 3, 4, 1),
(39, 397, '2024-02-21 11:26:54', 3, 4, 1),
(39, 398, '2024-02-21 11:26:54', 3, 5, 1),
(39, 399, '2024-02-21 11:26:54', 3, 4, 1),
(39, 402, '2024-02-21 11:26:54', 3, 4, 1),
(39, 403, '2024-02-21 11:26:54', 3, 4, 1),
(39, 404, '2024-02-21 11:26:54', 3, 4, 1),
(39, 405, '2024-02-21 11:26:54', 3, 4, 1),
(39, 499, '2024-02-20 11:56:37', 3, 2, 1),
(39, 500, '2024-02-20 11:56:37', 3, 4, 1),
(40, 6, '2024-02-21 12:13:02', 3, 4, 1),
(40, 7, '2024-02-21 12:13:02', 3, 2, 1),
(40, 10, '2024-02-21 12:13:02', 3, 4, 1),
(40, 316, '2024-02-21 12:13:02', 3, 4, 1),
(40, 317, '2024-02-21 12:13:02', 3, 4, 1),
(40, 322, '2024-06-28 11:16:59', 3, 4, 1),
(40, 323, '2024-06-28 11:16:59', 3, 4, 1),
(40, 437, '2024-06-28 11:16:08', 3, 4, 1),
(40, 438, '2024-06-28 11:16:08', 3, 4, 1),
(41, 170, '2024-11-27 03:52:46', 3, 1, NULL),
(41, 171, '2024-11-27 03:52:46', 3, 1, NULL),
(41, 172, '2024-11-27 03:52:46', 3, 1, NULL),
(41, 180, '2024-11-27 03:52:29', 3, 1, NULL),
(41, 181, '2024-11-27 03:52:29', 3, 1, NULL),
(41, 182, '2024-11-27 03:52:29', 3, 1, NULL),
(41, 183, '2024-11-27 03:52:29', 3, 1, NULL),
(41, 184, '2024-11-27 03:52:29', 3, 1, NULL),
(41, 185, '2024-11-27 03:52:29', 3, 1, NULL),
(41, 186, '2024-11-27 03:52:29', 3, 1, NULL),
(41, 187, '2024-11-27 03:53:02', 3, 1, NULL),
(41, 188, '2024-11-27 03:53:02', 3, 1, NULL),
(41, 189, '2024-11-27 03:53:02', 3, 1, NULL),
(41, 190, '2024-11-27 03:53:02', 3, 1, NULL),
(41, 191, '2024-11-27 03:53:02', 3, 1, NULL),
(41, 192, '2024-11-27 03:53:02', 3, 1, NULL),
(41, 193, '2024-11-27 03:53:02', 3, 1, NULL),
(41, 194, '2024-11-27 03:53:02', 3, 1, NULL),
(41, 195, '2024-11-27 03:53:02', 3, 1, NULL),
(41, 196, '2024-11-27 03:53:02', 3, 1, NULL),
(41, 197, '2024-11-27 03:53:02', 3, 1, NULL),
(41, 198, '2024-11-27 03:53:02', 3, 1, NULL),
(41, 199, '2024-11-27 03:53:02', 3, 1, NULL),
(45, 6, '2024-04-17 02:32:20', 3, 4, 1),
(45, 7, '2024-04-17 02:32:20', 3, 2, 1),
(45, 10, '2024-04-17 02:32:20', 3, 4, 1),
(45, 22, '2024-11-20 01:37:08', 3, 1, 4),
(45, 23, '2024-11-20 01:37:08', 3, 1, 4),
(45, 26, '2024-04-17 02:32:20', 3, 4, 1),
(45, 27, '2024-04-17 02:32:20', 3, 4, 1),
(45, 44, '2024-11-20 01:37:12', 3, 1, NULL),
(45, 45, '2024-11-20 01:37:12', 3, 4, 1),
(46, 170, '2024-11-28 01:52:27', 3, 1, NULL),
(46, 171, '2024-11-28 01:52:27', 3, 1, NULL),
(46, 172, '2024-11-28 01:52:27', 3, 1, NULL),
(46, 265, '2024-11-28 01:52:18', 3, 1, NULL),
(46, 266, '2024-11-28 01:52:18', 3, 1, NULL),
(46, 267, '2024-11-28 01:52:18', 3, 1, NULL),
(46, 268, '2024-11-28 01:52:18', 3, 1, NULL),
(46, 269, '2024-11-28 01:52:18', 3, 1, NULL),
(46, 270, '2024-11-28 01:52:18', 3, 1, NULL),
(46, 271, '2024-11-28 01:52:18', 3, 1, NULL),
(46, 272, '2024-11-28 01:52:18', 3, 1, NULL),
(46, 273, '2024-01-17 03:13:17', 3, 5, 1),
(46, 274, '2024-01-17 03:13:17', 3, 5, 1),
(46, 275, '2024-01-17 03:13:17', 3, 5, 1),
(46, 276, '2024-01-17 03:13:17', 3, 5, 1),
(46, 277, '2024-01-17 03:13:17', 3, 5, 1),
(46, 278, '2024-01-17 03:13:17', 3, 5, 1),
(46, 279, '2024-01-17 03:13:17', 3, 5, 1),
(47, 6, '2024-02-21 12:13:25', 3, 4, 1),
(47, 7, '2024-02-21 12:13:25', 3, 2, 1),
(47, 10, '2024-02-21 12:13:25', 3, 4, 1),
(47, 22, '2024-11-08 02:17:11', 3, 4, 1),
(47, 23, '2024-11-08 02:17:11', 3, 4, 1),
(47, 74, '2024-02-21 12:13:25', 3, 1, 2),
(47, 75, '2024-02-21 12:13:25', 3, 1, 2),
(47, 479, '2024-01-16 12:18:12', 3, 4, 1),
(47, 480, '2024-01-16 12:18:12', 3, 4, 1),
(48, 6, '2024-02-21 12:13:38', 3, 4, 1),
(48, 7, '2024-02-21 12:13:38', 3, 2, 1),
(48, 10, '2024-02-21 12:13:38', 3, 4, 1),
(48, 22, '2024-11-08 02:18:19', 3, 4, 1),
(48, 23, '2024-11-08 02:18:19', 3, 4, 1),
(48, 48, '2024-09-25 02:53:06', 3, 4, 1),
(48, 49, '2024-09-25 02:53:06', 3, 4, 1),
(48, 72, '2024-02-21 12:13:38', 3, 4, 1),
(48, 73, '2024-02-21 12:13:38', 3, 4, 1),
(48, 80, '2024-09-25 02:45:20', 3, 4, 1),
(48, 81, '2024-09-25 02:45:20', 3, 4, 1),
(48, 479, '2024-01-16 01:51:47', 3, 4, 1),
(48, 480, '2024-01-16 01:51:47', 3, 4, 1),
(49, 6, '2024-11-08 02:19:04', 3, 4, 1),
(49, 7, '2024-11-08 02:19:04', 3, 1, NULL),
(49, 10, '2024-11-08 02:19:04', 3, 4, 1),
(49, 48, '2024-09-26 11:32:36', 3, 4, 1),
(49, 49, '2024-09-26 11:32:36', 3, 1, NULL),
(49, 76, '2024-10-20 09:20:45', 3, 4, 1),
(49, 77, '2024-10-20 09:20:45', 3, 4, 1),
(49, 78, '2024-09-26 11:24:45', 3, 4, 1),
(49, 79, '2024-09-26 11:24:45', 3, 4, 1),
(49, 80, '2024-09-26 11:24:23', 3, 4, 1),
(49, 81, '2024-09-26 11:24:23', 3, 4, 1),
(49, 82, '2024-11-08 02:19:00', 3, 4, 1),
(49, 83, '2024-11-08 02:19:00', 3, 4, 1),
(49, 84, '2024-09-26 11:29:58', 3, 4, 1),
(49, 85, '2024-09-26 11:29:58', 3, 4, 1),
(49, 86, '2024-11-08 02:19:04', 3, 4, 1),
(49, 87, '2024-11-08 02:19:04', 3, 4, 1),
(52, 6, '2024-01-15 03:50:27', 3, 4, 1),
(52, 7, '2024-01-15 03:50:27', 3, 1, NULL),
(52, 10, '2024-01-15 03:50:27', 3, 4, 1),
(52, 306, '2024-01-15 03:50:20', 3, 4, 1),
(52, 307, '2024-01-15 03:50:20', 3, 4, 1),
(52, 310, '2024-01-15 03:50:10', 3, 4, 1),
(52, 311, '2024-01-15 03:50:10', 3, 4, 1),
(52, 314, '2024-01-15 03:50:27', 3, 4, 1),
(52, 315, '2024-01-15 03:50:27', 3, 4, 1),
(53, 6, '2024-02-21 12:13:56', 3, 4, 1),
(53, 7, '2024-02-21 12:13:56', 3, 2, 1),
(53, 10, '2024-02-21 12:13:56', 3, 4, 1),
(53, 90, '2024-02-21 12:13:56', 3, 4, 1),
(53, 91, '2024-02-21 12:13:56', 3, 4, 1),
(53, 322, '2024-06-28 10:55:06', 3, 4, 1),
(53, 323, '2024-06-28 10:55:06', 3, 4, 1),
(53, 437, '2024-06-28 10:55:37', 3, 4, 1),
(53, 438, '2024-06-28 10:55:37', 3, 4, 1),
(54, 6, '2024-05-11 01:39:01', 3, 4, 1),
(54, 7, '2024-05-11 01:39:01', 3, 1, NULL),
(54, 10, '2024-05-11 01:39:01', 3, 4, 1),
(54, 306, '2024-05-11 01:39:01', 3, 4, 1),
(54, 307, '2024-05-11 01:39:01', 3, 4, 1),
(54, 310, '2024-05-11 01:38:54', 3, 4, 1),
(54, 311, '2024-05-11 01:38:54', 3, 4, 1),
(56, 6, '2024-02-15 11:52:45', 3, 4, 1),
(56, 7, '2024-02-15 11:52:45', 3, 3, 1),
(56, 10, '2024-02-15 11:52:45', 3, 4, 3),
(56, 26, '2024-02-15 11:52:45', 3, 4, 1),
(56, 27, '2024-02-15 11:52:45', 3, 4, 1),
(56, 28, '2024-10-25 11:53:41', 3, 4, 1),
(56, 29, '2024-10-25 11:53:41', 3, 4, 1),
(56, 30, '2024-10-25 11:55:25', 3, 4, 1),
(56, 31, '2024-10-25 11:55:25', 3, 4, 1),
(56, 34, '2024-09-18 03:28:19', 3, 4, 1),
(56, 35, '2024-09-18 03:28:19', 3, 4, 1),
(56, 36, '2024-09-18 03:33:37', 3, 4, 1),
(56, 37, '2024-09-18 03:33:37', 3, 4, 1),
(57, 6, '2024-02-15 11:53:17', 3, 4, 1),
(57, 7, '2024-02-15 11:53:17', 3, 3, 2),
(57, 10, '2024-02-15 11:53:17', 3, 3, 1),
(57, 26, '2024-02-15 11:53:17', 3, 4, 1),
(57, 27, '2024-02-15 11:53:17', 3, 4, 1),
(57, 28, '2024-09-18 02:41:53', 3, 4, 1),
(57, 29, '2024-09-18 02:41:53', 3, 4, 1),
(57, 30, '2024-09-18 02:59:56', 3, 4, 1),
(57, 31, '2024-09-18 02:59:56', 3, 4, 1),
(57, 32, '2024-09-18 03:19:15', 3, 4, 1),
(57, 33, '2024-09-18 03:19:15', 3, 4, 1),
(57, 34, '2024-09-18 03:28:58', 3, 4, 1),
(57, 35, '2024-09-18 03:28:58', 3, 4, 1),
(57, 36, '2024-09-18 03:34:09', 3, 4, 1),
(57, 37, '2024-09-18 03:34:09', 3, 4, 1),
(58, 6, '2024-01-26 12:21:29', 3, 4, 1),
(58, 7, '2024-01-26 12:21:29', 3, 1, NULL),
(58, 10, '2024-01-26 12:21:29', 3, 4, 1),
(58, 151, '2024-01-04 11:50:12', 3, 4, 1),
(58, 152, '2024-01-04 11:50:12', 3, 4, 1),
(58, 365, '2024-01-26 12:21:29', 3, 4, 1),
(58, 366, '2024-01-26 12:21:29', 3, 4, 1),
(60, 245, '2024-01-16 02:55:27', 3, 4, 1),
(60, 246, '2024-01-16 02:55:27', 3, 4, 1),
(60, 247, '2024-01-16 02:55:27', 3, 4, 1),
(60, 248, '2024-01-16 02:55:27', 3, 4, 1),
(60, 249, '2024-01-16 02:55:27', 3, 4, 1),
(60, 250, '2024-01-16 02:55:27', 3, 4, 1),
(60, 251, '2024-01-16 02:55:27', 3, 4, 1),
(61, 6, '2024-01-15 04:06:38', 3, 4, 1),
(61, 7, '2024-01-15 04:06:38', 3, 1, NULL),
(61, 10, '2024-01-15 04:06:38', 3, 4, 1),
(61, 310, '2024-01-15 04:06:38', 3, 4, 1),
(61, 311, '2024-01-15 04:06:38', 3, 4, 1),
(62, 6, '2024-12-18 02:56:35', 3, 4, 1),
(62, 7, '2024-12-18 02:56:35', 3, 1, NULL),
(62, 10, '2024-12-18 02:56:35', 3, 4, 1),
(62, 143, '2024-12-18 02:56:35', 3, 4, 1),
(62, 144, '2024-12-18 02:56:35', 3, 4, 1),
(65, 215, '2024-01-28 03:53:33', 3, 4, 1),
(65, 216, '2024-01-28 03:53:33', 3, 4, 1),
(65, 217, '2024-01-28 03:53:33', 3, 5, 1),
(65, 218, '2024-01-28 03:53:33', 3, 4, 1),
(65, 219, '2024-01-28 03:53:33', 3, 4, 1),
(65, 220, '2024-01-28 03:53:33', 3, 5, 1),
(65, 221, '2024-01-28 03:53:33', 3, 5, 1),
(65, 222, '2024-01-28 03:53:33', 3, 4, 1),
(66, 6, '2024-02-12 04:09:35', 3, 4, 1),
(66, 7, '2024-02-12 04:09:35', 3, 1, NULL),
(66, 10, '2024-02-12 04:09:35', 3, 4, 1),
(66, 375, '2024-01-26 01:39:46', 3, 4, 1),
(66, 376, '2024-01-26 01:39:46', 3, 4, 1),
(66, 377, '2024-02-12 04:09:35', 3, 4, 1),
(66, 378, '2024-02-12 04:09:35', 3, 4, 1),
(67, 6, '2024-02-21 12:15:29', 3, 4, 1),
(67, 7, '2024-02-21 12:15:29', 3, 2, 1),
(67, 10, '2024-02-21 12:15:29', 3, 4, 1),
(67, 114, '2024-11-20 01:44:07', 3, 4, 1),
(67, 115, '2024-11-20 01:44:07', 3, 4, 1),
(67, 481, '2024-02-21 12:15:29', 3, 4, 1),
(67, 482, '2024-02-21 12:15:29', 3, 4, 1),
(67, 485, '2024-01-16 01:39:29', 3, 4, 1),
(67, 486, '2024-01-16 01:39:29', 3, 4, 1),
(67, 487, '2024-01-16 01:39:22', 3, 4, 1),
(67, 488, '2024-01-16 01:39:22', 3, 4, 1),
(70, 6, '2024-01-08 02:44:43', 3, 4, 1),
(70, 7, '2024-01-08 02:44:43', 3, 1, NULL),
(70, 10, '2024-01-08 02:44:43', 3, 4, 1),
(70, 306, '2024-01-08 02:44:43', 3, 4, 1),
(70, 307, '2024-01-08 02:44:43', 3, 4, 1),
(71, 6, '2024-01-26 01:40:14', 3, 4, 1),
(71, 7, '2024-01-26 01:40:14', 3, 1, NULL),
(71, 10, '2024-01-26 01:40:14', 3, 4, 1),
(71, 165, '2024-01-12 10:24:21', 3, 4, 1),
(71, 166, '2024-01-12 10:24:21', 3, 4, 1),
(71, 375, '2024-01-26 01:40:14', 3, 4, 1),
(71, 376, '2024-01-26 01:40:14', 3, 4, 1),
(73, 6, '2024-01-16 02:08:45', 3, 4, 1),
(73, 7, '2024-01-16 02:08:45', 3, 1, NULL),
(73, 10, '2024-01-16 02:08:45', 3, 4, 1),
(73, 44, '2024-09-26 11:34:21', 3, 4, 1),
(73, 45, '2024-09-26 11:34:21', 3, 4, 1),
(73, 46, '2024-10-20 10:06:27', 3, 4, 1),
(73, 47, '2024-10-20 10:06:27', 3, 4, 1),
(73, 48, '2024-09-26 11:33:32', 3, 4, 1),
(73, 49, '2024-09-26 11:33:32', 3, 4, 1),
(73, 76, '2024-09-26 10:04:13', 3, 4, 1),
(73, 77, '2024-09-26 10:04:13', 3, 4, 1),
(73, 78, '2024-09-26 11:25:46', 3, 4, 1),
(73, 79, '2024-09-26 11:25:46', 3, 4, 1),
(73, 80, '2024-09-26 11:25:29', 3, 4, 1),
(73, 81, '2024-09-26 11:25:29', 3, 4, 1),
(73, 82, '2024-11-08 02:20:08', 3, 4, 1),
(73, 83, '2024-11-08 02:20:08', 3, 4, 1),
(73, 481, '2024-01-16 02:08:20', 3, 4, 1),
(73, 482, '2024-01-16 02:08:20', 3, 4, 1),
(73, 487, '2024-01-16 02:08:45', 3, 4, 1),
(73, 488, '2024-01-16 02:08:45', 3, 4, 1),
(78, 6, '2024-02-21 12:16:35', 3, 4, 1),
(78, 7, '2024-02-21 12:16:35', 3, 2, 1),
(78, 10, '2024-02-21 12:16:35', 3, 4, 1),
(78, 316, '2024-02-21 12:16:34', 3, 4, 1),
(78, 317, '2024-02-21 12:16:35', 3, 4, 1),
(78, 322, '2024-07-13 02:12:44', 3, 4, 1),
(78, 323, '2024-07-13 02:12:44', 3, 4, 1),
(78, 324, '2024-07-13 02:11:56', 3, 4, 1),
(78, 325, '2024-07-13 02:11:56', 3, 4, 1),
(78, 437, '2024-07-13 02:14:12', 3, 4, 1),
(78, 438, '2024-07-13 02:14:12', 3, 4, 1),
(81, 6, '2024-02-21 12:17:12', 3, 4, 1),
(81, 7, '2024-02-21 12:17:12', 3, 3, 2),
(81, 10, '2024-02-21 12:17:11', 3, 4, 1),
(81, 489, '2024-02-21 12:17:11', 3, 4, 1),
(81, 490, '2024-02-21 12:17:11', 3, 4, 1),
(82, 6, '2024-01-15 04:10:23', 3, 4, 1),
(82, 7, '2024-01-15 04:10:23', 3, 1, NULL),
(82, 10, '2024-01-15 04:10:23', 3, 4, 1),
(82, 306, '2024-01-15 04:09:19', 3, 4, 1),
(82, 307, '2024-01-15 04:09:19', 3, 4, 1),
(82, 310, '2024-01-15 04:10:23', 3, 4, 1),
(82, 311, '2024-01-15 04:10:23', 3, 4, 1),
(83, 6, '2024-11-08 11:06:38', 3, 4, 1),
(83, 7, '2024-11-08 11:06:38', 3, 1, NULL),
(83, 10, '2024-11-08 11:06:38', 3, 4, 1),
(83, 145, '2024-11-08 10:43:56', 3, 3, 1),
(83, 146, '2024-11-08 10:43:56', 3, 3, 1),
(83, 159, '2024-11-08 11:06:38', 3, 4, 1),
(83, 160, '2024-11-08 11:06:38', 3, 4, 1),
(84, 6, '2024-12-18 02:56:53', 3, 4, 1),
(84, 7, '2024-12-18 02:56:53', 3, 1, NULL),
(84, 10, '2024-12-18 02:56:53', 3, 4, 1),
(84, 143, '2024-12-18 02:56:53', 3, 4, 1),
(84, 144, '2024-12-18 02:56:53', 3, 4, 1),
(85, 6, '2024-02-12 03:01:57', 3, 4, 1),
(85, 7, '2024-02-12 03:01:57', 3, 1, NULL),
(85, 10, '2024-02-12 03:01:57', 3, 4, 1),
(85, 334, '2024-02-12 03:01:57', 3, 4, 1),
(85, 335, '2024-02-12 03:01:57', 3, 4, 1),
(86, 6, '2024-01-24 03:26:26', 3, 4, 5),
(86, 7, '2024-01-24 03:26:26', 3, 1, 3),
(86, 10, '2024-01-24 03:26:26', 3, 4, 1),
(86, 62, '2024-12-14 02:29:17', 3, 4, 1),
(86, 63, '2024-12-14 02:29:17', 3, 4, 1),
(86, 296, '2024-12-14 02:26:00', 3, 4, 1),
(86, 297, '2024-12-14 02:26:00', 3, 4, 1),
(86, 298, '2024-12-14 02:40:44', 3, 4, 1),
(86, 299, '2024-12-14 02:40:44', 3, 4, 1),
(86, 341, '2024-01-23 11:54:29', 3, 4, 1),
(86, 342, '2024-01-23 11:54:29', 3, 4, 1),
(86, 343, '2024-01-24 10:35:37', 3, 4, 1),
(86, 344, '2024-01-24 10:35:37', 3, 4, 1),
(86, 347, '2024-01-24 10:35:17', 3, 4, 1),
(86, 348, '2024-01-24 10:35:17', 3, 4, 1),
(86, 349, '2024-01-24 10:34:57', 3, 4, 1),
(86, 350, '2024-01-24 10:34:57', 3, 4, 1),
(86, 355, '2024-01-24 03:25:57', 3, 4, 1),
(86, 356, '2024-01-24 03:25:57', 3, 4, 1),
(86, 357, '2024-01-24 03:25:35', 3, 4, 1),
(86, 358, '2024-01-24 03:25:35', 3, 4, 1),
(86, 359, '2024-01-24 03:26:26', 3, 4, 1),
(86, 360, '2024-01-24 03:26:26', 3, 4, 1),
(86, 361, '2024-01-24 03:25:19', 3, 4, 1),
(86, 362, '2024-01-24 03:25:19', 3, 4, 1),
(87, 6, '2024-02-20 12:16:45', 3, 4, 1),
(87, 7, '2024-02-20 12:16:45', 3, 1, NULL),
(87, 383, '2024-02-20 03:47:10', 3, 5, 1),
(87, 384, '2024-02-20 12:16:45', 3, 5, 1),
(87, 385, '2024-02-20 12:16:45', 3, 2, 1),
(87, 386, '2024-02-20 12:16:45', 3, 5, 1),
(87, 387, '2024-02-20 12:16:45', 3, 5, 1),
(87, 388, '2024-02-20 12:16:45', 3, 2, 1),
(87, 499, '2024-02-20 12:16:45', 3, 4, 1),
(87, 500, '2024-02-20 12:16:45', 3, 4, 1),
(87, 501, '2024-02-20 03:47:10', 3, 4, 1),
(87, 502, '2024-02-20 03:47:10', 3, 4, 1),
(87, 503, '2024-02-20 03:47:10', 3, 4, 1),
(90, 6, '2024-05-31 09:34:36', 3, 4, 1),
(90, 7, '2024-05-31 09:34:36', 3, 1, NULL),
(90, 10, '2024-05-31 09:34:36', 3, 4, 1),
(90, 306, '2024-01-08 02:45:39', 3, 4, 1),
(90, 307, '2024-01-08 02:45:39', 3, 4, 1),
(90, 308, '2024-05-31 09:34:36', 3, 4, 1),
(90, 309, '2024-05-31 09:34:36', 3, 4, 1),
(90, 310, '2024-01-08 03:13:41', 3, 1, NULL),
(90, 311, '2024-01-08 03:13:41', 3, 1, NULL),
(91, 6, '2024-05-11 11:49:35', 3, 4, 1),
(91, 7, '2024-05-11 11:49:35', 3, 1, NULL),
(91, 10, '2024-05-11 11:49:35', 3, 4, 1),
(91, 134, '2024-11-07 05:04:19', 3, 4, 1),
(91, 135, '2024-11-07 05:04:19', 3, 4, 1),
(91, 136, '2024-05-11 11:49:35', 3, 4, 3),
(91, 137, '2024-05-11 11:49:35', 3, 4, 3),
(93, 6, '2024-02-21 12:17:38', 3, 4, 1),
(93, 7, '2024-02-21 12:17:38', 3, 2, 1),
(93, 10, '2024-02-21 12:17:38', 3, 3, 1),
(93, 48, '2024-11-16 09:52:05', 3, 4, 1),
(93, 49, '2024-11-16 09:52:05', 3, 4, 1),
(93, 74, '2024-11-16 10:08:49', 3, 4, 1),
(93, 75, '2024-11-16 10:08:49', 3, 4, 1),
(93, 78, '2024-11-16 02:26:59', 3, 4, 1),
(93, 79, '2024-11-16 02:26:59', 3, 4, 1),
(93, 80, '2024-11-16 02:27:12', 3, 4, 1),
(93, 81, '2024-11-16 02:27:12', 3, 4, 1),
(93, 82, '2024-11-20 01:38:35', 3, 4, 1),
(93, 83, '2024-11-20 01:38:35', 3, 4, 1),
(93, 84, '2024-11-16 10:13:29', 3, 4, 1),
(93, 85, '2024-11-16 10:13:29', 3, 4, 1),
(93, 86, '2024-11-16 10:13:47', 3, 4, 1),
(93, 87, '2024-11-16 10:13:47', 3, 4, 1),
(93, 114, '2024-11-16 09:51:27', 3, 4, 1),
(93, 115, '2024-11-16 09:51:27', 3, 4, 1),
(93, 481, '2024-01-17 01:50:23', 3, 4, 1),
(93, 482, '2024-01-17 01:50:23', 3, 4, 1),
(93, 485, '2024-01-17 01:49:39', 3, 4, 1),
(93, 486, '2024-01-17 01:49:39', 3, 4, 1),
(93, 487, '2024-01-17 01:49:33', 3, 4, 1),
(93, 488, '2024-01-17 01:49:33', 3, 4, 1),
(93, 493, '2024-02-21 12:17:37', 3, 4, 1),
(93, 494, '2024-02-21 12:17:38', 3, 4, 1),
(98, 6, '2024-11-08 02:21:09', 3, 4, 1),
(98, 7, '2024-11-08 02:21:09', 3, 1, NULL),
(98, 10, '2024-11-08 02:21:09', 3, 4, 1),
(98, 48, '2024-10-17 09:33:21', 3, 4, 1),
(98, 49, '2024-10-17 09:33:21', 3, 4, 1),
(98, 78, '2024-10-17 09:23:55', 3, 4, 1),
(98, 79, '2024-10-17 09:23:55', 3, 4, 1),
(98, 80, '2024-10-17 09:24:15', 3, 4, 1),
(98, 81, '2024-10-17 09:24:15', 3, 4, 1),
(98, 82, '2024-10-17 09:34:19', 3, 4, 1),
(98, 83, '2024-10-17 09:34:19', 3, 4, 1),
(98, 84, '2024-11-08 02:21:09', 3, 4, 1),
(98, 85, '2024-11-08 02:21:09', 3, 4, 1),
(98, 86, '2024-10-17 09:33:49', 3, 4, 1),
(98, 87, '2024-10-17 09:33:49', 3, 4, 1),
(101, 170, '2024-11-28 02:54:26', 3, 1, NULL),
(101, 171, '2024-11-28 02:54:26', 3, 1, NULL),
(101, 172, '2024-11-28 02:54:26', 3, 1, NULL),
(101, 280, '2024-11-28 02:54:17', 3, 1, NULL),
(101, 281, '2024-11-28 02:54:17', 3, 1, NULL),
(101, 282, '2024-11-28 02:54:17', 3, 1, NULL),
(101, 283, '2024-11-28 02:54:17', 3, 1, NULL),
(101, 284, '2024-11-28 02:54:17', 3, 1, NULL),
(101, 285, '2024-11-28 02:54:17', 3, 1, NULL),
(101, 286, '2024-11-28 02:54:17', 3, 1, NULL),
(101, 287, '2024-11-28 02:54:17', 3, 1, NULL),
(101, 288, '2024-11-28 02:54:17', 3, 1, NULL),
(101, 289, '2024-03-22 10:12:12', 3, 1, NULL),
(101, 290, '2024-03-22 10:12:12', 3, 1, NULL),
(101, 291, '2024-03-22 10:12:12', 3, 1, NULL),
(101, 292, '2024-03-22 10:12:12', 3, 1, NULL),
(101, 293, '2024-03-22 10:12:12', 3, 1, NULL),
(101, 294, '2024-03-22 10:12:12', 3, 1, NULL),
(101, 295, '2024-03-22 10:12:12', 3, 1, NULL),
(103, 6, '2024-02-21 12:18:12', 3, 4, 1),
(103, 7, '2024-02-21 12:18:12', 3, 1, NULL),
(103, 10, '2024-02-21 12:18:12', 3, 4, 1),
(103, 48, '2024-10-20 10:04:44', 3, 4, 1),
(103, 49, '2024-10-20 10:04:44', 3, 4, 1),
(103, 74, '2024-02-21 12:18:12', 3, 4, 1),
(103, 75, '2024-02-21 12:18:12', 3, 4, 1),
(103, 78, '2024-11-08 02:22:04', 3, 4, 1),
(103, 79, '2024-11-08 02:22:04', 3, 4, 1),
(103, 80, '2024-10-20 09:22:42', 3, 4, 1),
(103, 81, '2024-10-20 09:22:42', 3, 4, 1),
(103, 82, '2024-10-20 10:05:05', 3, 4, 1),
(103, 83, '2024-10-20 10:05:05', 3, 4, 1),
(106, 6, '2024-01-19 02:17:22', 3, 4, 1),
(106, 7, '2024-01-19 02:17:22', 3, 1, NULL),
(106, 10, '2024-01-19 02:17:22', 3, 4, 1),
(106, 296, '2024-12-14 02:22:27', 3, 4, 1),
(106, 297, '2024-12-14 02:22:27', 3, 4, 1),
(106, 338, '2024-01-19 02:17:22', 3, 4, 1),
(106, 340, '2024-01-19 02:17:22', 3, 4, 1),
(107, 6, '2024-11-08 02:22:40', 3, 4, 1),
(107, 7, '2024-11-08 02:22:40', 3, 1, NULL),
(107, 10, '2024-11-08 02:22:40', 3, 4, 1),
(107, 22, '2024-11-08 02:22:40', 3, 4, 1),
(107, 23, '2024-11-08 02:22:40', 3, 4, 1),
(107, 44, '2024-09-26 01:46:03', 3, 4, 1),
(107, 45, '2024-09-26 01:46:03', 3, 4, 1),
(108, 6, '2024-11-18 10:15:34', 3, 4, 1),
(108, 7, '2024-11-18 10:15:34', 3, 3, 1),
(108, 10, '2024-11-18 10:15:34', 3, 3, 1),
(108, 28, '2024-11-18 10:15:34', 3, 4, 1),
(108, 29, '2024-11-18 10:15:34', 3, 4, 1),
(108, 30, '2024-09-18 03:01:24', 3, 4, 1),
(108, 31, '2024-09-18 03:01:24', 3, 4, 1),
(108, 32, '2024-10-31 11:39:32', 3, 4, 1),
(108, 33, '2024-10-31 11:39:32', 3, 4, 1),
(108, 34, '2024-09-18 03:29:29', 3, 4, 1),
(108, 35, '2024-09-18 03:29:29', 3, 4, 1),
(108, 36, '2024-09-18 03:35:16', 3, 4, 1),
(108, 37, '2024-09-18 03:35:16', 3, 4, 1),
(108, 102, '2024-10-19 02:15:14', 3, 4, 1),
(108, 103, '2024-10-19 02:15:14', 3, 4, 1),
(108, 106, '2024-10-19 02:15:57', 3, 4, 1),
(108, 107, '2024-10-19 02:15:57', 3, 4, 1),
(108, 112, '2024-10-31 11:38:27', 3, 4, 1),
(108, 113, '2024-10-31 11:38:27', 3, 4, 1),
(109, 6, '2024-01-26 12:22:01', 3, 4, 1),
(109, 7, '2024-01-26 12:22:01', 3, 1, NULL),
(109, 10, '2024-01-26 12:22:01', 3, 4, 1),
(109, 298, '2024-12-14 02:39:16', 3, 4, 1),
(109, 299, '2024-12-14 02:39:16', 3, 4, 1),
(109, 365, '2024-01-26 12:22:01', 3, 4, 1),
(109, 366, '2024-01-26 12:22:01', 3, 4, 1),
(110, 6, '2024-11-08 10:48:16', 3, 4, 1),
(110, 7, '2024-11-08 10:48:16', 3, 1, NULL),
(110, 10, '2024-11-08 10:48:16', 3, 4, 1),
(110, 147, '2024-11-08 10:48:16', 3, 4, 1),
(110, 148, '2024-11-08 10:48:16', 3, 4, 1),
(112, 6, '2024-02-12 02:49:59', 3, 4, 1),
(112, 7, '2024-02-12 02:49:59', 3, 1, NULL),
(112, 10, '2024-02-12 02:49:59', 3, 4, 1),
(112, 149, '2024-01-04 03:38:34', 3, 4, 1),
(112, 150, '2024-01-04 03:38:34', 3, 4, 1),
(112, 338, '2024-02-12 02:49:59', 3, 4, 1),
(112, 340, '2024-02-12 02:49:59', 3, 4, 1),
(114, 6, '2024-01-15 11:39:13', 3, 4, 1),
(114, 7, '2024-01-15 11:39:13', 3, 1, NULL),
(114, 10, '2024-01-15 11:39:13', 3, 4, 1),
(114, 124, '2024-11-08 09:15:35', 3, 4, 1),
(114, 125, '2024-11-08 09:15:35', 3, 4, 1),
(114, 126, '2024-12-14 02:53:40', 3, 4, 1),
(114, 127, '2024-12-14 02:53:40', 3, 3, 1),
(114, 147, '2024-11-08 10:49:23', 3, 4, 1),
(114, 148, '2024-11-08 10:49:23', 3, 4, 1),
(114, 149, '2024-01-15 11:39:13', 3, 4, 1),
(114, 150, '2024-01-15 11:39:13', 3, 4, 1),
(115, 6, '2024-05-14 04:05:41', 3, 4, 1),
(115, 7, '2024-05-14 04:05:41', 3, 1, NULL),
(115, 10, '2024-05-14 04:05:41', 3, 4, 1),
(115, 306, '2024-01-15 03:56:25', 3, 4, 1),
(115, 307, '2024-01-15 03:56:25', 3, 4, 1),
(115, 308, '2024-05-14 04:05:41', 3, 4, 1),
(115, 309, '2024-05-14 04:05:41', 3, 4, 1),
(116, 6, '2024-01-15 04:02:36', 3, 4, 1),
(116, 7, '2024-01-15 04:02:36', 3, 1, NULL),
(116, 10, '2024-01-15 04:02:36', 3, 4, 1),
(116, 308, '2024-01-15 04:02:13', 3, 4, 1),
(116, 309, '2024-01-15 04:02:13', 3, 4, 1),
(116, 310, '2024-01-15 04:02:36', 3, 4, 1),
(116, 311, '2024-01-15 04:02:36', 3, 4, 1),
(119, 6, '2024-02-21 12:23:46', 3, 4, 1),
(119, 7, '2024-02-21 12:23:46', 3, 2, 1),
(119, 10, '2024-02-21 12:23:46', 3, 3, 1),
(119, 72, '2024-01-30 12:13:22', 3, 4, 1),
(119, 73, '2024-01-30 12:13:22', 3, 4, 1),
(119, 86, '2024-10-20 10:04:09', 3, 4, 1),
(119, 87, '2024-10-20 10:04:09', 3, 4, 1),
(119, 481, '2024-02-21 12:23:46', 3, 4, 1),
(119, 482, '2024-02-21 12:23:46', 3, 4, 1),
(119, 485, '2024-01-16 02:02:20', 3, 4, 1),
(119, 486, '2024-01-16 02:02:20', 3, 4, 1),
(119, 487, '2024-01-16 02:02:15', 3, 4, 1),
(119, 488, '2024-01-16 02:02:15', 3, 4, 1),
(121, 6, '2024-01-26 12:19:47', 3, 4, 1),
(121, 7, '2024-01-26 12:19:47', 3, 1, NULL),
(121, 10, '2024-01-26 12:19:47', 3, 4, 1),
(121, 365, '2024-01-26 12:19:47', 3, 4, 1),
(121, 366, '2024-01-26 12:19:47', 3, 4, 1),
(122, 6, '2024-01-15 03:59:45', 3, 4, 1),
(122, 7, '2024-01-15 03:59:45', 3, 1, NULL),
(122, 10, '2024-01-15 03:59:45', 3, 4, 1),
(122, 306, '2024-01-15 03:59:27', 3, 4, 1),
(122, 307, '2024-01-15 03:59:27', 3, 4, 1),
(122, 308, '2024-01-15 03:58:18', 3, 4, 1),
(122, 309, '2024-01-15 03:58:18', 3, 4, 1),
(122, 310, '2024-01-15 03:59:45', 3, 4, 1),
(122, 311, '2024-01-15 03:59:45', 3, 4, 1),
(123, 6, '2024-02-12 02:06:58', 3, 4, 1),
(123, 7, '2024-02-12 02:06:58', 3, 1, NULL),
(123, 10, '2024-02-12 02:06:58', 3, 4, 1),
(123, 151, '2024-02-12 02:06:58', 3, 4, 1),
(123, 152, '2024-02-12 02:06:58', 3, 4, 1),
(123, 365, '2024-01-26 12:21:05', 3, 4, 1),
(123, 366, '2024-01-26 12:21:05', 3, 4, 1),
(124, 6, '2024-11-08 10:56:16', 3, 4, 1),
(124, 7, '2024-11-08 10:56:16', 3, 1, NULL),
(124, 10, '2024-11-08 10:56:16', 3, 4, 1),
(124, 145, '2024-11-08 10:42:57', 3, 4, 1),
(124, 146, '2024-11-08 10:42:57', 3, 4, 1),
(124, 151, '2024-11-08 10:56:16', 3, 4, 1),
(124, 152, '2024-11-08 10:56:16', 3, 4, 1),
(125, 6, '2024-02-21 12:24:35', 3, 4, 1),
(125, 7, '2024-02-21 12:24:35', 3, 2, 1),
(125, 10, '2024-02-21 12:24:35', 3, 4, 1),
(125, 100, '2024-10-06 02:53:27', 3, 4, 1),
(125, 101, '2024-10-06 02:53:27', 3, 4, 1),
(125, 435, '2024-02-21 12:24:35', 3, 4, 1),
(125, 436, '2024-02-21 12:24:35', 3, 4, 1),
(126, 6, '2024-02-21 12:24:51', 3, 4, 1),
(126, 7, '2024-02-21 12:24:51', 3, 2, 1),
(126, 10, '2024-02-21 12:24:51', 3, 4, 1),
(126, 44, '2024-10-17 09:32:50', 3, 4, 1),
(126, 45, '2024-10-17 09:32:50', 3, 4, 1),
(126, 48, '2024-10-17 09:32:32', 3, 4, 1),
(126, 49, '2024-10-17 09:32:32', 3, 4, 1),
(126, 78, '2024-10-17 08:44:10', 3, 4, 1),
(126, 79, '2024-10-17 08:44:10', 3, 4, 1),
(126, 80, '2024-10-17 08:44:31', 3, 4, 1),
(126, 81, '2024-10-17 08:44:31', 3, 4, 1),
(126, 82, '2024-11-14 12:15:06', 3, 4, 1),
(126, 83, '2024-11-14 12:15:06', 3, 4, 1),
(126, 84, '2024-10-17 09:29:44', 3, 4, 1),
(126, 85, '2024-10-17 09:29:44', 3, 4, 1),
(126, 86, '2024-11-14 12:15:21', 3, 4, 1),
(126, 87, '2024-11-14 12:15:21', 3, 4, 1),
(126, 479, '2024-01-16 01:56:10', 3, 4, 1),
(126, 480, '2024-01-16 01:56:10', 3, 4, 1),
(126, 481, '2024-01-16 01:57:10', 3, 4, 1),
(126, 482, '2024-01-16 01:57:10', 3, 4, 1),
(126, 485, '2024-01-16 01:57:04', 3, 4, 1),
(126, 486, '2024-01-16 01:57:04', 3, 4, 1),
(126, 487, '2024-01-16 01:56:54', 3, 4, 1),
(126, 488, '2024-01-16 01:56:54', 3, 4, 1),
(126, 493, '2024-02-21 12:24:51', 3, 4, 1),
(126, 494, '2024-02-21 12:24:51', 3, 4, 1),
(126, 497, '2024-01-16 01:56:02', 3, 4, 1),
(126, 498, '2024-01-16 01:56:02', 3, 4, 1),
(128, 6, '2024-02-21 12:25:05', 3, 4, 1),
(128, 7, '2024-02-21 12:25:05', 3, 2, 1),
(128, 10, '2024-02-21 12:25:05', 3, 4, 1),
(128, 60, '2024-09-22 02:41:46', 3, 4, 1),
(128, 61, '2024-09-22 02:41:46', 3, 4, 1),
(128, 120, '2024-10-19 02:11:16', 3, 4, 1),
(128, 121, '2024-10-19 02:11:16', 3, 4, 1),
(128, 316, '2024-02-21 12:25:05', 3, 4, 1),
(128, 317, '2024-02-21 12:25:05', 3, 4, 1),
(128, 324, '2024-06-28 11:29:53', 3, 4, 1),
(128, 325, '2024-06-28 11:29:53', 3, 4, 1),
(128, 433, '2024-06-28 11:29:06', 3, 4, 1),
(128, 434, '2024-06-28 11:29:06', 3, 4, 1),
(129, 6, '2024-11-14 12:16:35', 3, 4, 1),
(129, 7, '2024-11-14 12:16:35', 3, 1, NULL),
(129, 10, '2024-11-14 12:16:35', 3, 4, 1),
(129, 78, '2024-09-25 02:23:48', 3, 4, 1),
(129, 79, '2024-09-25 02:23:48', 3, 4, 1),
(129, 80, '2024-09-25 02:24:20', 3, 4, 1),
(129, 81, '2024-09-25 02:24:20', 3, 4, 1),
(129, 82, '2024-11-14 12:16:35', 3, 4, 1),
(129, 83, '2024-11-14 12:16:35', 3, 4, 1),
(129, 84, '2024-09-25 02:46:49', 3, 4, 1),
(129, 85, '2024-09-25 02:46:49', 3, 4, 1),
(129, 86, '2024-09-25 02:49:56', 3, 4, 1),
(129, 87, '2024-09-25 02:49:56', 3, 4, 1),
(132, 6, '2024-02-21 12:25:47', 3, 4, 1),
(132, 7, '2024-02-21 12:25:47', 3, 3, 1),
(132, 10, '2024-02-21 12:25:47', 3, 4, 1),
(132, 48, '2024-09-26 12:15:23', 3, 4, 1),
(132, 49, '2024-09-26 12:15:23', 3, 4, 1),
(132, 76, '2024-11-16 02:25:05', 3, 4, 1),
(132, 77, '2024-11-16 02:25:05', 3, 4, 1),
(132, 78, '2024-11-14 12:17:30', 3, 4, 1),
(132, 79, '2024-11-14 12:17:30', 3, 4, 1),
(132, 80, '2024-09-26 12:08:49', 3, 4, 1),
(132, 81, '2024-09-26 12:08:49', 3, 4, 1),
(132, 84, '2024-11-16 10:28:24', 3, 4, 1),
(132, 85, '2024-11-16 10:28:24', 3, 4, 1),
(132, 86, '2024-09-26 12:19:59', 3, 4, 1),
(132, 87, '2024-09-26 12:19:59', 3, 4, 1),
(132, 114, '2024-10-20 09:15:14', 3, 4, 1),
(132, 115, '2024-10-20 09:15:14', 3, 1, 2),
(132, 481, '2024-02-21 12:25:47', 3, 4, 1),
(132, 482, '2024-02-21 12:25:47', 3, 4, 1),
(132, 485, '2024-01-16 01:52:44', 3, 4, 1),
(132, 486, '2024-01-16 01:52:44', 3, 4, 1),
(132, 487, '2024-01-16 01:52:38', 3, 4, 1),
(132, 488, '2024-01-16 01:52:38', 3, 4, 1),
(133, 6, '2024-02-21 12:26:02', 3, 4, 1),
(133, 7, '2024-02-21 12:26:02', 3, 2, 1),
(133, 10, '2024-02-21 12:26:02', 3, 4, 1),
(133, 489, '2024-02-21 12:26:02', 3, 4, 1),
(133, 490, '2024-02-21 12:26:02', 3, 4, 1),
(134, 6, '2024-01-24 03:35:17', 3, 4, 1),
(134, 7, '2024-01-24 03:35:17', 3, 1, NULL),
(134, 10, '2024-01-24 03:35:17', 3, 4, 1),
(134, 155, '2024-12-19 11:20:36', 3, 4, 3),
(134, 156, '2024-12-19 11:20:36', 3, 4, 3),
(134, 157, '2024-01-10 03:26:18', 3, 4, 1),
(134, 158, '2024-01-10 03:26:18', 3, 4, 1),
(134, 300, '2024-12-18 02:53:06', 3, 4, 1),
(134, 301, '2024-12-18 02:53:06', 3, 4, 1),
(134, 343, '2024-01-24 10:47:12', 3, 4, 1),
(134, 344, '2024-01-24 10:47:12', 3, 4, 1),
(134, 347, '2024-01-24 10:46:54', 3, 4, 1),
(134, 348, '2024-01-24 10:46:54', 3, 4, 1),
(134, 349, '2024-01-24 10:45:10', 3, 4, 1),
(134, 350, '2024-01-24 10:45:10', 3, 4, 1),
(134, 355, '2024-01-24 03:34:31', 3, 4, 1),
(134, 356, '2024-01-24 03:34:31', 3, 4, 1),
(134, 357, '2024-01-24 03:35:17', 3, 4, 1),
(134, 358, '2024-01-24 03:35:17', 3, 4, 1),
(134, 359, '2024-01-24 03:34:47', 3, 4, 1),
(134, 360, '2024-01-24 03:34:47', 3, 4, 1),
(134, 361, '2024-01-24 03:35:02', 3, 4, 1),
(134, 362, '2024-01-24 03:35:02', 3, 4, 1),
(136, 6, '2024-11-24 04:06:58', 3, 1, NULL),
(136, 7, '2024-11-24 04:06:58', 3, 1, 2),
(136, 461, '2024-07-27 12:24:16', 3, 1, NULL),
(136, 462, '2024-07-27 12:24:16', 3, 1, NULL),
(136, 463, '2024-07-27 12:24:16', 3, 1, NULL),
(136, 464, '2024-07-27 01:48:17', 3, 1, NULL),
(136, 465, '2024-07-27 01:48:17', 3, 2, 1),
(136, 466, '2024-07-27 01:48:17', 3, 1, NULL),
(136, 467, '2024-07-27 01:48:17', 3, 1, NULL),
(136, 468, '2024-07-27 01:48:17', 3, 1, NULL),
(136, 469, '2024-07-27 01:48:17', 3, 3, 1),
(136, 470, '2024-07-27 01:48:17', 3, 1, NULL),
(136, 471, '2024-11-24 04:06:58', 3, 2, 1),
(136, 472, '2024-11-24 04:06:58', 3, 1, NULL),
(136, 473, '2024-11-24 04:06:58', 3, 1, NULL),
(136, 474, '2024-11-24 04:06:58', 3, 4, 1),
(136, 475, '2024-11-24 04:06:58', 3, 1, NULL),
(136, 476, '2024-11-24 04:06:58', 3, 2, 1),
(139, 6, '2024-01-10 02:01:04', 3, 4, 1),
(139, 7, '2024-01-10 02:01:04', 3, 1, NULL),
(139, 10, '2024-01-10 02:01:04', 3, 4, 1),
(139, 124, '2024-11-07 02:08:05', 3, 4, 1),
(139, 125, '2024-11-07 02:08:05', 3, 4, 1),
(139, 126, '2024-12-14 02:54:12', 3, 4, 1),
(139, 127, '2024-12-14 02:54:12', 3, 3, 4),
(139, 128, '2024-12-14 02:57:37', 3, 4, 1),
(139, 129, '2024-12-14 02:57:37', 3, 3, 4),
(139, 130, '2024-12-06 03:18:27', 3, 4, 1),
(139, 131, '2024-12-06 03:18:27', 3, 4, 1),
(139, 132, '2024-11-07 04:56:28', 3, 4, 1),
(139, 133, '2024-11-07 04:56:28', 3, 4, 1),
(139, 149, '2024-01-10 01:58:55', 3, 4, 1),
(139, 150, '2024-01-10 01:58:55', 3, 4, 1),
(139, 151, '2024-01-10 02:01:04', 3, 4, 1),
(139, 152, '2024-01-10 02:01:04', 3, 4, 1),
(140, 6, '2024-02-12 03:51:59', 3, 4, 1),
(140, 7, '2024-02-12 03:51:59', 3, 1, NULL),
(140, 10, '2024-02-12 03:51:59', 3, 4, 1),
(140, 151, '2024-02-12 03:51:59', 3, 4, 1),
(140, 152, '2024-02-12 03:51:59', 3, 4, 1),
(140, 369, '2024-01-26 12:28:37', 3, 4, 1),
(140, 370, '2024-01-26 12:28:37', 3, 4, 1),
(141, 6, '2024-11-07 04:55:48', 3, 4, 1),
(141, 7, '2024-11-07 04:55:48', 3, 1, NULL),
(141, 10, '2024-11-07 04:55:48', 3, 4, 1),
(141, 132, '2024-11-07 04:55:48', 3, 4, 1),
(141, 133, '2024-11-07 04:55:48', 3, 3, 1),
(144, 6, '2024-05-11 12:05:18', 3, 4, 1),
(144, 7, '2024-05-11 12:05:18', 3, 1, NULL),
(144, 10, '2024-05-11 12:05:18', 3, 4, 1),
(144, 306, '2024-05-11 12:03:05', 3, 4, 1),
(144, 307, '2024-05-11 12:03:05', 3, 4, 1),
(144, 308, '2024-05-11 12:05:18', 3, 4, 1),
(144, 309, '2024-05-11 12:05:18', 3, 4, 1),
(145, 6, '2024-01-24 03:49:22', 3, 4, 1),
(145, 7, '2024-01-24 03:49:22', 3, 1, NULL),
(145, 10, '2024-01-24 03:49:22', 3, 4, 1),
(145, 147, '2024-12-18 02:37:16', 3, 4, 1),
(145, 148, '2024-12-18 02:37:16', 3, 4, 1),
(145, 343, '2024-01-24 11:01:34', 3, 4, 1),
(145, 344, '2024-01-24 11:01:34', 3, 4, 1),
(145, 347, '2024-01-24 11:00:56', 3, 4, 1),
(145, 348, '2024-01-24 11:00:56', 3, 4, 1),
(145, 349, '2024-01-24 11:00:38', 3, 4, 1),
(145, 350, '2024-01-24 11:00:38', 3, 4, 1),
(145, 355, '2024-01-24 03:47:50', 3, 4, 1),
(145, 356, '2024-01-24 03:47:50', 3, 4, 1),
(145, 357, '2024-01-24 03:49:22', 3, 4, 1),
(145, 358, '2024-01-24 03:49:22', 3, 4, 1),
(145, 359, '2024-01-24 03:48:10', 3, 4, 1),
(145, 360, '2024-01-24 03:48:10', 3, 4, 1),
(145, 361, '2024-01-24 03:48:27', 3, 4, 1),
(145, 362, '2024-01-24 03:48:27', 3, 4, 1),
(146, 6, '2024-05-11 02:44:20', 3, 4, 1),
(146, 7, '2024-05-11 02:44:20', 3, 1, NULL),
(146, 10, '2024-05-11 02:44:20', 3, 4, 1),
(146, 126, '2024-05-11 01:52:26', 3, 4, 3),
(146, 127, '2024-05-11 01:52:26', 3, 4, 3),
(146, 128, '2024-12-06 03:21:03', 3, 4, 1),
(146, 129, '2024-12-06 03:21:03', 3, 4, 1),
(146, 130, '2024-02-12 03:27:38', 3, 4, 1),
(146, 131, '2024-02-12 03:27:38', 3, 4, 3),
(146, 147, '2024-02-12 03:29:00', 3, 4, 1),
(146, 148, '2024-02-12 03:29:00', 3, 4, 1),
(146, 153, '2024-05-11 02:44:20', 3, 4, 1),
(146, 154, '2024-05-11 02:44:20', 3, 4, 1),
(148, 6, '2024-02-21 12:26:15', 3, 4, 1),
(148, 7, '2024-02-21 12:26:15', 3, 2, 1),
(148, 10, '2024-02-21 12:26:15', 3, 4, 1),
(148, 316, '2024-02-21 12:26:15', 3, 4, 1),
(148, 317, '2024-02-21 12:26:15', 3, 4, 1),
(148, 322, '2024-06-28 11:37:28', 3, 4, 1),
(148, 323, '2024-06-28 11:37:28', 3, 4, 1),
(148, 437, '2024-06-28 11:37:02', 3, 4, 1),
(148, 438, '2024-06-28 11:37:02', 3, 4, 1),
(150, 6, '2024-02-21 01:35:16', 3, 4, 1),
(150, 7, '2024-02-21 01:35:16', 3, 2, 1),
(150, 10, '2024-02-21 01:35:16', 3, 4, 1),
(150, 82, '2024-11-20 01:41:08', 3, 4, 1),
(150, 83, '2024-11-20 01:41:08', 3, 4, 1),
(150, 114, '2024-10-16 03:52:27', 3, 4, 1),
(150, 115, '2024-10-16 03:52:28', 3, 4, 1),
(150, 481, '2024-02-21 01:35:16', 3, 4, 1),
(150, 482, '2024-02-21 01:35:16', 3, 4, 1),
(150, 485, '2024-01-16 12:24:39', 3, 4, 1),
(150, 486, '2024-01-16 12:24:39', 3, 4, 1),
(150, 487, '2024-01-16 12:24:53', 3, 4, 1),
(150, 488, '2024-01-16 12:24:53', 3, 4, 1),
(152, 6, '2024-01-23 11:54:54', 3, 4, 1),
(152, 7, '2024-01-23 11:54:54', 3, 1, NULL),
(152, 10, '2024-01-23 11:54:54', 3, 4, 1),
(152, 163, '2024-01-12 10:25:43', 3, 4, 1),
(152, 164, '2024-01-12 10:25:43', 3, 4, 1),
(152, 165, '2024-01-12 10:25:19', 3, 4, 1),
(152, 166, '2024-01-12 10:25:19', 3, 4, 1),
(152, 330, '2024-01-12 10:35:59', 3, 4, 1),
(152, 331, '2024-01-12 10:35:59', 3, 4, 1),
(152, 341, '2024-01-23 11:54:54', 3, 4, 1),
(152, 342, '2024-01-23 11:54:54', 3, 4, 1),
(153, 6, '2024-01-24 03:38:13', 3, 4, 1),
(153, 7, '2024-01-24 03:38:13', 3, 1, NULL),
(153, 10, '2024-01-24 03:38:13', 3, 4, 1),
(153, 155, '2024-12-19 11:20:01', 3, 4, 1),
(153, 156, '2024-12-19 11:20:01', 3, 3, 1),
(153, 343, '2024-01-24 10:51:08', 3, 4, 1),
(153, 344, '2024-01-24 10:51:08', 3, 4, 1),
(153, 347, '2024-01-24 10:50:52', 3, 4, 1),
(153, 348, '2024-01-24 10:50:52', 3, 4, 1),
(153, 349, '2024-01-24 10:50:01', 3, 4, 1),
(153, 350, '2024-01-24 10:50:01', 3, 4, 1),
(153, 355, '2024-01-24 03:37:25', 3, 4, 1),
(153, 356, '2024-01-24 03:37:25', 3, 4, 1),
(153, 357, '2024-01-24 03:38:13', 3, 4, 1),
(153, 358, '2024-01-24 03:38:13', 3, 4, 1),
(153, 359, '2024-01-24 03:37:41', 3, 4, 1),
(153, 360, '2024-01-24 03:37:41', 3, 4, 1),
(153, 361, '2024-01-24 03:37:58', 3, 4, 1),
(153, 362, '2024-01-24 03:37:58', 3, 4, 1),
(155, 6, '2024-04-24 03:10:41', 3, 1, NULL),
(155, 7, '2024-04-24 03:10:41', 3, 1, NULL),
(155, 383, '2024-04-24 03:10:40', 3, 2, 1),
(155, 389, '2024-04-24 03:10:41', 3, 1, NULL),
(155, 390, '2024-04-24 03:10:41', 3, 1, NULL),
(155, 391, '2024-04-24 03:10:40', 3, 1, NULL),
(155, 392, '2024-04-24 03:10:41', 3, 3, 1),
(155, 393, '2024-04-24 03:10:40', 3, 3, 1),
(156, 6, '2024-01-26 01:27:30', 3, 4, 1),
(156, 7, '2024-01-26 01:27:30', 3, 1, NULL),
(156, 10, '2024-01-26 01:27:30', 3, 4, 1),
(156, 165, '2024-01-15 03:47:48', 3, 4, 1),
(156, 166, '2024-01-15 03:47:48', 3, 4, 1),
(156, 334, '2024-01-15 03:48:17', 3, 4, 1),
(156, 335, '2024-01-15 03:48:17', 3, 4, 1),
(156, 373, '2024-01-26 01:27:30', 3, 4, 1),
(156, 374, '2024-01-26 01:27:30', 3, 4, 1),
(158, 6, '2024-11-18 10:48:27', 3, 4, 1),
(158, 7, '2024-11-18 10:48:27', 3, 2, 1),
(158, 10, '2024-11-18 10:48:27', 3, 3, 1),
(158, 38, '2024-11-18 10:48:27', 3, 4, 1),
(158, 39, '2024-11-18 10:48:27', 3, 4, 1),
(158, 108, '2024-10-12 12:31:21', 3, 4, 1),
(158, 109, '2024-10-12 12:31:21', 3, 4, 1),
(160, 6, '2024-02-21 01:35:49', 3, 4, 1),
(160, 7, '2024-02-21 01:35:49', 3, 2, 1),
(160, 10, '2024-02-21 01:35:49', 3, 3, 1),
(160, 44, '2024-10-20 11:02:44', 3, 1, NULL),
(160, 45, '2024-10-20 11:02:44', 3, 1, NULL),
(160, 78, '2024-11-14 12:18:17', 3, 4, 1),
(160, 79, '2024-11-14 12:18:17', 3, 4, 1),
(160, 80, '2024-09-26 12:07:53', 3, 4, 1),
(160, 81, '2024-09-26 12:07:53', 3, 4, 1),
(160, 82, '2024-02-21 01:35:49', 3, 4, 1),
(160, 83, '2024-02-21 01:35:49', 3, 1, NULL),
(160, 84, '2024-10-20 11:15:08', 3, 4, 1),
(160, 85, '2024-10-20 11:15:08', 3, 1, 4),
(160, 86, '2024-10-20 10:22:31', 3, 4, 1),
(160, 87, '2024-10-20 10:22:31', 3, 1, NULL),
(160, 479, '2024-01-16 12:23:37', 3, 4, 1),
(160, 480, '2024-01-16 12:23:37', 3, 4, 1),
(161, 6, '2024-09-10 03:28:43', 3, 4, 1),
(161, 7, '2024-09-10 03:28:43', 3, 1, NULL),
(161, 10, '2024-09-10 03:28:43', 3, 4, 1),
(161, 310, '2024-09-10 03:28:43', 3, 4, 1),
(161, 311, '2024-09-10 03:28:43', 3, 4, 1),
(162, 6, '2024-02-21 01:36:27', 3, 4, 1),
(162, 7, '2024-02-21 01:36:27', 3, 2, 1),
(162, 10, '2024-02-21 01:36:27', 3, 4, 1),
(162, 489, '2024-02-21 01:36:27', 3, 4, 1),
(162, 490, '2024-02-21 01:36:27', 3, 4, 1),
(163, 6, '2024-09-10 02:36:13', 3, 4, 1),
(163, 7, '2024-09-10 02:36:13', 3, 1, NULL),
(163, 10, '2024-09-10 02:36:13', 3, 3, 4),
(163, 296, '2024-12-14 02:20:23', 3, 4, 1),
(163, 297, '2024-12-14 02:20:23', 3, 4, 1),
(163, 343, '2024-09-10 02:35:50', 3, 3, 4),
(163, 344, '2024-09-10 02:35:50', 3, 2, 4),
(163, 347, '2024-09-10 02:36:13', 3, 3, 4),
(163, 348, '2024-09-10 02:36:13', 3, 2, 4),
(163, 349, '2024-09-10 02:35:36', 3, 3, 4),
(163, 350, '2024-09-10 02:35:36', 3, 2, 4),
(163, 355, '2024-09-10 02:34:55', 3, 3, 4),
(163, 356, '2024-09-10 02:34:55', 3, 2, 4),
(163, 357, '2024-09-10 02:35:26', 3, 3, 4),
(163, 358, '2024-09-10 02:35:26', 3, 2, 4),
(163, 359, '2024-09-10 02:36:03', 3, 3, 4),
(163, 360, '2024-09-10 02:36:03', 3, 2, 4),
(163, 361, '2024-09-10 02:35:06', 3, 3, 4),
(163, 362, '2024-09-10 02:35:06', 3, 2, 4),
(163, 477, '2024-09-06 04:32:56', 3, 3, 1),
(163, 478, '2024-09-06 04:32:56', 3, 4, 1),
(164, 208, '2024-01-17 03:17:02', 3, 4, 1),
(164, 209, '2024-01-17 03:17:02', 3, 4, 1),
(164, 210, '2024-01-17 03:17:02', 3, 4, 1),
(164, 211, '2024-01-17 03:17:02', 3, 3, 1),
(164, 212, '2024-01-17 03:17:02', 3, 4, 1),
(164, 213, '2024-01-17 03:17:02', 3, 4, 1),
(164, 214, '2024-01-17 03:17:02', 3, 3, 1),
(166, 6, '2024-02-21 01:36:51', 3, 4, 1),
(166, 7, '2024-02-21 01:36:51', 3, 2, 1),
(166, 10, '2024-02-21 01:36:51', 3, 4, 1),
(166, 316, '2024-02-21 01:36:51', 3, 4, 1),
(166, 317, '2024-02-21 01:36:51', 3, 4, 1),
(166, 322, '2024-06-28 11:39:07', 3, 4, 1);
INSERT INTO `assessment` (`id_employee`, `id_skill`, `assessment_date`, `assessed_by`, `assessed_level`, `previous_level`) VALUES
(166, 323, '2024-06-28 11:39:07', 3, 4, 1),
(166, 437, '2024-06-28 11:38:35', 3, 4, 1),
(166, 438, '2024-06-28 11:38:35', 3, 4, 1),
(167, 6, '2024-02-21 01:37:58', 3, 4, 1),
(167, 7, '2024-02-21 01:37:58', 3, 2, 1),
(167, 10, '2024-02-21 01:37:58', 3, 4, 1),
(167, 72, '2024-11-14 12:19:19', 3, 4, 1),
(167, 73, '2024-11-14 12:19:19', 3, 4, 1),
(167, 481, '2024-02-21 01:37:58', 3, 4, 1),
(167, 482, '2024-02-21 01:37:58', 3, 4, 1),
(167, 485, '2024-01-16 12:29:11', 3, 4, 1),
(167, 486, '2024-01-16 12:29:11', 3, 4, 1),
(167, 487, '2024-01-16 12:29:03', 3, 4, 1),
(167, 488, '2024-01-16 12:29:03', 3, 4, 1),
(171, 6, '2024-11-14 12:24:29', 3, 4, 1),
(171, 7, '2024-11-14 12:24:29', 3, 1, NULL),
(171, 10, '2024-11-14 12:24:29', 3, 4, 1),
(171, 44, '2024-09-25 02:32:17', 3, 2, 1),
(171, 45, '2024-09-25 02:32:17', 3, 2, 1),
(171, 48, '2024-09-25 02:35:22', 3, 2, 1),
(171, 49, '2024-09-25 02:35:22', 3, 2, 1),
(171, 76, '2024-09-25 02:13:11', 3, 4, 1),
(171, 77, '2024-09-25 02:13:11', 3, 4, 1),
(171, 82, '2024-11-14 12:24:29', 3, 3, 2),
(171, 83, '2024-11-14 12:24:29', 3, 2, 1),
(172, 6, '2024-02-21 01:38:15', 3, 4, 1),
(172, 7, '2024-02-21 01:38:15', 3, 3, 1),
(172, 10, '2024-02-21 01:38:15', 3, 4, 1),
(172, 98, '2024-10-12 01:33:06', 3, 4, 1),
(172, 99, '2024-10-12 01:33:06', 3, 4, 1),
(172, 104, '2024-10-12 01:34:53', 3, 4, 1),
(172, 105, '2024-10-12 01:34:53', 3, 4, 1),
(172, 110, '2024-02-21 01:38:15', 3, 4, 1),
(172, 111, '2024-02-21 01:38:15', 3, 4, 1),
(176, 6, '2024-05-14 04:03:43', 3, 4, 1),
(176, 7, '2024-05-14 04:03:43', 3, 1, NULL),
(176, 10, '2024-05-14 04:03:42', 3, 4, 1),
(176, 306, '2024-01-15 03:57:33', 3, 4, 1),
(176, 307, '2024-01-15 03:57:33', 3, 4, 1),
(176, 308, '2024-05-14 04:03:42', 3, 4, 1),
(176, 309, '2024-05-14 04:03:42', 3, 4, 1),
(178, 6, '2024-02-21 01:39:14', 3, 4, 1),
(178, 7, '2024-02-21 01:39:14', 3, 2, 1),
(178, 10, '2024-02-21 01:39:14', 3, 3, 1),
(178, 48, '2024-09-25 02:42:10', 3, 1, NULL),
(178, 49, '2024-09-25 02:42:10', 3, 1, NULL),
(178, 74, '2024-11-14 12:25:23', 3, 4, 1),
(178, 75, '2024-11-14 12:25:23', 3, 4, 1),
(178, 76, '2024-09-25 02:13:59', 3, 4, 1),
(178, 77, '2024-09-25 02:13:59', 3, 4, 1),
(178, 88, '2024-09-25 02:57:40', 3, 4, 1),
(178, 89, '2024-09-25 02:57:40', 3, 4, 1),
(178, 481, '2024-02-21 01:39:14', 3, 4, 1),
(178, 482, '2024-02-21 01:39:14', 3, 4, 1),
(178, 485, '2024-01-16 01:43:09', 3, 4, 1),
(178, 486, '2024-01-16 01:43:09', 3, 4, 1),
(178, 487, '2024-01-16 01:43:03', 3, 4, 1),
(178, 488, '2024-01-16 01:43:03', 3, 4, 1),
(179, 6, '2024-05-02 04:59:47', 3, 3, 1),
(179, 7, '2024-05-02 04:59:47', 3, 3, 1),
(179, 406, '2024-05-02 04:59:47', 3, 4, 1),
(179, 407, '2024-05-02 04:59:47', 3, 4, 1),
(179, 408, '2024-05-02 04:59:47', 3, 1, NULL),
(179, 409, '2024-05-02 04:59:47', 3, 4, 1),
(180, 6, '2024-02-21 01:39:47', 3, 4, 1),
(180, 7, '2024-02-21 01:39:47', 3, 2, 1),
(180, 10, '2024-02-21 01:39:47', 3, 3, 1),
(180, 46, '2024-02-12 02:31:45', 3, 4, 1),
(180, 47, '2024-02-12 02:31:45', 3, 4, 1),
(180, 48, '2024-09-19 12:17:36', 3, 4, 1),
(180, 49, '2024-09-19 12:17:36', 3, 4, 1),
(180, 78, '2024-09-26 10:10:17', 3, 4, 1),
(180, 79, '2024-09-26 10:10:17', 3, 4, 1),
(180, 80, '2024-11-14 12:25:49', 3, 4, 1),
(180, 81, '2024-11-14 12:25:49', 3, 4, 1),
(180, 481, '2024-02-21 01:39:47', 3, 4, 1),
(180, 482, '2024-02-21 01:39:47', 3, 4, 1),
(180, 485, '2024-01-16 12:25:56', 3, 4, 1),
(180, 486, '2024-01-16 12:25:56', 3, 4, 1),
(180, 487, '2024-01-16 12:25:50', 3, 4, 1),
(180, 488, '2024-01-16 12:25:50', 3, 4, 1),
(180, 497, '2024-01-16 12:26:47', 3, 4, 1),
(180, 498, '2024-01-16 12:26:47', 3, 4, 1),
(181, 6, '2024-02-19 09:21:00', 3, 4, 1),
(181, 7, '2024-02-19 09:21:00', 3, 1, NULL),
(181, 10, '2024-02-19 09:21:00', 3, 4, 1),
(181, 306, '2024-01-08 02:47:23', 3, 1, NULL),
(181, 307, '2024-01-08 02:47:23', 3, 1, NULL),
(181, 310, '2024-02-19 09:21:00', 3, 4, 1),
(181, 311, '2024-02-19 09:21:00', 3, 3, 1),
(182, 6, '2024-02-12 02:01:54', 3, 4, 1),
(182, 7, '2024-02-12 02:01:54', 3, 1, NULL),
(182, 10, '2024-02-12 02:01:54', 3, 4, 1),
(182, 151, '2024-02-12 02:01:54', 3, 4, 1),
(182, 152, '2024-02-12 02:01:54', 3, 4, 1),
(182, 296, '2024-12-14 02:25:08', 3, 4, 1),
(182, 297, '2024-12-14 02:25:08', 3, 4, 1),
(182, 298, '2024-12-14 02:36:35', 3, 4, 1),
(182, 299, '2024-12-14 02:36:35', 3, 4, 1),
(182, 341, '2024-01-23 11:55:51', 3, 4, 1),
(182, 342, '2024-01-23 11:55:51', 3, 4, 1),
(182, 343, '2024-01-24 10:41:37', 3, 4, 1),
(182, 344, '2024-01-24 10:41:37', 3, 4, 1),
(182, 347, '2024-01-24 10:41:20', 3, 4, 1),
(182, 348, '2024-01-24 10:41:20', 3, 4, 1),
(182, 349, '2024-01-24 10:41:06', 3, 4, 1),
(182, 350, '2024-01-24 10:41:06', 3, 4, 1),
(182, 355, '2024-01-24 03:31:38', 3, 4, 1),
(182, 356, '2024-01-24 03:31:38', 3, 4, 1),
(182, 357, '2024-01-24 03:32:46', 3, 4, 1),
(182, 358, '2024-01-24 03:32:46', 3, 4, 1),
(182, 359, '2024-01-24 03:32:09', 3, 4, 1),
(182, 360, '2024-01-24 03:32:09', 3, 4, 1),
(182, 361, '2024-01-24 03:32:31', 3, 4, 1),
(182, 362, '2024-01-24 03:32:31', 3, 4, 1),
(182, 365, '2024-01-26 12:19:11', 3, 4, 1),
(182, 366, '2024-01-26 12:19:11', 3, 4, 1),
(184, 6, '2024-02-20 12:04:06', 3, 4, 1),
(184, 7, '2024-02-20 12:04:06', 3, 3, 1),
(184, 383, '2024-02-20 12:04:06', 3, 4, 1),
(184, 384, '2024-02-20 12:04:06', 3, 4, 1),
(184, 385, '2024-02-20 12:04:06', 3, 4, 1),
(184, 386, '2024-02-20 12:04:06', 3, 4, 1),
(184, 387, '2024-02-20 12:04:06', 3, 4, 1),
(184, 388, '2024-02-20 12:04:06', 3, 4, 1),
(184, 499, '2024-02-20 12:04:06', 3, 1, NULL),
(184, 500, '2024-02-20 12:04:06', 3, 4, 1),
(185, 6, '2024-05-02 04:57:47', 3, 3, 1),
(185, 7, '2024-05-02 04:57:47', 3, 3, 1),
(185, 406, '2024-05-02 04:57:47', 3, 4, 1),
(185, 407, '2024-05-02 04:57:47', 3, 3, 1),
(185, 408, '2024-05-02 04:57:47', 3, 5, 1),
(185, 409, '2024-05-02 04:57:47', 3, 1, NULL),
(189, 6, '2024-02-21 01:40:30', 3, 4, 1),
(189, 7, '2024-02-21 01:40:30', 3, 2, 1),
(189, 10, '2024-02-21 01:40:30', 3, 4, 1),
(189, 24, '2024-02-21 01:40:30', 3, 4, 1),
(189, 25, '2024-02-21 01:40:30', 3, 4, 1),
(189, 40, '2024-09-18 05:24:37', 3, 4, 1),
(189, 41, '2024-09-18 05:24:37', 3, 4, 1),
(189, 42, '2024-09-25 04:14:55', 3, 1, NULL),
(189, 43, '2024-09-25 04:14:55', 3, 1, NULL),
(189, 92, '2024-09-26 10:16:48', 3, 4, 1),
(189, 93, '2024-09-26 10:16:48', 3, 4, 1),
(190, 6, '2024-05-02 05:35:20', 3, 4, 1),
(190, 7, '2024-05-02 05:35:20', 3, 2, 1),
(190, 417, '2024-05-02 05:33:33', 3, 5, 1),
(190, 418, '2024-05-02 05:33:33', 3, 5, 1),
(190, 419, '2024-05-02 05:33:33', 3, 5, 1),
(190, 420, '2024-05-02 05:34:28', 3, 4, 1),
(190, 421, '2024-05-02 05:34:28', 3, 4, 1),
(190, 422, '2024-05-02 05:34:28', 3, 4, 1),
(190, 423, '2024-05-02 05:34:28', 3, 5, 1),
(190, 424, '2024-05-02 05:35:20', 3, 4, 1),
(190, 425, '2024-05-02 05:35:20', 3, 3, 1),
(190, 426, '2024-05-02 05:35:20', 3, 5, 1),
(191, 6, '2024-01-26 12:29:19', 3, 4, 1),
(191, 7, '2024-01-26 12:29:19', 3, 1, NULL),
(191, 10, '2024-01-26 12:29:19', 3, 4, 1),
(191, 369, '2024-01-26 12:29:19', 3, 4, 1),
(191, 370, '2024-01-26 12:29:19', 3, 4, 1),
(194, 6, '2024-02-12 03:10:34', 3, 4, 1),
(194, 7, '2024-02-12 03:10:34', 3, 1, NULL),
(194, 10, '2024-02-12 03:10:34', 3, 4, 1),
(194, 138, '2024-11-07 05:05:58', 3, 4, 1),
(194, 139, '2024-11-07 05:05:58', 3, 4, 1),
(194, 165, '2024-02-12 03:10:34', 3, 4, 1),
(194, 166, '2024-02-12 03:10:34', 3, 4, 1),
(195, 6, '2024-02-21 01:40:49', 3, 4, 1),
(195, 7, '2024-02-21 01:40:49', 3, 2, 1),
(195, 10, '2024-02-21 01:40:49', 3, 4, 1),
(195, 322, '2024-02-21 01:40:49', 3, 4, 1),
(195, 323, '2024-02-21 01:40:49', 3, 4, 1),
(195, 437, '2024-06-28 10:51:57', 3, 4, 1),
(195, 438, '2024-06-28 10:51:57', 3, 4, 1),
(197, 6, '2024-01-15 04:03:09', 3, 4, 1),
(197, 7, '2024-01-15 04:03:09', 3, 1, NULL),
(197, 10, '2024-01-15 04:03:09', 3, 4, 1),
(197, 306, '2024-01-15 04:01:31', 3, 4, 1),
(197, 307, '2024-01-15 04:01:31', 3, 4, 1),
(197, 308, '2024-01-15 04:00:26', 3, 4, 1),
(197, 309, '2024-01-15 04:00:26', 3, 4, 1),
(197, 310, '2024-01-15 04:01:08', 3, 4, 1),
(197, 311, '2024-01-15 04:01:08', 3, 4, 1),
(197, 314, '2024-01-15 04:03:09', 3, 4, 1),
(197, 315, '2024-01-15 04:03:09', 3, 4, 1),
(198, 6, '2024-01-26 12:20:16', 3, 4, 1),
(198, 7, '2024-01-26 12:20:16', 3, 1, NULL),
(198, 10, '2024-01-26 12:20:16', 3, 4, 1),
(198, 151, '2024-01-04 03:02:42', 3, 4, 1),
(198, 152, '2024-01-04 03:02:42', 3, 4, 1),
(198, 365, '2024-01-26 12:20:16', 3, 4, 1),
(198, 366, '2024-01-26 12:20:16', 3, 4, 1),
(199, 6, '2024-02-15 11:54:50', 3, 4, 1),
(199, 7, '2024-02-15 11:54:50', 3, 2, 1),
(199, 461, '2024-07-27 12:24:59', 3, 3, 1),
(199, 462, '2024-07-27 12:24:59', 3, 2, 1),
(199, 463, '2024-07-27 12:24:59', 3, 2, 1),
(199, 464, '2024-02-15 11:54:50', 3, 1, NULL),
(199, 465, '2024-02-15 11:54:50', 3, 2, 1),
(199, 466, '2024-02-15 11:54:50', 3, 2, 1),
(199, 467, '2024-02-15 11:54:50', 3, 1, NULL),
(199, 468, '2024-02-15 11:54:50', 3, 1, NULL),
(199, 469, '2024-02-15 11:54:50', 3, 1, NULL),
(199, 470, '2024-02-15 11:54:50', 3, 1, NULL),
(199, 471, '2024-07-27 01:51:12', 3, 1, NULL),
(199, 472, '2024-07-27 01:51:12', 3, 4, 1),
(199, 473, '2024-07-27 01:51:12', 3, 4, 1),
(199, 474, '2024-07-27 01:51:12', 3, 1, NULL),
(199, 475, '2024-07-27 01:51:12', 3, 2, 1),
(199, 476, '2024-07-27 01:51:12', 3, 4, 1),
(200, 6, '2024-01-26 01:40:43', 3, 4, 1),
(200, 7, '2024-01-26 01:40:43', 3, 1, NULL),
(200, 10, '2024-01-26 01:40:43', 3, 4, 1),
(200, 163, '2024-11-24 12:08:02', 3, 4, 1),
(200, 164, '2024-11-24 12:08:02', 3, 4, 1),
(200, 165, '2024-11-24 12:18:08', 3, 4, 1),
(200, 166, '2024-11-24 12:18:08', 3, 4, 1),
(200, 375, '2024-01-26 01:40:43', 3, 4, 1),
(200, 376, '2024-01-26 01:40:43', 3, 4, 1),
(201, 6, '2024-11-18 10:51:41', 3, 4, 1),
(201, 7, '2024-11-18 10:51:41', 3, 2, 1),
(201, 10, '2024-11-18 10:51:41', 3, 3, 1),
(201, 38, '2024-11-18 10:51:41', 3, 4, 1),
(201, 39, '2024-11-18 10:51:41', 3, 4, 1),
(201, 108, '2024-10-19 02:36:52', 3, 4, 1),
(201, 109, '2024-10-19 02:36:52', 3, 4, 1),
(201, 118, '2024-11-02 04:21:05', 3, 4, 1),
(201, 119, '2024-11-02 04:21:05', 3, 4, 1),
(204, 170, '2024-11-28 12:17:55', 3, 1, NULL),
(204, 171, '2024-11-28 12:17:55', 3, 1, NULL),
(204, 172, '2024-11-28 12:17:55', 3, 1, NULL),
(204, 237, '2024-11-28 12:17:44', 3, 1, NULL),
(204, 238, '2024-11-28 12:17:44', 3, 1, NULL),
(204, 239, '2024-11-28 12:17:44', 3, 1, NULL),
(204, 240, '2024-11-28 12:17:44', 3, 1, NULL),
(204, 241, '2024-11-28 12:17:44', 3, 1, NULL),
(204, 242, '2024-11-28 12:17:44', 3, 1, NULL),
(204, 243, '2024-11-28 12:17:44', 3, 1, NULL),
(204, 244, '2024-11-28 12:17:44', 3, 1, NULL),
(204, 245, '2024-11-28 12:18:08', 3, 1, NULL),
(204, 246, '2024-11-28 12:18:08', 3, 1, NULL),
(204, 247, '2024-11-28 12:18:08', 3, 1, NULL),
(204, 248, '2024-11-28 12:18:08', 3, 1, NULL),
(204, 249, '2024-11-28 12:18:08', 3, 1, NULL),
(204, 250, '2024-11-28 12:18:08', 3, 1, NULL),
(204, 251, '2024-11-28 12:18:08', 3, 1, NULL),
(211, 170, '2024-03-23 11:52:02', 3, 1, NULL),
(211, 171, '2024-03-23 11:52:02', 3, 1, NULL),
(211, 172, '2024-03-23 11:52:02', 3, 1, NULL),
(211, 265, '2024-03-23 11:51:10', 3, 1, NULL),
(211, 266, '2024-03-23 11:51:10', 3, 1, NULL),
(211, 267, '2024-03-23 11:51:10', 3, 1, NULL),
(211, 268, '2024-03-23 11:51:10', 3, 1, NULL),
(211, 269, '2024-03-23 11:51:10', 3, 1, NULL),
(211, 270, '2024-03-23 11:51:10', 3, 1, NULL),
(211, 271, '2024-03-23 11:51:10', 3, 1, NULL),
(211, 272, '2024-03-23 11:51:10', 3, 1, NULL),
(211, 273, '2024-03-23 11:51:32', 3, 1, NULL),
(211, 274, '2024-03-23 11:51:32', 3, 1, NULL),
(211, 275, '2024-03-23 11:51:32', 3, 1, NULL),
(211, 276, '2024-03-23 11:51:32', 3, 1, NULL),
(211, 277, '2024-03-23 11:51:32', 3, 1, NULL),
(211, 278, '2024-03-23 11:51:32', 3, 1, NULL),
(211, 279, '2024-03-23 11:51:32', 3, 1, NULL),
(212, 6, '2024-02-21 01:42:06', 3, 4, 1),
(212, 7, '2024-02-21 01:42:06', 3, 2, 1),
(212, 10, '2024-02-21 01:42:06', 3, 4, 1),
(212, 114, '2024-12-01 02:53:09', 3, 4, 1),
(212, 115, '2024-12-01 02:53:09', 3, 4, 1),
(212, 481, '2024-02-21 01:42:06', 3, 4, 1),
(212, 482, '2024-02-21 01:42:06', 3, 4, 1),
(212, 485, '2024-01-17 02:02:26', 3, 4, 1),
(212, 486, '2024-01-17 02:02:26', 3, 4, 1),
(212, 487, '2024-01-17 02:02:20', 3, 4, 1),
(212, 488, '2024-01-17 02:02:20', 3, 4, 1),
(213, 6, '2024-12-18 02:57:12', 3, 4, 1),
(213, 7, '2024-12-18 02:57:12', 3, 1, NULL),
(213, 10, '2024-12-18 02:57:12', 3, 4, 1),
(213, 143, '2024-12-18 02:57:12', 3, 4, 1),
(213, 144, '2024-12-18 02:57:12', 3, 4, 1),
(214, 6, '2024-01-23 11:57:03', 3, 4, 1),
(214, 7, '2024-01-23 11:57:03', 3, 1, NULL),
(214, 10, '2024-01-23 11:57:03', 3, 4, 1),
(214, 338, '2024-01-19 02:16:24', 3, 4, 1),
(214, 340, '2024-01-19 02:16:24', 3, 4, 1),
(214, 341, '2024-01-23 11:57:03', 3, 4, 1),
(214, 342, '2024-01-23 11:57:03', 3, 4, 1),
(215, 6, '2024-01-24 03:34:01', 3, 4, 1),
(215, 7, '2024-01-24 03:34:01', 3, 1, 2),
(215, 10, '2024-01-24 03:34:01', 3, 4, 1),
(215, 62, '2024-12-14 02:30:54', 3, 4, 1),
(215, 63, '2024-12-14 02:30:54', 3, 4, 1),
(215, 343, '2024-01-24 10:44:27', 3, 4, 1),
(215, 344, '2024-01-24 10:44:27', 3, 4, 1),
(215, 347, '2024-01-24 10:44:05', 3, 4, 1),
(215, 348, '2024-01-24 10:44:05', 3, 4, 1),
(215, 349, '2024-01-24 10:43:47', 3, 4, 1),
(215, 350, '2024-01-24 10:43:47', 3, 4, 1),
(215, 355, '2024-01-24 03:33:12', 3, 4, 1),
(215, 356, '2024-01-24 03:33:12', 3, 4, 1),
(215, 357, '2024-01-24 03:34:01', 3, 4, 1),
(215, 358, '2024-01-24 03:34:01', 3, 4, 1),
(215, 359, '2024-01-24 03:33:28', 3, 4, 1),
(215, 360, '2024-01-24 03:33:28', 3, 4, 1),
(215, 361, '2024-01-24 03:33:44', 3, 4, 1),
(215, 362, '2024-01-24 03:33:44', 3, 4, 1),
(216, 6, '2024-02-21 01:42:21', 3, 4, 1),
(216, 7, '2024-02-21 01:42:21', 3, 2, 1),
(216, 10, '2024-02-21 01:42:21', 3, 4, 1),
(216, 22, '2024-11-14 12:27:19', 3, 1, 4),
(216, 23, '2024-11-14 12:27:19', 3, 1, 4),
(216, 44, '2024-09-19 10:42:35', 3, 4, 1),
(216, 45, '2024-09-19 10:42:35', 3, 4, 1),
(216, 96, '2024-09-26 01:44:45', 3, 4, 1),
(216, 97, '2024-09-26 01:44:45', 3, 4, 1),
(216, 479, '2024-02-21 01:42:21', 3, 4, 1),
(216, 480, '2024-02-21 01:42:21', 3, 4, 1),
(217, 6, '2024-01-08 03:07:14', 3, 1, NULL),
(217, 7, '2024-01-08 03:07:14', 3, 1, NULL),
(217, 10, '2024-01-08 03:07:14', 3, 1, NULL),
(217, 306, '2024-01-08 02:41:47', 3, 1, NULL),
(217, 307, '2024-01-08 02:41:47', 3, 1, NULL),
(217, 308, '2024-01-08 03:07:14', 3, 1, NULL),
(217, 309, '2024-01-08 03:07:14', 3, 1, NULL),
(218, 6, '2024-02-20 01:53:58', 3, 1, NULL),
(218, 7, '2024-02-21 11:29:18', 3, 3, 2),
(218, 383, '2024-02-20 04:03:21', 3, 2, 1),
(218, 384, '2024-02-20 01:53:58', 3, 1, NULL),
(218, 385, '2024-02-20 01:53:58', 3, 1, NULL),
(218, 386, '2024-02-20 01:53:58', 3, 2, 1),
(218, 387, '2024-02-20 01:53:58', 3, 2, 1),
(218, 388, '2024-02-20 01:53:58', 3, 4, 1),
(218, 392, '2024-04-24 03:12:21', 3, 1, NULL),
(218, 393, '2024-04-24 03:12:21', 3, 1, NULL),
(218, 394, '2024-02-21 11:29:18', 3, 4, 1),
(218, 395, '2024-02-21 11:29:18', 3, 4, 1),
(218, 396, '2024-02-21 11:29:18', 3, 4, 1),
(218, 397, '2024-02-21 11:29:18', 3, 3, 1),
(218, 398, '2024-02-21 11:29:18', 3, 4, 1),
(218, 399, '2024-02-21 11:29:18', 3, 4, 1),
(218, 402, '2024-02-21 11:29:18', 3, 4, 1),
(218, 403, '2024-02-21 11:29:18', 3, 4, 1),
(218, 404, '2024-02-21 11:29:18', 3, 4, 1),
(218, 405, '2024-02-21 11:29:18', 3, 1, NULL),
(218, 499, '2024-02-20 01:53:58', 3, 1, NULL),
(218, 500, '2024-02-20 01:53:58', 3, 1, NULL),
(218, 504, '2024-02-20 04:03:21', 3, 1, NULL),
(218, 505, '2024-02-20 04:03:21', 3, 2, 1),
(218, 506, '2024-02-20 04:03:21', 3, 2, 1),
(219, 6, '2024-11-14 12:28:26', 3, 4, 1),
(219, 7, '2024-11-14 12:28:26', 3, 1, NULL),
(219, 10, '2024-11-14 12:28:26', 3, 4, 1),
(219, 48, '2024-09-19 12:18:56', 3, 4, 1),
(219, 49, '2024-09-19 12:18:56', 3, 4, 1),
(219, 76, '2024-10-17 08:14:51', 3, 4, 1),
(219, 77, '2024-10-17 08:14:51', 3, 4, 1),
(219, 78, '2024-11-14 12:28:26', 3, 4, 1),
(219, 79, '2024-11-14 12:28:26', 3, 4, 1),
(219, 80, '2024-10-17 09:25:35', 3, 4, 1),
(219, 81, '2024-10-17 09:25:35', 3, 4, 1),
(219, 82, '2024-10-17 09:34:46', 3, 4, 1),
(219, 83, '2024-10-17 09:34:46', 3, 4, 1),
(219, 84, '2024-10-17 09:35:51', 3, 4, 1),
(219, 85, '2024-10-17 09:35:51', 3, 4, 1),
(219, 86, '2024-10-17 09:35:44', 3, 4, 1),
(219, 87, '2024-10-17 09:35:44', 3, 4, 1),
(220, 6, '2024-11-08 11:07:00', 3, 4, 1),
(220, 7, '2024-11-08 11:07:00', 3, 1, NULL),
(220, 10, '2024-11-08 11:07:00', 3, 4, 1),
(220, 159, '2024-11-08 11:07:00', 3, 4, 1),
(220, 160, '2024-11-08 11:07:00', 3, 4, 1),
(221, 6, '2024-02-21 01:42:55', 3, 4, 1),
(221, 7, '2024-02-21 01:42:55', 3, 2, 1),
(221, 10, '2024-02-21 01:42:55', 3, 3, 1),
(221, 322, '2024-02-21 01:42:55', 3, 4, 1),
(221, 323, '2024-02-21 01:42:55', 3, 4, 1),
(221, 437, '2024-06-28 10:47:03', 3, 4, 1),
(221, 438, '2024-06-28 10:47:03', 3, 4, 1),
(222, 6, '2024-11-18 10:52:59', 3, 4, 1),
(222, 7, '2024-11-18 10:52:59', 3, 3, 1),
(222, 10, '2024-11-18 10:52:59', 3, 3, 1),
(222, 118, '2024-11-18 10:52:59', 3, 4, 1),
(222, 119, '2024-11-18 10:52:59', 3, 4, 1),
(224, 6, '2024-05-02 04:58:58', 3, 3, 1),
(224, 7, '2024-05-02 04:58:58', 3, 3, 1),
(224, 406, '2024-05-02 04:58:58', 3, 4, 1),
(224, 407, '2024-05-02 04:58:58', 3, 4, 1),
(224, 408, '2024-05-02 04:58:58', 3, 5, 1),
(224, 409, '2024-05-02 04:58:58', 3, 1, NULL),
(225, 6, '2024-11-18 10:54:09', 3, 4, 1),
(225, 7, '2024-11-18 10:54:09', 3, 3, 1),
(225, 10, '2024-11-18 10:54:09', 3, 3, 1),
(225, 54, '2024-11-18 10:54:09', 3, 4, 1),
(225, 55, '2024-11-18 10:54:09', 3, 4, 1),
(225, 56, '2024-09-26 10:17:36', 3, 4, 1),
(225, 57, '2024-09-26 10:17:36', 3, 4, 1),
(225, 477, '2024-09-06 03:58:42', 3, 1, NULL),
(225, 478, '2024-09-06 03:58:42', 3, 1, NULL),
(227, 6, '2024-01-15 04:05:03', 3, 4, 1),
(227, 7, '2024-01-15 04:05:03', 3, 1, NULL),
(227, 10, '2024-01-15 04:05:03', 3, 4, 1),
(227, 306, '2024-01-15 04:05:03', 3, 4, 1),
(227, 307, '2024-01-15 04:05:03', 3, 4, 1),
(227, 312, '2024-01-15 04:04:37', 3, 4, 1),
(227, 313, '2024-01-15 04:04:37', 3, 4, 1),
(227, 314, '2024-01-15 04:04:44', 3, 4, 1),
(227, 315, '2024-01-15 04:04:44', 3, 4, 1),
(229, 6, '2024-02-21 02:54:26', 3, 3, 1),
(229, 7, '2024-02-21 02:54:26', 3, 2, 1),
(229, 507, '2024-02-21 02:54:26', 3, 2, 1),
(229, 508, '2024-02-21 02:54:26', 3, 1, NULL),
(229, 509, '2024-02-21 02:54:26', 3, 3, 1),
(229, 510, '2024-02-21 02:54:26', 3, 4, 1),
(229, 511, '2024-02-21 02:54:26', 3, 4, 1),
(229, 512, '2024-02-21 02:54:26', 3, 4, 1),
(229, 513, '2024-02-21 02:54:26', 3, 4, 1),
(230, 6, '2024-02-12 03:03:52', 3, 4, 1),
(230, 7, '2024-02-12 03:03:52', 3, 1, NULL),
(230, 10, '2024-02-12 03:03:52', 3, 4, 1),
(230, 332, '2024-02-12 03:03:52', 3, 4, 1),
(230, 333, '2024-02-12 03:03:52', 3, 4, 1),
(231, 1, '2024-01-19 02:46:13', 3, 4, 1),
(231, 2, '2024-01-19 02:46:13', 3, 4, 1),
(231, 3, '2024-01-19 02:46:13', 3, 3, 1),
(231, 4, '2024-01-19 02:46:13', 3, 2, 1),
(231, 5, '2024-01-19 02:46:13', 3, 4, 1),
(231, 6, '2024-01-19 02:46:13', 3, 4, 1),
(231, 7, '2024-01-19 02:46:13', 3, 3, 1),
(233, 6, '2024-02-12 03:09:39', 3, 4, 1),
(233, 7, '2024-02-12 03:09:39', 3, 1, NULL),
(233, 10, '2024-02-12 03:09:39', 3, 4, 1),
(233, 306, '2024-01-08 02:48:19', 3, 4, 1),
(233, 307, '2024-01-08 02:48:19', 3, 4, 1),
(233, 310, '2024-02-12 03:09:39', 3, 4, 1),
(233, 311, '2024-02-12 03:09:39', 3, 4, 1),
(233, 312, '2024-02-12 03:09:32', 3, 4, 1),
(233, 313, '2024-02-12 03:09:31', 3, 4, 1),
(233, 332, '2024-01-15 03:48:48', 3, 4, 1),
(233, 333, '2024-01-15 03:48:48', 3, 4, 1),
(233, 336, '2024-01-19 02:11:45', 3, 4, 1),
(233, 337, '2024-01-19 02:11:45', 3, 4, 1),
(234, 6, '2024-02-21 01:43:25', 3, 4, 1),
(234, 7, '2024-02-21 01:43:25', 3, 1, NULL),
(234, 10, '2024-02-21 01:43:25', 3, 2, 1),
(234, 48, '2024-10-16 04:57:58', 3, 4, 1),
(234, 49, '2024-10-16 04:57:58', 3, 4, 1),
(234, 76, '2024-10-17 08:14:15', 3, 4, 1),
(234, 77, '2024-10-17 08:14:15', 3, 4, 1),
(234, 78, '2024-10-17 08:13:20', 3, 4, 1),
(234, 79, '2024-10-17 08:13:20', 3, 4, 1),
(234, 80, '2024-10-17 08:13:43', 3, 4, 1),
(234, 81, '2024-10-17 08:13:43', 3, 4, 1),
(234, 82, '2024-10-16 04:57:33', 3, 4, 1),
(234, 83, '2024-10-16 04:57:32', 3, 4, 1),
(234, 86, '2024-11-14 12:29:29', 3, 4, 1),
(234, 87, '2024-11-14 12:29:29', 3, 4, 1),
(234, 481, '2024-02-21 01:43:25', 3, 4, 1),
(234, 482, '2024-02-21 01:43:25', 3, 4, 1),
(234, 485, '2024-01-17 02:01:21', 3, 4, 1),
(234, 486, '2024-01-17 02:01:21', 3, 4, 1),
(234, 487, '2024-01-17 02:01:15', 3, 4, 1),
(234, 488, '2024-01-17 02:01:15', 3, 4, 1),
(235, 6, '2024-02-21 01:43:49', 3, 4, 1),
(235, 7, '2024-02-21 01:43:49', 3, 2, 1),
(235, 10, '2024-02-21 01:43:49', 3, 4, 1),
(235, 64, '2024-11-18 10:55:20', 3, 4, 1),
(235, 65, '2024-11-18 10:55:20', 3, 4, 1),
(235, 322, '2024-02-21 01:43:49', 3, 4, 1),
(235, 323, '2024-02-21 01:43:49', 3, 4, 1),
(235, 429, '2024-06-28 11:13:21', 3, 4, 1),
(235, 430, '2024-06-28 11:13:21', 3, 4, 1),
(235, 437, '2024-06-28 11:13:52', 3, 4, 1),
(235, 438, '2024-06-28 11:13:52', 3, 4, 1),
(236, 6, '2024-02-21 01:44:02', 3, 4, 1),
(236, 7, '2024-02-21 01:44:02', 3, 2, 1),
(236, 10, '2024-02-21 01:44:02', 3, 4, 1),
(236, 46, '2024-10-17 08:43:23', 3, 4, 1),
(236, 47, '2024-10-17 08:43:23', 3, 4, 1),
(236, 48, '2024-10-17 09:38:11', 3, 4, 1),
(236, 49, '2024-10-17 09:38:11', 3, 4, 1),
(236, 76, '2024-10-17 09:28:21', 3, 4, 1),
(236, 77, '2024-10-17 09:28:21', 3, 4, 1),
(236, 78, '2024-10-17 09:27:53', 3, 4, 1),
(236, 79, '2024-10-17 09:27:53', 3, 4, 1),
(236, 80, '2024-10-17 09:28:03', 3, 4, 1),
(236, 81, '2024-10-17 09:28:03', 3, 4, 1),
(236, 82, '2024-10-16 04:30:48', 3, 4, 1),
(236, 83, '2024-10-16 04:30:47', 3, 4, 1),
(236, 84, '2024-10-17 09:37:46', 3, 4, 1),
(236, 85, '2024-10-17 09:37:46', 3, 4, 1),
(236, 86, '2024-11-14 12:30:17', 3, 4, 1),
(236, 87, '2024-11-14 12:30:17', 3, 4, 1),
(236, 481, '2024-02-21 01:44:02', 3, 4, 1),
(236, 482, '2024-02-21 01:44:02', 3, 4, 1),
(236, 485, '2024-01-17 01:53:50', 3, 4, 1),
(236, 486, '2024-01-17 01:53:50', 3, 4, 1),
(236, 487, '2024-01-17 01:53:44', 3, 4, 1),
(236, 488, '2024-01-17 01:53:44', 3, 4, 1),
(236, 497, '2024-01-17 01:54:00', 3, 4, 1),
(236, 498, '2024-01-17 01:54:00', 3, 4, 1),
(237, 6, '2024-02-21 02:53:33', 3, 5, 4),
(237, 7, '2024-02-21 02:53:33', 3, 2, 1),
(237, 10, '2024-09-19 12:15:08', 3, 1, NULL),
(237, 46, '2024-09-19 11:55:30', 3, 4, 1),
(237, 47, '2024-09-19 11:55:30', 3, 4, 1),
(237, 48, '2024-09-19 12:15:08', 3, 4, 1),
(237, 49, '2024-09-19 12:15:08', 3, 4, 1),
(237, 507, '2024-02-21 02:53:33', 3, 5, 1),
(237, 508, '2024-02-21 02:53:33', 3, 1, NULL),
(237, 509, '2024-02-21 02:53:33', 3, 4, 1),
(237, 510, '2024-02-21 02:53:33', 3, 4, 1),
(237, 511, '2024-02-21 02:53:33', 3, 4, 1),
(237, 512, '2024-02-21 02:53:33', 3, 4, 1),
(237, 513, '2024-02-21 02:53:33', 3, 4, 1),
(238, 6, '2024-11-18 10:55:59', 3, 4, 1),
(238, 7, '2024-11-18 10:55:59', 3, 3, 1),
(238, 10, '2024-11-18 10:55:59', 3, 4, 1),
(238, 24, '2024-11-18 10:55:59', 3, 4, 1),
(238, 25, '2024-11-18 10:55:59', 3, 4, 1),
(238, 40, '2024-09-18 05:23:12', 3, 4, 1),
(238, 41, '2024-09-18 05:23:12', 3, 4, 1),
(238, 42, '2024-09-18 05:28:57', 3, 4, 1),
(238, 43, '2024-09-18 05:28:57', 3, 4, 1),
(238, 92, '2024-09-26 10:12:59', 3, 4, 1),
(238, 93, '2024-09-26 10:12:59', 3, 4, 1),
(239, 6, '2024-02-21 01:44:31', 3, 4, 1),
(239, 7, '2024-02-21 01:44:31', 3, 2, 1),
(239, 10, '2024-02-21 01:44:31', 3, 4, 1),
(239, 48, '2024-10-20 10:07:13', 3, 4, 1),
(239, 49, '2024-10-20 10:07:13', 3, 4, 1),
(239, 74, '2024-11-20 01:28:34', 3, 4, 1),
(239, 75, '2024-11-20 01:28:34', 3, 4, 1),
(239, 76, '2024-10-20 09:21:57', 3, 4, 1),
(239, 77, '2024-10-20 09:21:57', 3, 4, 1),
(239, 78, '2024-10-20 10:00:05', 3, 4, 1),
(239, 79, '2024-10-20 10:00:05', 3, 4, 1),
(239, 80, '2024-10-20 10:01:16', 3, 4, 1),
(239, 81, '2024-10-20 10:01:16', 3, 4, 1),
(239, 82, '2024-10-20 10:15:29', 3, 4, 1),
(239, 83, '2024-10-20 10:15:29', 3, 4, 1),
(239, 84, '2024-11-20 01:28:40', 3, 4, 1),
(239, 85, '2024-11-20 01:28:40', 3, 4, 1),
(239, 86, '2024-10-20 10:21:41', 3, 4, 1),
(239, 87, '2024-10-20 10:21:41', 3, 4, 1),
(239, 88, '2024-11-16 10:31:31', 3, 4, 1),
(239, 89, '2024-11-16 10:31:31', 3, 4, 1),
(239, 481, '2024-02-21 01:44:31', 3, 4, 1),
(239, 482, '2024-02-21 01:44:31', 3, 4, 1),
(239, 485, '2024-01-17 01:57:20', 3, 4, 1),
(239, 486, '2024-01-17 01:57:20', 3, 4, 1),
(239, 487, '2024-01-17 01:57:14', 3, 4, 1),
(239, 488, '2024-01-17 01:57:14', 3, 4, 1),
(240, 6, '2024-02-15 11:54:22', 3, 4, 1),
(240, 7, '2024-02-15 11:54:22', 3, 3, 1),
(240, 461, '2024-07-27 12:25:31', 3, 2, 1),
(240, 462, '2024-07-27 12:25:31', 3, 2, 1),
(240, 463, '2024-07-27 12:25:31', 3, 1, NULL),
(240, 464, '2024-02-15 11:54:22', 3, 1, NULL),
(240, 465, '2024-02-15 11:54:22', 3, 3, 1),
(240, 466, '2024-02-15 11:54:22', 3, 3, 1),
(240, 467, '2024-02-15 11:54:22', 3, 1, NULL),
(240, 468, '2024-02-15 11:54:22', 3, 1, NULL),
(240, 469, '2024-02-15 11:54:22', 3, 3, 1),
(240, 470, '2024-02-15 11:54:22', 3, 1, NULL),
(240, 471, '2024-08-09 12:03:30', 3, 1, NULL),
(240, 472, '2024-08-09 12:03:30', 3, 1, NULL),
(240, 473, '2024-08-09 12:03:30', 3, 1, NULL),
(240, 474, '2024-08-09 12:03:30', 3, 1, NULL),
(240, 475, '2024-08-09 12:03:30', 3, 1, NULL),
(240, 476, '2024-08-09 12:03:30', 3, 1, NULL),
(241, 6, '2024-05-02 05:00:48', 3, 3, 1),
(241, 7, '2024-05-02 05:00:48', 3, 3, 1),
(241, 406, '2024-05-02 05:00:48', 3, 4, 1),
(241, 407, '2024-05-02 05:00:48', 3, 4, 1),
(241, 408, '2024-05-02 05:00:48', 3, 1, NULL),
(241, 409, '2024-05-02 05:00:48', 3, 4, 1),
(243, 167, '2024-12-17 02:54:45', 3, 5, 1),
(243, 168, '2024-12-17 02:54:46', 3, 4, 1),
(243, 169, '2024-12-17 02:54:46', 3, 4, 1),
(243, 170, '2024-12-17 02:54:22', 3, 5, 1),
(243, 171, '2024-12-17 02:54:22', 3, 5, 1),
(243, 172, '2024-12-17 02:54:22', 3, 5, 1),
(243, 173, '2024-12-17 02:53:22', 3, 5, 1),
(243, 174, '2024-12-17 02:53:22', 3, 5, 1),
(243, 175, '2024-12-17 02:53:22', 3, 5, 1),
(243, 176, '2024-12-17 02:53:22', 3, 4, 1),
(243, 177, '2024-12-17 02:53:22', 3, 4, 1),
(243, 178, '2024-12-17 02:53:22', 3, 3, 1),
(243, 179, '2024-12-17 02:53:22', 3, 3, 1),
(244, 6, '2024-01-08 02:46:15', 3, 1, NULL),
(244, 7, '2024-01-08 02:46:15', 3, 1, NULL),
(244, 10, '2024-01-08 02:46:15', 3, 1, NULL),
(244, 306, '2024-01-08 02:46:15', 3, 1, NULL),
(244, 307, '2024-01-08 02:46:15', 3, 1, NULL),
(245, 6, '2024-11-08 11:04:23', 3, 4, 1),
(245, 7, '2024-11-08 11:04:23', 3, 1, NULL),
(245, 10, '2024-11-08 11:04:23', 3, 4, 1),
(245, 157, '2024-11-08 11:04:23', 3, 4, 1),
(245, 158, '2024-11-08 11:04:23', 3, 4, 1),
(246, 6, '2024-02-21 01:44:45', 3, 4, 1),
(246, 7, '2024-02-21 01:44:45', 3, 2, 1),
(246, 10, '2024-02-21 01:44:45', 3, 3, 1),
(246, 322, '2024-02-21 01:44:45', 3, 4, 1),
(246, 323, '2024-02-21 01:44:45', 3, 4, 1),
(246, 457, '2024-07-16 02:51:07', 3, 4, 1),
(246, 458, '2024-07-16 02:51:07', 3, 4, 1),
(246, 459, '2024-07-16 02:53:10', 3, 4, 1),
(246, 460, '2024-07-16 02:53:10', 3, 4, 1),
(247, 6, '2024-06-28 10:50:48', 3, 4, 1),
(247, 7, '2024-06-28 10:50:48', 3, 3, 1),
(247, 10, '2024-06-28 10:50:48', 3, 3, 1),
(247, 98, '2024-10-19 01:59:03', 3, 4, 1),
(247, 99, '2024-10-19 01:59:03', 3, 4, 1),
(247, 104, '2024-10-19 02:03:45', 3, 4, 1),
(247, 105, '2024-10-19 02:03:45', 3, 4, 1),
(247, 110, '2024-11-18 10:57:24', 3, 4, 1),
(247, 111, '2024-11-18 10:57:24', 3, 4, 1),
(247, 322, '2024-06-28 10:50:48', 3, 4, 1),
(247, 323, '2024-06-28 10:50:48', 3, 4, 1),
(247, 429, '2024-06-28 10:49:53', 3, 4, 1),
(247, 430, '2024-06-28 10:49:53', 3, 4, 1),
(247, 437, '2024-06-28 10:50:21', 3, 4, 1),
(247, 438, '2024-06-28 10:50:21', 3, 4, 1),
(248, 6, '2024-02-21 01:45:13', 3, 4, 1),
(248, 7, '2024-02-21 01:45:14', 3, 2, 1),
(248, 10, '2024-02-21 01:45:13', 3, 3, 1),
(248, 66, '2024-02-21 01:45:13', 3, 4, 1),
(248, 67, '2024-02-21 01:45:13', 3, 4, 1),
(248, 68, '2024-09-22 03:14:37', 3, 4, 1),
(248, 69, '2024-09-22 03:14:37', 3, 4, 1),
(248, 70, '2024-09-22 03:20:20', 3, 4, 1),
(248, 71, '2024-09-22 03:20:20', 3, 4, 1),
(249, 6, '2024-09-06 02:22:40', 3, 4, 1),
(249, 7, '2024-09-06 02:22:40', 3, 1, NULL),
(249, 10, '2024-09-06 02:22:40', 3, 4, 1),
(249, 126, '2024-02-12 03:38:20', 3, 4, 1),
(249, 127, '2024-02-12 03:38:20', 3, 3, 4),
(249, 128, '2024-02-12 03:38:30', 3, 4, 1),
(249, 129, '2024-02-12 03:38:30', 3, 3, 4),
(249, 153, '2024-09-06 02:22:40', 3, 4, 1),
(249, 154, '2024-09-06 02:22:40', 3, 4, 1),
(250, 6, '2024-02-28 01:51:33', 3, 4, 1),
(250, 7, '2024-02-28 01:51:33', 3, 3, 1),
(250, 507, '2024-02-28 01:51:33', 3, 5, 1),
(250, 508, '2024-02-28 01:51:33', 3, 1, NULL),
(250, 509, '2024-02-28 01:51:33', 3, 4, 1),
(250, 510, '2024-02-28 01:51:33', 3, 4, 1),
(250, 511, '2024-02-28 01:51:33', 3, 4, 1),
(250, 512, '2024-02-28 01:51:33', 3, 4, 1),
(250, 513, '2024-02-28 01:51:33', 3, 4, 1),
(253, 6, '2024-02-12 03:54:52', 3, 4, 1),
(253, 7, '2024-02-12 03:54:52', 3, 1, NULL),
(253, 10, '2024-02-12 03:54:52', 3, 4, 1),
(253, 134, '2024-11-07 05:05:11', 3, 4, 1),
(253, 135, '2024-11-07 05:05:11', 3, 4, 1),
(253, 136, '2024-11-07 05:05:18', 3, 4, 1),
(253, 137, '2024-11-07 05:05:18', 3, 4, 1),
(253, 138, '2024-02-12 03:54:52', 3, 4, 3),
(253, 139, '2024-02-12 03:54:52', 3, 4, 3),
(254, 6, '2024-02-12 02:46:45', 3, 4, 1),
(254, 7, '2024-02-12 02:46:45', 3, 1, NULL),
(254, 10, '2024-02-12 02:46:45', 3, 4, 1),
(254, 62, '2024-12-14 02:28:51', 3, 4, 1),
(254, 63, '2024-12-14 02:28:51', 3, 4, 1),
(254, 296, '2024-12-14 02:23:57', 3, 4, 1),
(254, 297, '2024-12-14 02:23:57', 3, 4, 1),
(254, 298, '2024-12-14 02:40:06', 3, 4, 1),
(254, 299, '2024-12-14 02:40:06', 3, 4, 1),
(254, 338, '2024-02-12 02:46:45', 3, 4, 1),
(254, 340, '2024-02-12 02:46:45', 3, 4, 1),
(255, 6, '2024-12-18 02:57:29', 3, 4, 1),
(255, 7, '2024-12-18 02:57:29', 3, 1, NULL),
(255, 10, '2024-12-18 02:57:29', 3, 4, 1),
(255, 143, '2024-12-18 02:57:29', 3, 4, 1),
(255, 144, '2024-12-18 02:57:29', 3, 4, 1),
(256, 6, '2024-02-12 03:02:51', 3, 4, 1),
(256, 7, '2024-02-12 03:02:51', 3, 1, NULL),
(256, 10, '2024-02-12 03:02:51', 3, 4, 1),
(256, 332, '2024-02-12 03:02:51', 3, 4, 1),
(256, 333, '2024-02-12 03:02:51', 3, 4, 1),
(257, 6, '2024-02-12 03:05:06', 3, 4, 1),
(257, 7, '2024-02-12 03:05:06', 3, 1, NULL),
(257, 10, '2024-02-12 03:05:06', 3, 4, 1),
(257, 332, '2024-02-12 03:05:05', 3, 4, 1),
(257, 333, '2024-02-12 03:05:05', 3, 4, 1),
(257, 369, '2024-01-26 12:29:53', 3, 4, 1),
(257, 370, '2024-01-26 12:29:53', 3, 4, 1),
(257, 373, '2024-01-26 01:27:01', 3, 4, 1),
(257, 374, '2024-01-26 01:27:01', 3, 4, 1),
(258, 6, '2024-11-28 03:49:47', 3, 4, 1),
(258, 7, '2024-11-28 03:49:47', 3, 1, NULL),
(258, 10, '2024-11-28 03:49:47', 3, 4, 1),
(258, 332, '2024-11-28 03:49:47', 3, 4, 1),
(258, 333, '2024-11-28 03:49:47', 3, 4, 1),
(258, 377, '2024-02-12 04:11:12', 3, 4, 1),
(258, 378, '2024-02-12 04:11:12', 3, 4, 1),
(259, 6, '2024-11-07 05:03:02', 3, 4, 1),
(259, 7, '2024-11-07 05:03:02', 3, 1, NULL),
(259, 10, '2024-11-07 05:03:02', 3, 4, 1),
(259, 134, '2024-11-07 05:02:42', 3, 4, 1),
(259, 135, '2024-11-07 05:02:42', 3, 4, 1),
(259, 136, '2024-11-07 05:02:49', 3, 3, 1),
(259, 137, '2024-11-07 05:02:49', 3, 3, 1),
(259, 138, '2024-11-07 05:03:02', 3, 3, 1),
(259, 139, '2024-11-07 05:03:02', 3, 3, 1),
(261, 6, '2024-07-27 01:43:41', 3, 4, 1),
(261, 7, '2024-07-27 01:43:41', 3, 4, 1),
(261, 461, '2024-07-27 12:22:04', 3, 4, 1),
(261, 462, '2024-07-27 12:22:04', 3, 3, 1),
(261, 463, '2024-07-27 12:22:04', 3, 4, 1),
(261, 464, '2024-07-27 01:42:00', 3, 1, NULL),
(261, 465, '2024-07-27 01:42:00', 3, 1, NULL),
(261, 466, '2024-07-27 01:42:00', 3, 1, NULL),
(261, 467, '2024-07-27 01:42:00', 3, 1, NULL),
(261, 468, '2024-07-27 01:42:00', 3, 1, NULL),
(261, 469, '2024-07-27 01:42:00', 3, 3, 1),
(261, 470, '2024-07-27 01:42:00', 3, 1, NULL),
(261, 471, '2024-07-27 01:43:41', 3, 2, 1),
(261, 472, '2024-07-27 01:43:41', 3, 4, 1),
(261, 473, '2024-07-27 01:43:41', 3, 4, 1),
(261, 474, '2024-07-27 01:43:41', 3, 5, 1),
(261, 475, '2024-07-27 01:43:41', 3, 5, 1),
(261, 476, '2024-07-27 01:43:41', 3, 3, 1),
(263, 6, '2024-02-21 01:45:26', 3, 4, 1),
(263, 7, '2024-02-21 01:45:26', 3, 2, 1),
(263, 10, '2024-02-21 01:45:26', 3, 3, 1),
(263, 78, '2024-11-20 01:29:52', 3, 4, 1),
(263, 79, '2024-11-20 01:29:52', 3, 4, 1),
(263, 80, '2024-11-20 01:29:56', 3, 4, 1),
(263, 81, '2024-11-20 01:29:56', 3, 4, 1),
(263, 481, '2024-02-21 01:45:26', 3, 4, 1),
(263, 482, '2024-02-21 01:45:26', 3, 4, 1),
(264, 6, '2024-05-14 02:57:01', 3, 4, 1),
(264, 7, '2024-05-14 02:57:01', 3, 1, NULL),
(264, 10, '2024-05-14 02:57:01', 3, 4, 1),
(264, 363, '2024-05-14 02:57:01', 3, 4, 1),
(264, 364, '2024-05-14 02:57:01', 3, 4, 1),
(264, 367, '2024-01-26 12:25:00', 3, 4, 1),
(264, 368, '2024-01-26 12:25:00', 3, 4, 1),
(265, 6, '2024-02-21 01:45:55', 3, 4, 1),
(265, 7, '2024-02-21 01:45:55', 3, 2, 1),
(265, 10, '2024-02-21 01:45:55', 3, 4, 1),
(265, 481, '2024-02-21 01:45:55', 3, 4, 1),
(265, 482, '2024-02-21 01:45:55', 3, 4, 1),
(265, 485, '2024-01-16 01:48:41', 3, 4, 1),
(265, 486, '2024-01-16 01:48:41', 3, 4, 1),
(265, 487, '2024-01-16 01:48:33', 3, 4, 1),
(265, 488, '2024-01-16 01:48:33', 3, 4, 1),
(266, 6, '2024-11-18 10:59:51', 3, 4, 1),
(266, 7, '2024-11-18 10:59:51', 3, 3, 1),
(266, 10, '2024-11-18 10:59:51', 3, 3, 1),
(266, 24, '2024-11-18 10:59:51', 3, 4, 1),
(266, 25, '2024-11-18 10:59:51', 3, 4, 1),
(266, 40, '2024-09-18 05:25:08', 3, 4, 1),
(266, 41, '2024-09-18 05:25:08', 3, 4, 1),
(266, 42, '2024-09-18 05:29:26', 3, 4, 1),
(266, 43, '2024-09-18 05:29:27', 3, 4, 1),
(266, 92, '2024-10-06 02:26:37', 3, 4, 1),
(266, 93, '2024-10-06 02:26:37', 3, 4, 1),
(268, 170, '2024-11-27 04:43:05', 3, 1, NULL),
(268, 171, '2024-11-27 04:43:05', 3, 1, NULL),
(268, 172, '2024-11-27 04:43:05', 3, 1, NULL),
(268, 200, '2024-11-27 04:42:51', 3, 1, NULL),
(268, 201, '2024-11-27 04:42:51', 3, 1, NULL),
(268, 202, '2024-11-27 04:42:51', 3, 1, NULL),
(268, 203, '2024-11-27 04:42:51', 3, 1, NULL),
(268, 204, '2024-11-27 04:42:51', 3, 1, NULL),
(268, 205, '2024-11-27 04:42:51', 3, 1, NULL),
(268, 206, '2024-11-27 04:42:51', 3, 1, NULL),
(268, 207, '2024-11-27 04:42:51', 3, 1, NULL),
(268, 208, '2024-11-27 04:43:20', 3, 1, NULL),
(268, 209, '2024-11-27 04:43:20', 3, 1, NULL),
(268, 210, '2024-11-27 04:43:20', 3, 1, NULL),
(268, 211, '2024-11-27 04:43:20', 3, 1, NULL),
(268, 212, '2024-11-27 04:43:20', 3, 1, NULL),
(268, 213, '2024-11-27 04:43:20', 3, 1, NULL),
(268, 214, '2024-11-27 04:43:20', 3, 1, NULL),
(269, 6, '2024-02-21 01:46:21', 3, 4, 1),
(269, 7, '2024-02-21 01:46:21', 3, 2, 1),
(269, 10, '2024-02-21 01:46:21', 3, 4, 1),
(269, 316, '2024-02-21 01:46:21', 3, 4, 1),
(269, 317, '2024-02-21 01:46:21', 3, 4, 1),
(269, 322, '2024-07-13 02:19:39', 3, 4, 1),
(269, 323, '2024-07-13 02:19:39', 3, 4, 1),
(269, 455, '2024-07-13 02:18:26', 3, 4, 1),
(269, 456, '2024-07-13 02:18:26', 3, 4, 1),
(269, 457, '2024-07-13 02:33:51', 3, 4, 1),
(269, 458, '2024-07-13 02:33:51', 3, 4, 1),
(270, 6, '2024-06-28 11:36:08', 3, 4, 1),
(270, 7, '2024-06-28 11:36:08', 3, 3, 1),
(270, 10, '2024-06-28 11:36:08', 3, 3, 1),
(270, 94, '2024-11-18 11:00:43', 3, 4, 1),
(270, 95, '2024-11-18 11:00:43', 3, 4, 1),
(270, 451, '2024-06-28 11:30:24', 3, 4, 1),
(270, 452, '2024-06-28 11:30:24', 3, 4, 1),
(270, 453, '2024-06-28 11:36:08', 3, 4, 1),
(270, 454, '2024-06-28 11:36:08', 3, 4, 1),
(271, 6, '2024-02-21 01:46:47', 3, 4, 1),
(271, 7, '2024-02-21 01:46:47', 3, 2, 1),
(271, 10, '2024-02-21 01:46:47', 3, 4, 1),
(271, 316, '2024-02-21 01:46:47', 3, 4, 1),
(271, 317, '2024-02-21 01:46:47', 3, 4, 1),
(271, 322, '2024-06-28 10:57:40', 3, 4, 1),
(271, 323, '2024-06-28 10:57:40', 3, 4, 1),
(271, 437, '2024-06-28 10:58:11', 3, 4, 1),
(271, 438, '2024-06-28 10:58:11', 3, 4, 1),
(272, 6, '2024-02-21 01:47:00', 3, 4, 1),
(272, 7, '2024-02-21 01:47:00', 3, 2, 1),
(272, 10, '2024-02-21 01:47:00', 3, 4, 1),
(272, 32, '2024-02-21 01:47:00', 3, 4, 1),
(272, 33, '2024-02-21 01:47:00', 3, 4, 1),
(272, 34, '2024-09-26 10:16:00', 3, 4, 1),
(272, 35, '2024-09-26 10:16:00', 3, 4, 1),
(272, 36, '2024-09-26 10:15:00', 3, 4, 1),
(272, 37, '2024-09-26 10:15:00', 3, 4, 1),
(272, 102, '2024-10-19 04:56:35', 3, 4, 1),
(272, 103, '2024-10-19 04:56:35', 3, 4, 1),
(272, 106, '2024-10-19 02:17:44', 3, 4, 1),
(272, 107, '2024-10-19 02:17:44', 3, 4, 1),
(272, 112, '2024-10-19 02:18:22', 3, 4, 1),
(272, 113, '2024-10-19 02:18:22', 3, 4, 1),
(272, 322, '2024-07-13 02:37:54', 3, 4, 1),
(272, 323, '2024-07-13 02:37:54', 3, 4, 1),
(272, 455, '2024-07-13 02:37:12', 3, 4, 1),
(272, 456, '2024-07-13 02:37:12', 3, 4, 1),
(273, 1, '2024-07-24 04:32:03', 3, 4, 1),
(273, 2, '2024-07-24 04:32:03', 3, 4, 1),
(273, 3, '2024-07-24 04:32:03', 3, 2, 1),
(273, 4, '2024-07-24 04:32:03', 3, 2, 1),
(273, 5, '2024-07-24 04:32:03', 3, 4, 1),
(273, 6, '2024-07-24 04:32:03', 3, 4, 5),
(273, 7, '2024-07-24 04:32:03', 3, 2, 1),
(273, 223, '2024-01-17 03:20:01', 3, 3, 1),
(273, 224, '2024-01-17 03:20:01', 3, 3, 1),
(273, 225, '2024-01-17 03:20:01', 3, 3, 1),
(273, 226, '2024-01-17 03:20:01', 3, 3, 1),
(273, 227, '2024-01-17 03:20:01', 3, 2, 1),
(273, 228, '2024-01-17 03:20:01', 3, 1, NULL),
(273, 229, '2024-01-17 03:20:01', 3, 4, 1),
(273, 230, '2024-01-17 03:20:01', 3, 4, 1),
(273, 231, '2024-01-17 03:20:01', 3, 4, 1),
(273, 232, '2024-01-17 03:20:01', 3, 4, 1),
(273, 233, '2024-01-17 03:20:01', 3, 4, 1),
(273, 234, '2024-01-17 03:20:01', 3, 5, 1),
(273, 235, '2024-01-17 03:20:01', 3, 5, 1),
(273, 236, '2024-01-17 03:20:01', 3, 5, 1),
(275, 6, '2024-02-21 01:47:13', 3, 4, 1),
(275, 7, '2024-02-21 01:47:13', 3, 2, 1),
(275, 10, '2024-02-21 01:47:13', 3, 4, 1),
(275, 32, '2024-02-21 01:47:13', 3, 4, 1),
(275, 33, '2024-02-21 01:47:13', 3, 4, 1),
(275, 34, '2024-09-22 01:50:04', 3, 4, 1),
(275, 35, '2024-09-22 01:50:04', 3, 4, 1),
(275, 36, '2024-09-22 01:51:18', 3, 4, 1),
(275, 37, '2024-09-22 01:51:18', 3, 4, 1),
(275, 102, '2024-10-25 11:50:41', 3, 4, 1),
(275, 103, '2024-10-25 11:50:41', 3, 4, 1),
(275, 106, '2024-10-19 02:32:35', 3, 4, 1),
(275, 107, '2024-10-19 02:32:35', 3, 4, 1),
(275, 112, '2024-10-19 02:30:01', 3, 4, 1),
(275, 113, '2024-10-19 02:30:01', 3, 4, 1),
(275, 322, '2024-07-13 02:40:42', 3, 4, 1),
(275, 323, '2024-07-13 02:40:42', 3, 4, 1),
(275, 455, '2024-07-13 02:41:11', 3, 4, 1),
(275, 456, '2024-07-13 02:41:11', 3, 4, 1),
(276, 6, '2024-01-24 03:36:53', 3, 4, 1),
(276, 7, '2024-01-24 03:36:53', 3, 1, NULL),
(276, 10, '2024-01-24 03:36:53', 3, 4, 1),
(276, 343, '2024-01-24 10:49:13', 3, 4, 1),
(276, 344, '2024-01-24 10:49:13', 3, 4, 1),
(276, 347, '2024-01-24 10:48:53', 3, 4, 1),
(276, 348, '2024-01-24 10:48:53', 3, 4, 1),
(276, 349, '2024-01-24 10:48:37', 3, 4, 1),
(276, 350, '2024-01-24 10:48:37', 3, 4, 1),
(276, 355, '2024-01-24 03:36:07', 3, 4, 1),
(276, 356, '2024-01-24 03:36:07', 3, 4, 1),
(276, 357, '2024-01-24 03:36:53', 3, 4, 1),
(276, 358, '2024-01-24 03:36:53', 3, 4, 1),
(276, 359, '2024-01-24 03:36:22', 3, 4, 1),
(276, 360, '2024-01-24 03:36:22', 3, 4, 1),
(276, 361, '2024-01-24 03:36:38', 3, 4, 1),
(276, 362, '2024-01-24 03:36:38', 3, 4, 1),
(277, 6, '2024-11-07 04:53:38', 3, 4, 1),
(277, 7, '2024-11-07 04:53:38', 3, 1, NULL),
(277, 10, '2024-11-07 04:53:38', 3, 4, 1),
(277, 132, '2024-11-07 04:53:38', 3, 4, 1),
(277, 133, '2024-11-07 04:53:38', 3, 4, 1),
(281, 6, '2024-01-08 03:08:53', 3, 1, NULL),
(281, 7, '2024-01-08 03:08:53', 3, 1, NULL),
(281, 10, '2024-01-08 03:08:53', 3, 1, NULL),
(281, 306, '2024-01-08 02:48:44', 3, 1, NULL),
(281, 307, '2024-01-08 02:48:44', 3, 1, NULL),
(281, 308, '2024-01-08 03:08:53', 3, 1, NULL),
(281, 309, '2024-01-08 03:08:53', 3, 1, NULL),
(281, 310, '2024-01-08 03:15:45', 3, 1, NULL),
(281, 311, '2024-01-08 03:15:45', 3, 1, NULL),
(281, 314, '2024-01-08 03:30:56', 3, 1, NULL),
(281, 315, '2024-01-08 03:30:56', 3, 1, NULL),
(283, 6, '2024-02-12 03:39:22', 3, 4, 1),
(283, 7, '2024-02-12 03:39:22', 3, 1, NULL),
(283, 10, '2024-02-12 03:39:22', 3, 4, 1),
(283, 124, '2024-11-08 09:16:06', 3, 4, 1),
(283, 125, '2024-11-08 09:16:06', 3, 4, 1),
(283, 126, '2024-02-12 03:39:22', 3, 4, 1),
(283, 127, '2024-02-12 03:39:22', 3, 4, 1),
(283, 128, '2024-12-07 11:10:46', 3, 4, 1),
(283, 129, '2024-12-07 11:10:46', 3, 4, 1),
(283, 147, '2024-11-08 10:50:10', 3, 4, 1),
(283, 148, '2024-11-08 10:50:10', 3, 4, 1),
(284, 6, '2024-01-26 12:33:13', 3, 4, 1),
(284, 7, '2024-01-26 12:33:13', 3, 1, NULL),
(284, 10, '2024-01-26 12:33:13', 3, 4, 1),
(284, 371, '2024-01-26 12:33:13', 3, 4, 1),
(284, 372, '2024-01-26 12:33:13', 3, 4, 1),
(285, 6, '2024-02-21 01:47:30', 3, 4, 1),
(285, 7, '2024-02-21 01:47:30', 3, 2, 1),
(285, 10, '2024-02-21 01:47:29', 3, 3, 1),
(285, 481, '2024-02-21 01:47:29', 3, 4, 1),
(285, 482, '2024-02-21 01:47:29', 3, 4, 1),
(285, 485, '2024-01-17 01:58:12', 3, 4, 1),
(285, 486, '2024-01-17 01:58:12', 3, 4, 1),
(285, 487, '2024-01-17 01:58:06', 3, 4, 1),
(285, 488, '2024-01-17 01:58:06', 3, 4, 1),
(286, 6, '2024-02-21 01:47:50', 3, 4, 1),
(286, 7, '2024-02-21 01:47:50', 3, 2, 1),
(286, 10, '2024-02-21 01:47:50', 3, 4, 1),
(286, 22, '2024-11-20 01:30:53', 3, 4, 1),
(286, 23, '2024-11-20 01:30:53', 3, 4, 1),
(286, 479, '2024-02-21 01:47:50', 3, 4, 1),
(286, 480, '2024-02-21 01:47:50', 3, 4, 1),
(287, 6, '2024-02-21 01:48:03', 3, 4, 1),
(287, 7, '2024-02-21 01:48:03', 3, 2, 1),
(287, 10, '2024-02-21 01:48:03', 3, 4, 1),
(287, 46, '2024-09-19 12:13:04', 3, 4, 1),
(287, 47, '2024-09-19 12:13:04', 3, 4, 1),
(287, 48, '2024-11-16 02:25:52', 3, 4, 1),
(287, 49, '2024-11-16 02:25:52', 3, 4, 1),
(287, 72, '2024-10-17 08:40:25', 3, 1, NULL),
(287, 73, '2024-10-17 08:40:25', 3, 1, NULL),
(287, 74, '2024-10-17 08:41:33', 3, 4, 1),
(287, 75, '2024-10-17 08:41:33', 3, 4, 1),
(287, 78, '2024-10-17 09:26:38', 3, 4, 1),
(287, 79, '2024-10-17 09:26:38', 3, 4, 1),
(287, 80, '2024-10-17 09:26:45', 3, 4, 1),
(287, 81, '2024-10-17 09:26:45', 3, 4, 1),
(287, 82, '2024-11-20 01:31:33', 3, 4, 1),
(287, 83, '2024-11-20 01:31:33', 3, 4, 1),
(287, 84, '2024-10-17 09:36:55', 3, 4, 1),
(287, 85, '2024-10-17 09:36:55', 3, 4, 1),
(287, 86, '2024-10-17 09:36:46', 3, 4, 1),
(287, 87, '2024-10-17 09:36:46', 3, 4, 1),
(287, 481, '2024-02-21 01:48:03', 3, 4, 1),
(287, 482, '2024-02-21 01:48:03', 3, 4, 1),
(287, 485, '2024-01-16 01:45:34', 3, 4, 1),
(287, 486, '2024-01-16 01:45:34', 3, 4, 1),
(287, 487, '2024-01-16 01:45:26', 3, 4, 1),
(287, 488, '2024-01-16 01:45:26', 3, 4, 1),
(287, 497, '2024-01-16 01:45:08', 3, 4, 1),
(287, 498, '2024-01-16 01:45:08', 3, 4, 1),
(288, 6, '2024-02-21 01:48:16', 3, 4, 1),
(288, 7, '2024-02-21 01:48:16', 3, 2, 1),
(288, 10, '2024-02-21 01:48:16', 3, 4, 1),
(288, 44, '2024-10-20 11:03:58', 3, 1, NULL),
(288, 45, '2024-10-20 11:03:58', 3, 1, NULL),
(288, 76, '2024-09-26 11:59:35', 3, 4, 1),
(288, 77, '2024-09-26 11:59:35', 3, 4, 1),
(288, 78, '2024-11-20 01:39:49', 3, 1, NULL),
(288, 79, '2024-11-20 01:39:49', 3, 1, NULL),
(288, 80, '2024-10-20 10:01:45', 3, 1, NULL),
(288, 81, '2024-10-20 10:01:45', 3, 1, NULL),
(288, 82, '2024-09-26 12:10:00', 3, 4, 1),
(288, 83, '2024-09-26 12:10:00', 3, 4, 1),
(288, 96, '2024-10-20 11:04:05', 3, 1, NULL),
(288, 97, '2024-10-20 11:04:05', 3, 1, NULL),
(288, 479, '2024-01-16 02:05:18', 3, 4, 1),
(288, 480, '2024-01-16 02:05:18', 3, 4, 1),
(288, 481, '2024-01-16 02:05:50', 3, 4, 1),
(288, 482, '2024-01-16 02:05:50', 3, 4, 1),
(288, 485, '2024-01-16 02:06:04', 3, 4, 1),
(288, 486, '2024-01-16 02:06:04', 3, 4, 1),
(288, 487, '2024-01-16 02:05:59', 3, 4, 1),
(288, 488, '2024-01-16 02:05:59', 3, 4, 1),
(288, 493, '2024-02-21 01:48:16', 3, 4, 1),
(288, 494, '2024-02-21 01:48:16', 3, 4, 1),
(288, 497, '2024-01-16 02:05:10', 3, 4, 1),
(288, 498, '2024-01-16 02:05:10', 3, 4, 1),
(289, 6, '2024-01-24 03:47:15', 3, 4, 1),
(289, 7, '2024-01-24 03:47:15', 3, 1, NULL),
(289, 10, '2024-01-24 03:47:15', 3, 4, 1),
(289, 155, '2024-12-19 11:20:57', 3, 4, 1),
(289, 156, '2024-12-19 11:20:57', 3, 4, 1),
(289, 157, '2024-11-08 11:03:58', 3, 4, 1),
(289, 158, '2024-11-08 11:03:58', 3, 4, 1),
(289, 161, '2024-12-18 02:53:40', 3, 4, 1),
(289, 162, '2024-12-18 02:53:40', 3, 4, 1),
(289, 343, '2024-01-24 10:58:51', 3, 4, 1),
(289, 344, '2024-01-24 10:58:51', 3, 4, 1),
(289, 347, '2024-01-24 10:58:23', 3, 4, 1),
(289, 348, '2024-01-24 10:58:23', 3, 4, 1),
(289, 349, '2024-01-24 10:58:06', 3, 4, 1),
(289, 350, '2024-01-24 10:58:06', 3, 4, 1),
(289, 355, '2024-01-24 03:46:28', 3, 4, 1),
(289, 356, '2024-01-24 03:46:28', 3, 4, 1),
(289, 357, '2024-01-24 03:47:15', 3, 4, 1),
(289, 358, '2024-01-24 03:47:15', 3, 4, 1),
(289, 359, '2024-01-24 03:46:35', 3, 1, NULL),
(289, 360, '2024-01-24 03:46:35', 3, 1, NULL),
(289, 361, '2024-01-24 03:46:57', 3, 4, 1),
(289, 362, '2024-01-24 03:46:57', 3, 4, 1),
(293, 6, '2024-11-08 09:22:54', 3, 4, 1),
(293, 7, '2024-11-08 09:22:54', 3, 2, 1),
(293, 10, '2024-11-08 09:22:54', 3, 4, 1),
(293, 141, '2024-11-08 09:22:54', 3, 4, 1),
(293, 142, '2024-11-08 09:22:54', 3, 4, 1),
(297, 6, '2024-08-09 12:04:33', 3, 1, NULL),
(297, 7, '2024-08-09 12:04:33', 3, 2, 1),
(297, 461, '2024-07-27 12:26:04', 3, 4, 1),
(297, 462, '2024-07-27 12:26:04', 3, 3, 1),
(297, 463, '2024-07-27 12:26:04', 3, 2, 1),
(297, 464, '2024-08-09 12:04:33', 3, 1, NULL),
(297, 465, '2024-08-09 12:04:33', 3, 3, 1),
(297, 466, '2024-08-09 12:04:33', 3, 3, 1),
(297, 467, '2024-08-09 12:04:33', 3, 1, 3),
(297, 468, '2024-08-09 12:04:33', 3, 1, NULL),
(297, 469, '2024-08-09 12:04:33', 3, 2, 1),
(297, 470, '2024-08-09 12:04:33', 3, 1, NULL),
(297, 471, '2024-07-27 01:54:07', 3, 1, NULL),
(297, 472, '2024-07-27 01:54:07', 3, 4, 1),
(297, 473, '2024-07-27 01:54:07', 3, 4, 1),
(297, 474, '2024-07-27 01:54:07', 3, 1, NULL),
(297, 475, '2024-07-27 01:54:07', 3, 1, NULL),
(297, 476, '2024-07-27 01:54:07', 3, 4, 1),
(298, 6, '2024-08-09 12:05:08', 3, 1, NULL),
(298, 7, '2024-08-09 12:05:08', 3, 2, 1),
(298, 461, '2024-07-27 12:27:18', 3, 3, 1),
(298, 462, '2024-07-27 12:27:18', 3, 2, 1),
(298, 463, '2024-07-27 12:27:18', 3, 2, 1),
(298, 464, '2024-07-27 01:58:37', 3, 4, 1),
(298, 465, '2024-07-27 01:58:37', 3, 4, 1),
(298, 466, '2024-07-27 01:58:37', 3, 4, 1),
(298, 467, '2024-07-27 01:58:37', 3, 4, 1),
(298, 468, '2024-07-27 01:58:37', 3, 4, 1),
(298, 469, '2024-07-27 01:58:37', 3, 4, 1),
(298, 470, '2024-07-27 01:58:37', 3, 4, 1),
(298, 471, '2024-08-09 12:05:08', 3, 1, NULL),
(298, 472, '2024-08-09 12:05:08', 3, 1, NULL),
(298, 473, '2024-08-09 12:05:08', 3, 1, NULL),
(298, 474, '2024-08-09 12:05:08', 3, 1, NULL),
(298, 475, '2024-08-09 12:05:08', 3, 1, NULL),
(298, 476, '2024-08-09 12:05:08', 3, 1, NULL),
(299, 6, '2024-07-29 10:22:00', 3, 4, 1),
(299, 7, '2024-07-29 10:22:00', 3, 3, 2),
(299, 10, '2024-07-29 10:22:00', 3, 4, 3),
(299, 100, '2024-11-18 11:02:50', 3, 4, 1),
(299, 101, '2024-11-18 11:02:50', 3, 4, 1),
(299, 435, '2024-07-29 10:22:00', 3, 4, 1),
(299, 436, '2024-07-29 10:22:00', 3, 4, 1),
(300, 6, '2024-07-29 10:22:26', 3, 4, 1),
(300, 7, '2024-07-29 10:22:26', 3, 3, 2),
(300, 10, '2024-07-29 10:22:26', 3, 4, 1),
(300, 100, '2024-02-21 01:51:50', 3, 4, 1),
(300, 101, '2024-02-21 01:51:50', 3, 4, 1),
(300, 435, '2024-07-29 10:22:26', 3, 4, 1),
(300, 436, '2024-07-29 10:22:26', 3, 4, 1),
(301, 6, '2024-01-08 03:09:21', 3, 4, 1),
(301, 7, '2024-01-08 03:09:21', 3, 1, NULL),
(301, 10, '2024-01-08 03:09:21', 3, 4, 1),
(301, 306, '2024-01-08 02:44:02', 3, 4, 1),
(301, 307, '2024-01-08 02:44:02', 3, 4, 1),
(301, 308, '2024-01-08 03:09:21', 3, 1, NULL),
(301, 309, '2024-01-08 03:09:21', 3, 1, NULL),
(301, 310, '2024-01-08 03:14:58', 3, 1, NULL),
(301, 311, '2024-01-08 03:14:58', 3, 1, NULL),
(304, 6, '2024-02-21 01:52:07', 3, 4, 1),
(304, 7, '2024-02-21 01:52:07', 3, 2, 1),
(304, 10, '2024-02-21 01:52:07', 3, 4, 1),
(304, 48, '2024-09-19 12:20:20', 3, 4, 1),
(304, 49, '2024-09-19 12:20:20', 3, 4, 1),
(304, 78, '2024-11-20 01:32:54', 3, 4, 1),
(304, 79, '2024-11-20 01:32:54', 3, 4, 1),
(304, 80, '2024-11-20 01:32:57', 3, 4, 1),
(304, 81, '2024-11-20 01:32:57', 3, 4, 1),
(304, 82, '2024-09-26 12:13:22', 3, 4, 1),
(304, 83, '2024-09-26 12:13:22', 3, 4, 1),
(304, 86, '2024-09-26 12:13:41', 3, 4, 1),
(304, 87, '2024-09-26 12:13:41', 3, 4, 1),
(304, 481, '2024-02-21 01:52:07', 3, 4, 1),
(304, 482, '2024-02-21 01:52:07', 3, 4, 1),
(304, 485, '2024-01-16 01:54:56', 3, 4, 1),
(304, 486, '2024-01-16 01:54:56', 3, 4, 1),
(305, 6, '2024-11-18 11:19:47', 3, 4, 1),
(305, 7, '2024-11-18 11:19:48', 3, 2, 1),
(305, 10, '2024-11-18 11:19:47', 3, 2, 1),
(305, 26, '2024-11-18 11:19:47', 3, 4, 1),
(305, 27, '2024-11-18 11:19:47', 3, 4, 1),
(305, 28, '2024-09-19 12:19:24', 3, 4, 1),
(305, 29, '2024-09-19 12:19:24', 3, 4, 1),
(305, 30, '2024-09-19 12:21:14', 3, 4, 1),
(305, 31, '2024-09-19 12:21:14', 3, 4, 1),
(305, 32, '2024-09-22 04:28:17', 3, 4, 1),
(305, 33, '2024-09-22 04:28:17', 3, 4, 1),
(305, 34, '2024-09-19 12:16:14', 3, 4, 1),
(305, 35, '2024-09-19 12:16:14', 3, 4, 1),
(305, 36, '2024-09-19 12:13:04', 3, 4, 1),
(305, 37, '2024-09-19 12:13:04', 3, 4, 1),
(305, 50, '2024-09-19 12:24:54', 3, 4, 1),
(305, 51, '2024-09-19 12:24:54', 3, 4, 1),
(308, 6, '2024-02-21 01:52:34', 3, 4, 1),
(308, 7, '2024-02-21 01:52:34', 3, 2, 1),
(308, 10, '2024-02-21 01:52:34', 3, 3, 1),
(308, 26, '2024-02-21 01:52:34', 3, 4, 1),
(308, 27, '2024-02-21 01:52:34', 3, 4, 1),
(308, 28, '2024-10-12 01:41:31', 3, 4, 1),
(308, 29, '2024-10-12 01:41:31', 3, 4, 1),
(308, 30, '2024-10-12 01:40:48', 3, 4, 1),
(308, 31, '2024-10-12 01:40:48', 3, 4, 1),
(308, 32, '2024-11-21 01:53:15', 3, 4, 1),
(308, 33, '2024-11-21 01:53:15', 3, 4, 1),
(308, 34, '2024-10-12 01:39:18', 3, 4, 1),
(308, 35, '2024-10-12 01:39:18', 3, 4, 1),
(308, 36, '2024-10-12 01:38:37', 3, 4, 1),
(308, 37, '2024-10-12 01:38:37', 3, 4, 1),
(308, 481, '2024-01-17 01:54:39', 3, 4, 1),
(308, 482, '2024-01-17 01:54:39', 3, 4, 1),
(308, 489, '2024-01-17 01:54:46', 3, 4, 1),
(308, 490, '2024-01-17 01:54:46', 3, 4, 1),
(309, 6, '2024-02-20 01:42:22', 3, 4, 1),
(309, 7, '2024-02-20 01:42:22', 3, 3, 1),
(309, 10, '2024-11-18 11:20:27', 3, 3, 1),
(309, 54, '2024-11-18 11:20:27', 3, 4, 1),
(309, 55, '2024-11-18 11:20:27', 3, 4, 1),
(309, 56, '2024-09-22 02:25:28', 3, 4, 1),
(309, 57, '2024-09-22 02:25:28', 3, 4, 1),
(309, 383, '2024-02-20 01:42:22', 3, 3, 1),
(309, 384, '2024-02-20 01:42:22', 3, 3, 1),
(309, 385, '2024-02-20 01:42:22', 3, 3, 1),
(309, 386, '2024-02-20 01:42:22', 3, 3, 1),
(309, 387, '2024-02-20 01:42:22', 3, 3, 1),
(309, 388, '2024-02-20 01:42:22', 3, 3, 1),
(309, 499, '2024-02-20 01:42:22', 3, 1, NULL),
(309, 500, '2024-02-20 01:42:22', 3, 4, 1),
(311, 6, '2024-02-21 01:53:11', 3, 4, 1),
(311, 7, '2024-02-21 01:53:11', 3, 2, 1),
(311, 10, '2024-02-21 01:53:11', 3, 4, 1),
(311, 46, '2024-09-25 03:53:48', 3, 4, 1),
(311, 47, '2024-09-25 03:53:48', 3, 4, 1),
(311, 74, '2024-09-25 03:49:26', 3, 4, 1),
(311, 75, '2024-09-25 03:49:26', 3, 4, 1),
(311, 78, '2024-09-26 10:05:49', 3, 4, 1),
(311, 79, '2024-09-26 10:05:49', 3, 4, 1),
(311, 80, '2024-09-26 10:06:26', 3, 4, 1),
(311, 81, '2024-09-26 10:06:26', 3, 4, 1),
(311, 82, '2024-11-20 01:34:06', 3, 4, 1),
(311, 83, '2024-11-20 01:34:06', 3, 4, 1),
(311, 84, '2024-11-20 01:34:25', 3, 4, 1),
(311, 85, '2024-11-20 01:34:25', 3, 4, 1),
(311, 86, '2024-09-26 11:28:16', 3, 4, 1),
(311, 87, '2024-09-26 11:28:16', 3, 4, 1),
(311, 481, '2024-01-16 12:27:52', 3, 4, 1),
(311, 482, '2024-01-16 12:27:52', 3, 4, 1),
(311, 485, '2024-01-16 12:27:39', 3, 4, 1),
(311, 486, '2024-01-16 12:27:39', 3, 4, 1),
(311, 487, '2024-01-16 12:27:33', 3, 4, 1),
(311, 488, '2024-01-16 12:27:33', 3, 4, 1),
(311, 493, '2024-02-21 01:53:11', 3, 4, 1),
(311, 494, '2024-02-21 01:53:11', 3, 4, 1),
(312, 6, '2024-02-12 03:08:48', 3, 4, 1),
(312, 7, '2024-02-12 03:08:48', 3, 1, NULL),
(312, 10, '2024-02-12 03:08:48', 3, 4, 1),
(312, 149, '2024-01-15 11:37:59', 3, 4, 1),
(312, 150, '2024-01-15 11:37:59', 3, 4, 1),
(312, 296, '2024-12-14 02:22:49', 3, 4, 1),
(312, 297, '2024-12-14 02:22:49', 3, 4, 1),
(312, 332, '2024-02-12 03:08:48', 3, 4, 1),
(312, 333, '2024-02-12 03:08:48', 3, 4, 1),
(312, 343, '2024-01-24 10:36:21', 3, 4, 1),
(312, 344, '2024-01-24 10:36:21', 3, 4, 1),
(312, 347, '2024-01-24 10:36:56', 3, 4, 1),
(312, 348, '2024-01-24 10:36:56', 3, 4, 1),
(312, 349, '2024-01-24 10:36:41', 3, 4, 1),
(312, 350, '2024-01-24 10:36:40', 3, 4, 1),
(312, 355, '2024-01-24 03:27:01', 3, 4, 1),
(312, 356, '2024-01-24 03:27:01', 3, 4, 1),
(312, 357, '2024-01-24 03:27:48', 3, 4, 1),
(312, 358, '2024-01-24 03:27:48', 3, 4, 1),
(312, 359, '2024-01-24 03:27:14', 3, 4, 1),
(312, 360, '2024-01-24 03:27:14', 3, 4, 1),
(312, 361, '2024-01-24 03:27:31', 3, 4, 1),
(312, 362, '2024-01-24 03:27:31', 3, 4, 1);
INSERT INTO `assessment` (`id_employee`, `id_skill`, `assessment_date`, `assessed_by`, `assessed_level`, `previous_level`) VALUES
(313, 6, '2024-02-21 01:53:24', 3, 4, 1),
(313, 7, '2024-02-21 01:53:24', 3, 2, 1),
(313, 10, '2024-02-21 01:53:24', 3, 3, 1),
(313, 48, '2024-10-16 04:31:59', 3, 4, 1),
(313, 49, '2024-10-16 04:32:00', 3, 4, 1),
(313, 76, '2024-10-17 08:15:26', 3, 4, 1),
(313, 77, '2024-10-17 08:15:26', 3, 4, 1),
(313, 78, '2024-10-16 04:59:38', 3, 4, 1),
(313, 79, '2024-10-16 04:59:37', 3, 4, 1),
(313, 80, '2024-10-16 05:00:04', 3, 4, 1),
(313, 81, '2024-10-16 05:00:03', 3, 4, 1),
(313, 82, '2024-11-20 01:34:58', 3, 4, 1),
(313, 83, '2024-11-20 01:34:58', 3, 4, 1),
(313, 84, '2024-02-19 03:00:38', 3, 4, 1),
(313, 85, '2024-02-19 03:00:38', 3, 4, 1),
(313, 86, '2024-10-16 04:55:13', 3, 4, 1),
(313, 87, '2024-10-16 04:55:12', 3, 4, 1),
(313, 481, '2024-02-21 01:53:24', 3, 4, 1),
(313, 482, '2024-02-21 01:53:24', 3, 4, 1),
(313, 485, '2024-01-18 04:58:14', 3, 4, 1),
(313, 486, '2024-01-18 04:58:14', 3, 4, 1),
(313, 487, '2024-01-18 04:58:09', 3, 4, 1),
(313, 488, '2024-01-18 04:58:09', 3, 4, 1),
(314, 6, '2024-01-19 02:11:03', 3, 4, 1),
(314, 7, '2024-01-19 02:11:03', 3, 1, NULL),
(314, 10, '2024-01-19 02:11:03', 3, 4, 1),
(314, 312, '2024-01-08 03:32:28', 3, 1, NULL),
(314, 313, '2024-01-08 03:32:28', 3, 1, NULL),
(314, 336, '2024-01-19 02:11:03', 3, 4, 1),
(314, 337, '2024-01-19 02:11:03', 3, 4, 1),
(316, 6, '2024-01-15 04:04:03', 3, 4, 1),
(316, 7, '2024-01-15 04:04:03', 3, 1, NULL),
(316, 10, '2024-01-15 04:04:03', 3, 4, 1),
(316, 306, '2024-01-15 04:04:03', 3, 4, 1),
(316, 307, '2024-01-15 04:04:03', 3, 4, 1),
(318, 6, '2024-02-28 01:55:36', 3, 3, 1),
(318, 7, '2024-02-28 01:55:36', 3, 2, 1),
(318, 507, '2024-02-28 01:55:36', 3, 2, 1),
(318, 508, '2024-02-28 01:55:36', 3, 1, NULL),
(318, 509, '2024-02-28 01:55:36', 3, 3, 1),
(318, 510, '2024-02-28 01:55:36', 3, 4, 1),
(318, 511, '2024-02-28 01:55:36', 3, 4, 1),
(318, 512, '2024-02-28 01:55:36', 3, 4, 1),
(318, 513, '2024-02-28 01:55:36', 3, 4, 1),
(321, 6, '2024-02-21 01:55:11', 3, 4, 1),
(321, 7, '2024-02-21 01:55:11', 3, 2, 1),
(321, 10, '2024-02-21 01:55:11', 3, 4, 1),
(321, 489, '2024-02-21 01:55:11', 3, 4, 1),
(321, 490, '2024-02-21 01:55:11', 3, 4, 1),
(323, 6, '2024-11-18 11:21:39', 3, 4, 1),
(323, 7, '2024-11-18 11:21:39', 3, 3, 1),
(323, 10, '2024-11-18 11:21:39', 3, 3, 1),
(323, 54, '2024-11-18 11:21:39', 3, 4, 1),
(323, 55, '2024-11-18 11:21:39', 3, 4, 1),
(323, 56, '2024-09-26 10:25:03', 3, 4, 1),
(323, 57, '2024-09-26 10:25:03', 3, 4, 1),
(324, 6, '2024-02-21 02:55:18', 3, 3, 4),
(324, 7, '2024-02-21 02:55:18', 3, 2, 1),
(324, 10, '2024-09-19 12:15:53', 3, 1, NULL),
(324, 46, '2024-09-19 11:56:54', 3, 4, 1),
(324, 47, '2024-09-19 11:56:54', 3, 4, 1),
(324, 48, '2024-09-19 12:15:53', 3, 4, 1),
(324, 49, '2024-09-19 12:15:53', 3, 4, 1),
(324, 507, '2024-02-21 02:55:18', 3, 4, 1),
(324, 508, '2024-02-21 02:55:18', 3, 1, NULL),
(324, 509, '2024-02-21 02:55:18', 3, 4, 1),
(324, 510, '2024-02-21 02:55:18', 3, 4, 1),
(324, 511, '2024-02-21 02:55:18', 3, 4, 1),
(324, 512, '2024-02-21 02:55:18', 3, 4, 1),
(324, 513, '2024-02-21 02:55:18', 3, 4, 1),
(325, 6, '2024-02-12 02:27:17', 3, 4, 1),
(325, 7, '2024-02-12 02:27:17', 3, 1, NULL),
(325, 10, '2024-02-12 02:27:17', 3, 4, 1),
(325, 334, '2024-02-12 02:27:17', 3, 4, 1),
(325, 335, '2024-02-12 02:27:17', 3, 4, 1),
(325, 375, '2024-01-26 01:39:13', 3, 4, 1),
(325, 376, '2024-01-26 01:39:13', 3, 4, 1),
(327, 6, '2024-12-14 08:20:16', 3, 4, 1),
(327, 7, '2024-12-14 08:20:16', 3, 3, 1),
(327, 10, '2024-12-14 08:20:16', 3, 4, 1),
(327, 24, '2024-11-18 11:22:13', 3, 4, 1),
(327, 25, '2024-11-18 11:22:13', 3, 4, 1),
(327, 40, '2024-09-18 05:24:05', 3, 4, 1),
(327, 41, '2024-09-18 05:24:05', 3, 4, 1),
(327, 42, '2024-12-14 08:20:16', 3, 2, 1),
(327, 43, '2024-12-14 08:20:16', 3, 1, NULL),
(327, 92, '2024-09-26 10:26:49', 3, 4, 1),
(327, 93, '2024-09-26 10:26:49', 3, 4, 1),
(328, 6, '2024-01-18 01:23:12', 3, 4, 1),
(328, 7, '2024-01-18 01:23:11', 3, 2, 1),
(328, 10, '2024-01-18 01:23:12', 3, 3, 1),
(328, 126, '2024-01-18 01:23:12', 3, 3, 1),
(328, 127, '2024-01-18 01:23:12', 3, 4, 1),
(335, 6, '2024-01-17 02:03:26', 3, 4, 1),
(335, 7, '2024-01-17 02:03:26', 3, 3, 1),
(335, 10, '2024-01-17 02:03:26', 3, 3, 1),
(335, 54, '2024-11-18 11:22:50', 3, 4, 1),
(335, 55, '2024-11-18 11:22:50', 3, 4, 1),
(335, 56, '2024-10-06 02:28:04', 3, 4, 1),
(335, 57, '2024-10-06 02:28:04', 3, 4, 1),
(335, 481, '2024-01-17 02:03:08', 3, 4, 1),
(335, 482, '2024-01-17 02:03:08', 3, 4, 1),
(335, 485, '2024-01-17 02:03:26', 3, 4, 1),
(335, 486, '2024-01-17 02:03:26', 3, 4, 1),
(335, 487, '2024-01-17 02:03:19', 3, 4, 1),
(335, 488, '2024-01-17 02:03:19', 3, 4, 1),
(336, 6, '2024-01-16 01:58:15', 3, 4, 1),
(336, 7, '2024-01-16 01:58:15', 3, 3, 1),
(336, 10, '2024-01-16 01:58:15', 3, 2, 1),
(336, 54, '2024-11-18 11:23:20', 3, 4, 1),
(336, 55, '2024-11-18 11:23:20', 3, 4, 1),
(336, 56, '2024-09-22 02:26:18', 3, 4, 1),
(336, 57, '2024-09-22 02:26:18', 3, 4, 1),
(336, 481, '2024-01-16 01:57:55', 3, 4, 1),
(336, 482, '2024-01-16 01:57:55', 3, 4, 1),
(336, 485, '2024-01-16 01:58:15', 3, 4, 1),
(336, 486, '2024-01-16 01:58:15', 3, 4, 1),
(336, 487, '2024-01-16 01:58:03', 3, 4, 1),
(336, 488, '2024-01-16 01:58:03', 3, 4, 1),
(337, 6, '2024-07-05 02:08:29', 3, 4, 1),
(337, 7, '2024-07-05 02:08:29', 3, 1, NULL),
(337, 10, '2024-07-05 02:08:29', 3, 4, 1),
(337, 132, '2024-11-07 04:54:52', 3, 4, 1),
(337, 133, '2024-11-07 04:54:52', 3, 4, 1),
(337, 165, '2024-02-12 01:54:42', 3, 4, 1),
(337, 166, '2024-02-12 01:54:42', 3, 4, 1),
(337, 334, '2024-02-12 02:14:39', 3, 4, 1),
(337, 335, '2024-02-12 02:14:39', 3, 4, 1),
(337, 341, '2024-01-23 11:56:30', 3, 4, 1),
(337, 342, '2024-01-23 11:56:30', 3, 4, 1),
(337, 371, '2024-07-05 02:08:29', 3, 4, 3),
(337, 372, '2024-07-05 02:08:29', 3, 4, 1),
(338, 6, '2024-02-21 01:56:39', 3, 4, 1),
(338, 7, '2024-02-21 01:56:39', 3, 2, 1),
(338, 10, '2024-02-21 01:56:39', 3, 4, 1),
(338, 46, '2024-09-19 12:13:40', 3, 4, 1),
(338, 47, '2024-09-19 12:13:40', 3, 4, 1),
(338, 48, '2024-09-19 12:21:26', 3, 4, 1),
(338, 49, '2024-09-19 12:21:26', 3, 4, 1),
(338, 82, '2024-09-26 12:16:36', 3, 4, 1),
(338, 83, '2024-09-26 12:16:36', 3, 4, 1),
(338, 84, '2024-11-20 01:35:38', 3, 4, 1),
(338, 85, '2024-11-20 01:35:38', 3, 4, 1),
(338, 86, '2024-09-26 12:20:53', 3, 4, 1),
(338, 87, '2024-09-26 12:20:53', 3, 4, 1),
(338, 481, '2024-02-21 01:56:39', 3, 4, 1),
(338, 482, '2024-02-21 01:56:39', 3, 4, 1),
(338, 485, '2024-01-16 01:54:10', 3, 4, 1),
(338, 486, '2024-01-16 01:54:10', 3, 4, 1),
(338, 487, '2024-01-16 01:54:04', 3, 4, 1),
(338, 488, '2024-01-16 01:54:04', 3, 4, 1),
(338, 497, '2024-01-16 01:53:52', 3, 4, 1),
(338, 498, '2024-01-16 01:53:52', 3, 4, 1),
(340, 6, '2024-11-08 09:21:39', 3, 4, 1),
(340, 7, '2024-11-08 09:21:39', 3, 2, 1),
(340, 10, '2024-11-08 09:21:39', 3, 4, 1),
(340, 141, '2024-11-08 09:21:39', 3, 4, 1),
(340, 142, '2024-11-08 09:21:39', 3, 4, 1),
(341, 6, '2024-01-24 03:43:50', 3, 4, 1),
(341, 7, '2024-01-24 03:43:50', 3, 1, NULL),
(341, 10, '2024-01-24 03:43:50', 3, 4, 1),
(341, 343, '2024-01-24 10:52:18', 3, 4, 1),
(341, 344, '2024-01-24 10:52:18', 3, 4, 1),
(341, 347, '2024-01-24 10:51:55', 3, 4, 1),
(341, 348, '2024-01-24 10:51:55', 3, 4, 1),
(341, 349, '2024-01-24 10:51:39', 3, 4, 1),
(341, 350, '2024-01-24 10:51:39', 3, 4, 1),
(341, 355, '2024-01-24 03:43:09', 3, 4, 1),
(341, 356, '2024-01-24 03:43:09', 3, 4, 1),
(341, 357, '2024-01-24 03:43:50', 3, 4, 1),
(341, 358, '2024-01-24 03:43:50', 3, 4, 1),
(341, 359, '2024-01-24 03:43:22', 3, 4, 1),
(341, 360, '2024-01-24 03:43:22', 3, 4, 1),
(341, 361, '2024-01-24 03:43:36', 3, 4, 1),
(341, 362, '2024-01-24 03:43:36', 3, 4, 1),
(343, 6, '2024-02-12 04:10:28', 3, 4, 1),
(343, 7, '2024-02-12 04:10:28', 3, 1, NULL),
(343, 10, '2024-02-12 04:10:28', 3, 4, 1),
(343, 377, '2024-02-12 04:10:28', 3, 4, 1),
(343, 378, '2024-02-12 04:10:28', 3, 4, 1),
(344, 6, '2024-02-12 03:52:20', 3, 4, 1),
(344, 7, '2024-02-12 03:52:20', 3, 1, NULL),
(344, 10, '2024-02-12 03:52:20', 3, 4, 1),
(344, 62, '2024-02-12 03:52:20', 3, 4, 1),
(344, 63, '2024-02-12 03:52:20', 3, 4, 1),
(344, 343, '2024-01-24 10:39:13', 3, 4, 1),
(344, 344, '2024-01-24 10:39:13', 3, 4, 1),
(344, 347, '2024-01-24 10:38:53', 3, 4, 1),
(344, 348, '2024-01-24 10:38:53', 3, 4, 1),
(344, 349, '2024-01-24 10:38:36', 3, 4, 1),
(344, 350, '2024-01-24 10:38:36', 3, 4, 1),
(344, 355, '2024-01-24 03:29:06', 3, 4, 1),
(344, 356, '2024-01-24 03:29:06', 3, 4, 1),
(344, 357, '2024-01-24 03:29:55', 3, 4, 1),
(344, 358, '2024-01-24 03:29:55', 3, 4, 1),
(344, 359, '2024-01-24 03:29:21', 3, 4, 1),
(344, 360, '2024-01-24 03:29:21', 3, 4, 1),
(344, 361, '2024-01-24 03:29:40', 3, 4, 1),
(344, 362, '2024-01-24 03:29:40', 3, 4, 1),
(345, 6, '2024-11-18 10:16:20', 3, 4, 1),
(345, 7, '2024-11-18 10:16:20', 3, 2, 1),
(345, 10, '2024-11-18 10:16:20', 3, 3, 1),
(345, 66, '2024-09-22 03:08:36', 3, 4, 1),
(345, 67, '2024-09-22 03:08:36', 3, 4, 1),
(345, 68, '2024-09-22 03:15:29', 3, 4, 1),
(345, 69, '2024-09-22 03:15:29', 3, 4, 1),
(345, 70, '2024-09-22 03:19:29', 3, 4, 1),
(345, 71, '2024-09-22 03:19:29', 3, 4, 1),
(345, 90, '2024-11-18 10:16:20', 3, 4, 1),
(345, 91, '2024-11-18 10:16:20', 3, 4, 1),
(346, 6, '2024-11-18 10:06:31', 3, 4, 1),
(346, 7, '2024-11-18 10:06:31', 3, 2, 1),
(346, 10, '2024-11-18 10:06:31', 3, 3, 1),
(346, 32, '2024-11-18 10:06:31', 3, 4, 1),
(346, 33, '2024-11-18 10:06:31', 3, 4, 1),
(346, 34, '2024-09-22 01:49:32', 3, 4, 1),
(346, 35, '2024-09-22 01:49:32', 3, 4, 1),
(346, 36, '2024-09-22 01:50:54', 3, 4, 1),
(346, 37, '2024-09-22 01:50:54', 3, 4, 1),
(346, 98, '2024-10-06 03:04:20', 3, 4, 1),
(346, 99, '2024-10-06 03:04:20', 3, 4, 1),
(346, 102, '2024-10-06 03:03:49', 3, 4, 1),
(346, 103, '2024-10-06 03:03:49', 3, 4, 1),
(346, 104, '2024-10-12 12:21:11', 3, 4, 1),
(346, 105, '2024-10-12 12:21:11', 3, 4, 1),
(346, 106, '2024-10-12 12:23:44', 3, 4, 1),
(346, 107, '2024-10-12 12:23:44', 3, 4, 1),
(346, 112, '2024-10-26 04:52:37', 3, 4, 1),
(346, 113, '2024-10-26 04:52:37', 3, 4, 1),
(347, 6, '2024-06-28 10:52:39', 3, 4, 1),
(347, 7, '2024-06-28 10:52:39', 3, 1, NULL),
(347, 10, '2024-06-28 10:52:39', 3, 2, 1),
(347, 94, '2024-11-18 10:59:22', 3, 4, 1),
(347, 95, '2024-11-18 10:59:22', 3, 4, 1),
(347, 322, '2024-06-28 10:52:39', 3, 4, 1),
(347, 323, '2024-06-28 10:52:39', 3, 4, 1),
(348, 6, '2024-06-28 10:54:27', 3, 4, 1),
(348, 7, '2024-06-28 10:54:27', 3, 1, NULL),
(348, 10, '2024-06-28 10:54:27', 3, 1, 2),
(348, 98, '2024-10-06 02:47:38', 3, 4, 1),
(348, 99, '2024-10-06 02:47:38', 3, 4, 1),
(348, 104, '2024-10-12 01:45:35', 3, 4, 1),
(348, 105, '2024-10-12 01:45:35', 3, 4, 1),
(348, 110, '2024-11-18 10:04:44', 3, 4, 1),
(348, 111, '2024-11-18 10:04:44', 3, 4, 1),
(348, 322, '2024-06-28 10:54:27', 3, 4, 1),
(348, 323, '2024-06-28 10:54:27', 3, 4, 1),
(348, 429, '2024-06-28 10:53:36', 3, 4, 1),
(348, 430, '2024-06-28 10:53:36', 3, 4, 1),
(349, 6, '2024-11-18 10:14:51', 3, 4, 1),
(349, 7, '2024-11-18 10:14:51', 3, 3, 1),
(349, 10, '2024-11-18 10:14:51', 3, 3, 1),
(349, 98, '2024-11-18 10:14:51', 3, 4, 1),
(349, 99, '2024-11-18 10:14:51', 3, 4, 1),
(349, 104, '2024-10-12 01:49:50', 3, 4, 1),
(349, 105, '2024-10-12 01:49:50', 3, 4, 1),
(349, 106, '2024-10-12 01:50:45', 3, 4, 1),
(349, 107, '2024-10-12 01:50:45', 3, 4, 1),
(349, 112, '2024-10-12 01:53:25', 3, 4, 1),
(349, 113, '2024-10-12 01:53:25', 3, 4, 1),
(350, 170, '2024-11-28 01:43:28', 3, 1, NULL),
(350, 171, '2024-11-28 01:43:28', 3, 1, NULL),
(350, 172, '2024-11-28 01:43:28', 3, 1, NULL),
(350, 187, '2024-01-17 03:14:34', 3, 4, 1),
(350, 188, '2024-01-17 03:14:34', 3, 5, 1),
(350, 189, '2024-01-17 03:14:34', 3, 4, 1),
(350, 190, '2024-01-17 03:14:34', 3, 4, 1),
(350, 191, '2024-01-17 03:14:34', 3, 4, 1),
(350, 192, '2024-01-17 03:14:34', 3, 5, 1),
(350, 193, '2024-01-17 03:14:34', 3, 3, 1),
(350, 194, '2024-01-17 03:14:34', 3, 3, 1),
(350, 195, '2024-01-17 03:14:34', 3, 2, 1),
(350, 196, '2024-01-17 03:14:34', 3, 3, 1),
(350, 197, '2024-01-17 03:14:34', 3, 3, 1),
(350, 198, '2024-01-17 03:14:34', 3, 3, 1),
(350, 199, '2024-01-17 03:14:34', 3, 4, 1),
(350, 252, '2024-11-28 01:43:17', 3, 1, NULL),
(350, 253, '2024-11-28 01:43:17', 3, 1, NULL),
(350, 254, '2024-11-28 01:43:17', 3, 1, NULL),
(350, 255, '2024-11-28 01:43:17', 3, 1, NULL),
(350, 256, '2024-11-28 01:43:17', 3, 1, NULL),
(350, 257, '2024-11-28 01:43:17', 3, 1, NULL),
(350, 258, '2024-11-28 01:43:53', 3, 1, NULL),
(350, 259, '2024-11-28 01:43:53', 3, 1, NULL),
(350, 260, '2024-11-28 01:43:53', 3, 1, NULL),
(350, 261, '2024-11-28 01:43:53', 3, 1, NULL),
(350, 262, '2024-11-28 01:43:53', 3, 1, NULL),
(350, 263, '2024-11-28 01:43:53', 3, 1, NULL),
(350, 264, '2024-11-28 01:43:53', 3, 1, NULL),
(354, 6, '2024-02-15 11:55:14', 3, 4, 1),
(354, 7, '2024-02-15 11:55:14', 3, 2, 1),
(354, 461, '2024-07-27 12:23:44', 3, 4, 1),
(354, 462, '2024-07-27 12:23:44', 3, 2, 1),
(354, 463, '2024-07-27 12:23:44', 3, 1, NULL),
(354, 464, '2024-02-15 11:55:14', 3, 1, NULL),
(354, 465, '2024-02-15 11:55:14', 3, 2, 1),
(354, 466, '2024-02-15 11:55:14', 3, 2, 1),
(354, 467, '2024-02-15 11:55:14', 3, 1, NULL),
(354, 468, '2024-02-15 11:55:14', 3, 1, NULL),
(354, 469, '2024-02-15 11:55:14', 3, 3, 1),
(354, 470, '2024-02-15 11:55:14', 3, 1, NULL),
(354, 471, '2024-07-27 01:47:30', 3, 1, NULL),
(354, 472, '2024-07-27 01:47:30', 3, 1, NULL),
(354, 473, '2024-07-27 01:47:30', 3, 1, NULL),
(354, 474, '2024-07-27 01:47:30', 3, 1, NULL),
(354, 475, '2024-07-27 01:47:30', 3, 1, NULL),
(354, 476, '2024-07-27 01:47:30', 3, 1, NULL),
(355, 6, '2024-02-12 03:50:33', 3, 4, 1),
(355, 7, '2024-02-12 03:50:33', 3, 1, NULL),
(355, 10, '2024-02-12 03:50:33', 3, 4, 1),
(355, 149, '2024-02-12 03:50:33', 3, 4, 1),
(355, 150, '2024-02-12 03:50:33', 3, 4, 1),
(355, 343, '2024-01-24 11:02:41', 3, 4, 1),
(355, 344, '2024-01-24 11:02:41', 3, 4, 1),
(355, 347, '2024-01-24 11:02:23', 3, 4, 1),
(355, 348, '2024-01-24 11:02:23', 3, 4, 1),
(355, 349, '2024-01-24 11:02:01', 3, 4, 1),
(355, 350, '2024-01-24 11:02:01', 3, 4, 1),
(355, 355, '2024-01-24 03:50:37', 3, 4, 1),
(355, 356, '2024-01-24 03:50:37', 3, 4, 1),
(355, 357, '2024-01-24 03:52:08', 3, 4, 1),
(355, 358, '2024-01-24 03:52:08', 3, 4, 1),
(355, 359, '2024-01-24 03:51:01', 3, 4, 1),
(355, 360, '2024-01-24 03:51:01', 3, 4, 1),
(355, 361, '2024-01-24 03:51:22', 3, 4, 1),
(355, 362, '2024-01-24 03:51:22', 3, 4, 1),
(356, 6, '2024-06-28 11:11:47', 3, 4, 1),
(356, 7, '2024-06-28 11:11:47', 3, 1, NULL),
(356, 10, '2024-06-28 11:11:47', 3, 1, NULL),
(356, 322, '2024-06-28 11:11:47', 3, 4, 1),
(356, 323, '2024-06-28 11:11:47', 3, 4, 1),
(357, 6, '2024-06-28 02:44:10', 3, 4, 1),
(357, 7, '2024-06-28 02:44:10', 3, 1, NULL),
(357, 10, '2024-06-28 02:44:10', 3, 1, NULL),
(357, 322, '2024-06-28 02:44:10', 3, 4, 1),
(357, 323, '2024-06-28 02:44:10', 3, 4, 1),
(358, 6, '2024-06-28 11:07:48', 3, 4, 1),
(358, 7, '2024-06-28 11:07:48', 3, 1, NULL),
(358, 10, '2024-06-28 11:07:48', 3, 1, NULL),
(358, 322, '2024-06-28 11:07:48', 3, 4, 1),
(358, 323, '2024-06-28 11:07:48', 3, 4, 1),
(359, 6, '2024-06-28 11:25:38', 3, 4, 1),
(359, 7, '2024-06-28 11:25:38', 3, 1, NULL),
(359, 10, '2024-06-28 11:25:38', 3, 1, NULL),
(359, 316, '2024-06-28 11:24:58', 3, 4, 1),
(359, 317, '2024-06-28 11:24:58', 3, 4, 1),
(359, 322, '2024-06-28 11:24:27', 3, 4, 1),
(359, 323, '2024-06-28 11:24:27', 3, 4, 1),
(359, 324, '2024-06-28 11:24:04', 3, 4, 1),
(359, 325, '2024-06-28 11:24:04', 3, 4, 1),
(359, 437, '2024-06-28 11:25:38', 3, 4, 1),
(359, 438, '2024-06-28 11:25:38', 3, 4, 1),
(361, 6, '2024-06-28 11:27:01', 3, 4, 1),
(361, 7, '2024-06-28 11:27:01', 3, 1, NULL),
(361, 10, '2024-06-28 11:27:01', 3, 1, NULL),
(361, 322, '2024-06-28 11:27:01', 3, 4, 1),
(361, 323, '2024-06-28 11:27:01', 3, 4, 1),
(361, 437, '2024-06-28 11:26:38', 3, 4, 1),
(361, 438, '2024-06-28 11:26:38', 3, 4, 1),
(362, 6, '2024-02-21 12:25:31', 3, 4, 1),
(362, 7, '2024-02-21 12:25:31', 3, 1, NULL),
(362, 10, '2024-02-21 12:25:31', 3, 3, 1),
(362, 451, '2024-02-21 12:25:31', 3, 4, 1),
(362, 452, '2024-02-21 12:25:31', 3, 4, 1),
(362, 481, '2024-01-18 04:57:14', 3, 4, 1),
(362, 482, '2024-01-18 04:57:14', 3, 4, 1),
(362, 485, '2024-01-18 04:57:20', 3, 4, 1),
(362, 486, '2024-01-18 04:57:20', 3, 4, 1),
(363, 6, '2024-06-28 10:44:02', 3, 4, 1),
(363, 7, '2024-06-28 10:44:02', 3, 1, NULL),
(363, 10, '2024-06-28 10:44:02', 3, 1, NULL),
(363, 322, '2024-06-28 10:44:02', 3, 4, 1),
(363, 323, '2024-06-28 10:44:02', 3, 4, 1),
(364, 6, '2024-06-28 10:57:10', 3, 4, 1),
(364, 7, '2024-06-28 10:57:10', 3, 1, NULL),
(364, 10, '2024-06-28 10:57:10', 3, 1, NULL),
(364, 322, '2024-06-28 10:57:10', 3, 4, 1),
(364, 323, '2024-06-28 10:57:10', 3, 4, 1),
(365, 6, '2024-02-21 01:40:13', 3, 4, 1),
(365, 7, '2024-02-21 01:40:13', 3, 1, NULL),
(365, 10, '2024-02-21 01:40:13', 3, 3, 1),
(365, 322, '2024-02-21 01:40:13', 3, 4, 1),
(365, 323, '2024-02-21 01:40:13', 3, 4, 1),
(365, 437, '2024-06-28 11:02:00', 3, 4, 1),
(365, 438, '2024-06-28 11:02:00', 3, 4, 1),
(365, 481, '2024-01-16 12:22:49', 3, 4, 1),
(365, 482, '2024-01-16 12:22:49', 3, 4, 1),
(365, 485, '2024-01-16 12:22:08', 3, 4, 1),
(365, 486, '2024-01-16 12:22:08', 3, 4, 1),
(365, 487, '2024-01-16 12:22:26', 3, 4, 1),
(365, 488, '2024-01-16 12:22:26', 3, 4, 1),
(366, 6, '2024-06-28 11:07:10', 3, 4, 1),
(366, 7, '2024-06-28 11:07:10', 3, 1, NULL),
(366, 10, '2024-06-28 11:07:10', 3, 1, NULL),
(366, 322, '2024-06-28 11:07:10', 3, 4, 1),
(366, 323, '2024-06-28 11:07:10', 3, 4, 1),
(366, 437, '2024-06-28 11:06:46', 3, 4, 1),
(366, 438, '2024-06-28 11:06:46', 3, 4, 1),
(367, 6, '2024-06-28 11:09:45', 3, 4, 1),
(367, 7, '2024-06-28 11:09:45', 3, 1, NULL),
(367, 10, '2024-06-28 11:09:45', 3, 1, NULL),
(367, 322, '2024-06-28 11:09:45', 3, 4, 1),
(367, 323, '2024-06-28 11:09:45', 3, 4, 1),
(367, 437, '2024-06-28 11:09:20', 3, 4, 1),
(367, 438, '2024-06-28 11:09:20', 3, 4, 1),
(368, 6, '2024-06-28 11:18:53', 3, 4, 1),
(368, 7, '2024-06-28 11:18:53', 3, 1, NULL),
(368, 10, '2024-06-28 11:18:53', 3, 1, NULL),
(368, 322, '2024-06-28 11:18:22', 3, 4, 1),
(368, 323, '2024-06-28 11:18:22', 3, 4, 1),
(368, 437, '2024-06-28 11:18:53', 3, 4, 1),
(368, 438, '2024-06-28 11:18:53', 3, 4, 1),
(369, 6, '2024-06-28 11:23:29', 3, 4, 1),
(369, 7, '2024-06-28 11:23:29', 3, 1, NULL),
(369, 10, '2024-06-28 11:23:29', 3, 1, NULL),
(369, 316, '2024-06-28 11:22:58', 3, 4, 1),
(369, 317, '2024-06-28 11:22:58', 3, 4, 1),
(369, 322, '2024-06-28 11:22:34', 3, 4, 1),
(369, 323, '2024-06-28 11:22:34', 3, 4, 1),
(369, 324, '2024-06-28 11:22:05', 3, 4, 1),
(369, 325, '2024-06-28 11:22:05', 3, 4, 1),
(369, 437, '2024-06-28 11:23:29', 3, 4, 1),
(369, 438, '2024-06-28 11:23:29', 3, 4, 1),
(370, 6, '2024-02-21 12:14:19', 3, 4, 1),
(370, 7, '2024-02-21 12:14:19', 3, 1, NULL),
(370, 10, '2024-02-21 12:14:19', 3, 3, 1),
(370, 322, '2024-02-21 12:14:19', 3, 4, 1),
(370, 323, '2024-02-21 12:14:19', 3, 4, 1),
(370, 437, '2024-06-28 02:46:53', 3, 4, 1),
(370, 438, '2024-06-28 02:46:53', 3, 4, 1),
(371, 6, '2024-03-21 12:02:10', 3, 4, 1),
(371, 7, '2024-03-21 12:02:10', 3, 2, 1),
(371, 10, '2024-03-21 12:02:10', 3, 3, 1),
(371, 481, '2024-03-21 12:02:10', 3, 4, 1),
(371, 482, '2024-03-21 12:02:10', 3, 4, 1),
(371, 485, '2024-01-16 02:04:17', 3, 4, 1),
(371, 486, '2024-01-16 02:04:17', 3, 4, 1),
(372, 173, '2024-01-17 03:17:34', 3, 4, 1),
(372, 174, '2024-01-17 03:17:34', 3, 4, 1),
(372, 175, '2024-01-17 03:17:34', 3, 4, 1),
(372, 176, '2024-01-17 03:17:34', 3, 4, 1),
(372, 177, '2024-01-17 03:17:34', 3, 4, 1),
(372, 178, '2024-01-17 03:17:34', 3, 4, 1),
(372, 179, '2024-01-17 03:17:34', 3, 4, 1),
(373, 223, '2024-01-17 03:18:49', 3, 4, 1),
(373, 224, '2024-01-17 03:18:49', 3, 4, 1),
(373, 225, '2024-01-17 03:18:49', 3, 4, 1),
(373, 226, '2024-01-17 03:18:49', 3, 3, 1),
(373, 227, '2024-01-17 03:18:49', 3, 3, 1),
(373, 228, '2024-01-17 03:18:49', 3, 2, 1),
(373, 229, '2024-01-17 03:18:49', 3, 4, 1),
(373, 230, '2024-01-17 03:18:49', 3, 3, 1),
(373, 231, '2024-01-17 03:18:49', 3, 4, 1),
(373, 232, '2024-01-17 03:18:49', 3, 1, NULL),
(373, 233, '2024-01-17 03:18:49', 3, 1, NULL),
(373, 234, '2024-01-17 03:18:49', 3, 2, 1),
(373, 235, '2024-01-17 03:18:49', 3, 2, 1),
(373, 236, '2024-01-17 03:18:49', 3, 2, 1),
(374, 258, '2024-01-17 03:15:43', 3, 4, 1),
(374, 259, '2024-01-17 03:15:43', 3, 4, 1),
(374, 260, '2024-01-17 03:15:43', 3, 3, 1),
(374, 261, '2024-01-17 03:15:43', 3, 4, 1),
(374, 262, '2024-01-17 03:15:43', 3, 4, 1),
(374, 263, '2024-01-17 03:15:43', 3, 4, 1),
(374, 264, '2024-01-17 03:15:43', 3, 4, 1),
(375, 6, '2024-02-21 12:18:51', 3, 4, 1),
(375, 7, '2024-02-21 12:18:51', 3, 2, 1),
(375, 10, '2024-02-21 12:18:51', 3, 4, 1),
(375, 489, '2024-02-21 12:18:51', 3, 4, 1),
(375, 490, '2024-02-21 12:18:51', 3, 4, 1),
(377, 6, '2024-02-21 01:55:45', 3, 4, 1),
(377, 7, '2024-02-21 01:55:45', 3, 1, NULL),
(377, 10, '2024-02-21 01:55:45', 3, 2, 1),
(377, 481, '2024-02-21 01:55:45', 3, 4, 1),
(377, 482, '2024-02-21 01:55:45', 3, 4, 1),
(377, 485, '2024-01-18 04:56:27', 3, 4, 1),
(377, 486, '2024-01-18 04:56:27', 3, 4, 1),
(378, 6, '2024-02-21 01:41:26', 3, 4, 1),
(378, 7, '2024-02-21 01:41:26', 3, 1, NULL),
(378, 10, '2024-02-21 01:41:26', 3, 3, 1),
(378, 481, '2024-02-21 01:41:26', 3, 4, 1),
(378, 482, '2024-02-21 01:41:26', 3, 4, 1),
(378, 485, '2024-01-21 10:12:21', 3, 4, 1),
(378, 486, '2024-01-21 10:12:21', 3, 4, 1),
(379, 6, '2024-02-21 01:42:38', 3, 4, 1),
(379, 7, '2024-02-21 01:42:38', 3, 1, NULL),
(379, 10, '2024-02-21 01:42:38', 3, 3, 1),
(379, 489, '2024-02-21 01:42:38', 3, 4, 1),
(379, 490, '2024-02-21 01:42:38', 3, 4, 1),
(380, 6, '2024-02-15 12:02:48', 3, 1, NULL),
(380, 7, '2024-02-15 12:02:48', 3, 1, NULL),
(380, 461, '2024-02-15 12:02:48', 3, 1, NULL),
(380, 462, '2024-02-15 12:02:48', 3, 1, NULL),
(380, 463, '2024-02-15 12:02:48', 3, 1, NULL),
(380, 464, '2024-02-15 12:02:48', 3, 1, NULL),
(380, 465, '2024-02-15 12:02:48', 3, 1, NULL),
(380, 466, '2024-02-15 12:02:48', 3, 1, NULL),
(380, 467, '2024-02-15 12:02:48', 3, 1, NULL),
(380, 468, '2024-02-15 12:02:48', 3, 1, NULL),
(380, 469, '2024-02-15 12:02:48', 3, 1, NULL),
(380, 470, '2024-02-15 12:02:48', 3, 1, NULL),
(380, 471, '2024-02-15 12:02:48', 3, 1, NULL),
(380, 472, '2024-02-15 12:02:48', 3, 1, NULL),
(380, 473, '2024-02-15 12:02:48', 3, 1, NULL),
(380, 474, '2024-02-15 12:02:48', 3, 1, NULL),
(380, 475, '2024-02-15 12:02:48', 3, 1, NULL),
(380, 476, '2024-02-15 12:02:48', 3, 1, NULL),
(381, 6, '2024-02-20 12:08:08', 3, 4, 1),
(381, 7, '2024-02-20 12:08:08', 3, 1, NULL),
(381, 383, '2024-02-20 04:01:52', 3, 4, 1),
(381, 384, '2024-02-20 12:08:08', 3, 4, 1),
(381, 385, '2024-02-20 12:08:08', 3, 4, 1),
(381, 386, '2024-02-20 12:08:08', 3, 4, 1),
(381, 387, '2024-02-20 12:08:08', 3, 4, 1),
(381, 388, '2024-02-20 12:08:08', 3, 4, 1),
(381, 499, '2024-02-20 12:08:08', 3, 4, 1),
(381, 500, '2024-02-20 12:08:08', 3, 4, 1),
(381, 501, '2024-02-20 03:46:12', 3, 4, 1),
(381, 502, '2024-02-20 03:46:12', 3, 4, 1),
(381, 503, '2024-02-20 03:46:12', 3, 4, 1),
(381, 504, '2024-02-20 04:01:52', 3, 4, 1),
(381, 505, '2024-02-20 04:01:52', 3, 4, 1),
(381, 506, '2024-02-20 04:01:52', 3, 4, 1);

-- --------------------------------------------------------

--
-- Struttura della tabella `employee`
--

CREATE TABLE `employee` (
  `id_employee` int(11) NOT NULL,
  `first_name` varchar(100) NOT NULL,
  `last_name` varchar(100) NOT NULL,
  `gender` varchar(1) DEFAULT NULL,
  `birth_date` date DEFAULT NULL,
  `birth_place` varchar(45) DEFAULT NULL,
  `tax_code` varchar(16) DEFAULT NULL,
  `plant` varchar(3) NOT NULL
) ENGINE=InnoDB DEFAULT CHARSET=utf8 COMMENT='Employess';

--
-- Dump dei dati per la tabella `employee`
--

INSERT INTO `employee` (`id_employee`, `first_name`, `last_name`, `gender`, `birth_date`, `birth_place`, `tax_code`, `plant`) VALUES
(1, 'Luise', 'Slupe', NULL, NULL, NULL, 'Slupe', 'F'),
(2, 'Sadie', 'Demeritt', NULL, NULL, NULL, 'Demeritt', 'A'),
(3, 'Chastity', 'Welding', NULL, NULL, NULL, 'Welding', 'F'),
(4, 'Adeline', 'Karrenberg', NULL, NULL, NULL, 'Karrenberg', 'O'),
(5, 'Cassi', 'Skomsky', NULL, NULL, NULL, 'Skomsky', 'O'),
(6, 'Nubia', 'Pink', NULL, NULL, NULL, 'Pink', 'F'),
(7, 'Sydney', 'Cwalinski', NULL, NULL, NULL, 'Cwalinski', 'F'),
(8, 'Toshia', 'Beakley', NULL, NULL, NULL, 'Beakley', 'F'),
(9, 'Hortense', 'Vassey', NULL, NULL, NULL, 'Vassey', 'F'),
(10, 'Fe', 'Rindone', NULL, NULL, NULL, 'Rindone', 'F'),
(11, 'Genie', 'Tllo', NULL, NULL, NULL, 'Tllo', 'F'),
(12, 'Stacy', 'Guffy', NULL, NULL, NULL, 'Guffy', 'F'),
(13, 'Reed', 'Kissling', NULL, NULL, NULL, 'Kissling', 'F'),
(14, 'Augusta', 'Faver', NULL, NULL, NULL, 'Faver', 'A'),
(15, 'Wendi', 'Abdulla', NULL, NULL, NULL, 'Abdulla', 'M'),
(16, 'Magen', 'Amore', NULL, NULL, NULL, 'Amore', 'M'),
(17, 'Caridad', 'Thicke', NULL, NULL, NULL, 'Thicke', 'F'),
(18, 'Raul', 'Winkelpleck', NULL, NULL, NULL, 'Winkelpleck', 'F'),
(19, 'Neva', 'Huizinga', NULL, NULL, NULL, 'Huizinga', 'F'),
(20, 'Buster', 'Czysz', NULL, NULL, NULL, 'Czysz', 'F'),
(21, 'Bryon', 'Coxon', NULL, NULL, NULL, 'Coxon', 'F'),
(22, 'Brian', 'Layssard', NULL, NULL, NULL, 'Layssard', 'F'),
(23, 'Amparo', 'Golay', NULL, NULL, NULL, 'Golay', 'M'),
(24, 'Debera', 'Posto', NULL, NULL, NULL, 'Posto', 'F'),
(25, 'Claris', 'Boley', NULL, NULL, NULL, 'Boley', 'F'),
(26, 'Manie', 'Halle', NULL, NULL, NULL, 'Halle', 'F'),
(27, 'Brenna', 'Deaquino', NULL, NULL, NULL, 'Deaquino', 'F'),
(28, 'Hildegard', 'Portal', NULL, NULL, NULL, 'Portal', 'F'),
(29, 'Gema', 'Bucke', NULL, NULL, NULL, 'Bucke', 'F'),
(30, 'Shan', 'Kluge', NULL, NULL, NULL, 'Kluge', 'F'),
(31, 'Lino', 'Semenza', NULL, NULL, NULL, 'Semenza', 'M'),
(32, 'Maryanne', 'Stgermaine', NULL, NULL, NULL, 'Stgermaine', 'F'),
(33, 'Cristina', 'Brucki', NULL, NULL, NULL, 'Brucki', 'F'),
(34, 'Dorsey', 'Epperley', NULL, NULL, NULL, 'Epperley', 'F'),
(35, 'Kizzy', 'Ghiringhelli', NULL, NULL, NULL, 'Ghiringhelli', 'O'),
(36, 'Lacresha', 'Hillebrandt', NULL, NULL, NULL, 'Hillebrandt', 'F'),
(37, 'Keva', 'Dute', NULL, NULL, NULL, 'Dute', 'M'),
(38, 'Ruthe', 'Arslanian', NULL, NULL, NULL, 'Arslanian', 'F'),
(39, 'Brigid', 'Wigton', NULL, NULL, NULL, 'Wigton', 'F'),
(40, 'Sunni', 'Topolosky', NULL, NULL, NULL, 'Topolosky', 'F'),
(41, 'Lady', 'Dhruva', NULL, NULL, NULL, 'Dhruva', 'M'),
(42, 'Kalyn', 'Leibowitz', NULL, NULL, NULL, 'Leibowitz', 'O'),
(43, 'Kathryne', 'Denzer', NULL, NULL, NULL, 'Denzer', 'A'),
(44, 'Chantell', 'Filippo', NULL, NULL, NULL, 'Filippo', 'A'),
(45, 'Vi', 'Cleaver', NULL, NULL, NULL, 'Cleaver', 'F'),
(46, 'Dierdre', 'Mussmann', NULL, NULL, NULL, 'Mussmann', 'F'),
(47, 'Lynn', 'Mahung', NULL, NULL, NULL, 'Mahung', 'F'),
(48, 'Charlotte', 'Belon', NULL, NULL, NULL, 'Belon', 'F'),
(49, 'Angelika', 'Poaipuni', NULL, NULL, NULL, 'Poaipuni', 'F'),
(50, 'Tien', 'Raupach', NULL, NULL, NULL, 'Raupach', 'M'),
(51, 'Francoise', 'Freedland', NULL, NULL, NULL, 'Freedland', 'M'),
(52, 'Elvie', 'Egolf', NULL, NULL, NULL, 'Egolf', 'M'),
(53, 'Hortense', 'Longley', NULL, NULL, NULL, 'Longley', 'F'),
(54, 'Natividad', 'Kaler', NULL, NULL, NULL, 'Kaler', 'M'),
(55, 'Agustina', 'Piroso', NULL, NULL, NULL, 'Piroso', 'A'),
(56, 'Sona', 'Baptista', NULL, NULL, NULL, 'Baptista', 'F'),
(57, 'Cleotilde', 'Dweck', NULL, NULL, NULL, 'Dweck', 'F'),
(58, 'Lynelle', 'Glymph', NULL, NULL, NULL, 'Glymph', 'M'),
(59, 'Aldo', 'Matonak', NULL, NULL, NULL, 'Matonak', 'A'),
(60, 'Layne', 'Kanner', NULL, NULL, NULL, 'Kanner', 'F'),
(61, 'Charlyn', 'Huntress', NULL, NULL, NULL, 'Huntress', 'M'),
(62, 'Dimple', 'Overly', NULL, NULL, NULL, 'Overly', 'M'),
(63, 'Beulah', 'Ventris', NULL, NULL, NULL, 'Ventris', 'A'),
(64, 'Lyla', 'Cowdin', NULL, NULL, NULL, 'Cowdin', 'A'),
(65, 'Loraine', 'Hobin', NULL, NULL, NULL, 'Hobin', 'M'),
(66, 'Eveline', 'Monahan', NULL, NULL, NULL, 'Monahan', 'M'),
(67, 'Shaunna', 'Burba', NULL, NULL, NULL, 'Burba', 'F'),
(68, 'Blondell', 'Minrod', NULL, NULL, NULL, 'Minrod', 'O'),
(69, 'Naomi', 'Fogel', NULL, NULL, NULL, 'Fogel', 'O'),
(70, 'Parthenia', 'Berishaj', NULL, NULL, NULL, 'Berishaj', 'M'),
(71, 'Dottie', 'Nickleson', NULL, NULL, NULL, 'Nickleson', 'M'),
(72, 'Carole', 'Mandoza', NULL, NULL, NULL, 'Mandoza', 'F'),
(73, 'Armand', 'Holmers', NULL, NULL, NULL, 'Holmers', 'F'),
(74, 'Debbie', 'Nageotte', NULL, NULL, NULL, 'Nageotte', 'F'),
(75, 'Jacque', 'Odebralski', NULL, NULL, NULL, 'Odebralski', 'O'),
(76, 'Earnest', 'Affronti', NULL, NULL, NULL, 'Affronti', 'A'),
(77, 'Melva', 'Heckel', NULL, NULL, NULL, 'Heckel', 'A'),
(78, 'Johanne', 'Drader', NULL, NULL, NULL, 'Drader', 'F'),
(79, 'Candance', 'Winsor', NULL, NULL, NULL, 'Winsor', 'A'),
(80, 'Cher', 'Elliot', NULL, NULL, NULL, 'Elliot', 'M'),
(81, 'Shantel', 'Seville', NULL, NULL, NULL, 'Seville', 'F'),
(82, 'Wesley', 'Barlip', NULL, NULL, NULL, 'Barlip', 'M'),
(83, 'Wilhelmina', 'Medders', NULL, NULL, NULL, 'Medders', 'M'),
(84, 'Anya', 'Cypher', NULL, NULL, NULL, 'Cypher', 'M'),
(85, 'Sherlene', 'Esche', NULL, NULL, NULL, 'Esche', 'M'),
(86, 'Blake', 'Showell', NULL, NULL, NULL, 'Showell', 'M'),
(87, 'Venetta', 'Glodich', NULL, NULL, NULL, 'Glodich', 'F'),
(88, 'Roma', 'Younge', NULL, NULL, NULL, 'Younge', 'F'),
(89, 'Solomon', 'Furlotte', NULL, NULL, NULL, 'Furlotte', 'F'),
(90, 'Bridgett', 'Garacia', NULL, NULL, NULL, 'Garacia', 'M'),
(91, 'Sheron', 'Kooser', NULL, NULL, NULL, 'Kooser', 'M'),
(92, 'Vikki', 'Stenquist', NULL, NULL, NULL, 'Stenquist', 'F'),
(93, 'Lyla', 'Kronau', NULL, NULL, NULL, 'Kronau', 'F'),
(94, 'Tish', 'Vilain', NULL, NULL, NULL, 'Vilain', 'O'),
(95, 'Joelle', 'Pailet', NULL, NULL, NULL, 'Pailet', 'O'),
(96, 'Debera', 'Verrilli', NULL, NULL, NULL, 'Verrilli', 'A'),
(97, 'Star', 'Mizer', NULL, NULL, NULL, 'Mizer', 'O'),
(98, 'Denyse', 'Ennis', NULL, NULL, NULL, 'Ennis', 'F'),
(99, 'Myrtis', 'Ogami', NULL, NULL, NULL, 'Ogami', 'O'),
(100, 'Denae', 'Halfhill', NULL, NULL, NULL, 'Halfhill', 'O'),
(101, 'Lani', 'Groner', NULL, NULL, NULL, 'Groner', 'F'),
(102, 'Ji', 'Dardagnac', NULL, NULL, NULL, 'Dardagnac', 'A'),
(103, 'Gertha', 'Shuffler', NULL, NULL, NULL, 'Shuffler', 'F'),
(104, 'Alexander', 'Heiniger', NULL, NULL, NULL, 'Heiniger', 'O'),
(105, 'Demetra', 'Marple', NULL, NULL, NULL, 'Marple', 'O'),
(106, 'Myrtie', 'Wick', NULL, NULL, NULL, 'Wick', 'M'),
(107, 'Benjamin', 'Oldenburg', NULL, NULL, NULL, 'Oldenburg', 'F'),
(108, 'Freddy', 'Witthoft', NULL, NULL, NULL, 'Witthoft', 'F'),
(109, 'Herminia', 'Vidra', NULL, NULL, NULL, 'Vidra', 'M'),
(110, 'Gaston', 'Benach', NULL, NULL, NULL, 'Benach', 'M'),
(111, 'Sherilyn', 'Shultz', NULL, NULL, NULL, 'Shultz', 'O'),
(112, 'Tamar', 'Emig', NULL, NULL, NULL, 'Emig', 'M'),
(113, 'Nita', 'Ledee', NULL, NULL, NULL, 'Ledee', 'F'),
(114, 'Karina', 'Badey', NULL, NULL, NULL, 'Badey', 'M'),
(115, 'Cari', 'Pekar', NULL, NULL, NULL, 'Pekar', 'M'),
(116, 'Suk', 'Degrass', NULL, NULL, NULL, 'Degrass', 'M'),
(117, 'Keisha', 'Giaquinta', NULL, NULL, NULL, 'Giaquinta', 'A'),
(118, 'Gladis', 'Mccaulley', NULL, NULL, NULL, 'Mccaulley', 'A'),
(119, 'Cheryle', 'Beish', NULL, NULL, NULL, 'Beish', 'F'),
(120, 'Gertha', 'Muckle', NULL, NULL, NULL, 'Muckle', 'F'),
(121, 'Oleta', 'Lipner', NULL, NULL, NULL, 'Lipner', 'M'),
(122, 'Robyn', 'Pardey', NULL, NULL, NULL, 'Pardey', 'M'),
(123, 'Naida', 'Margot', NULL, NULL, NULL, 'Margot', 'M'),
(124, 'Eleanore', 'Swaggert', NULL, NULL, NULL, 'Swaggert', 'M'),
(125, 'Joline', 'Cotler', NULL, NULL, NULL, 'Cotler', 'F'),
(126, 'Leann', 'Kirschenmann', NULL, NULL, NULL, 'Kirschenmann', 'F'),
(127, 'Betsey', 'Reis', NULL, NULL, NULL, 'Reis', 'A'),
(128, 'Anjelica', 'Krumenauer', NULL, NULL, NULL, 'Krumenauer', 'F'),
(129, 'Russel', 'Stocki', NULL, NULL, NULL, 'Stocki', 'F'),
(130, 'Erlinda', 'Pellitier', NULL, NULL, NULL, 'Pellitier', 'M'),
(131, 'Milan', 'Norzagaray', NULL, NULL, NULL, 'Norzagaray', 'O'),
(132, 'Arcelia', 'Racioppi', NULL, NULL, NULL, 'Racioppi', 'F'),
(133, 'Mercedes', 'Norem', NULL, NULL, NULL, 'Norem', 'F'),
(134, 'Melodi', 'Dottavio', NULL, NULL, NULL, 'Dottavio', 'M'),
(135, 'Hubert', 'Parisio', NULL, NULL, NULL, 'Parisio', 'F'),
(136, 'Ara', 'Adamis', NULL, NULL, NULL, 'Adamis', 'F'),
(137, 'Trevor', 'Mcrenolds', NULL, NULL, NULL, 'Mcrenolds', 'F'),
(138, 'Adelaida', 'Less', NULL, NULL, NULL, 'Less', 'M'),
(139, 'Edmund', 'Regalado', NULL, NULL, NULL, 'Regalado', 'M'),
(140, 'Dakota', 'Hosse', NULL, NULL, NULL, 'Hosse', 'M'),
(141, 'Jimmie', 'Mook', NULL, NULL, NULL, 'Mook', 'M'),
(142, 'Merry', 'Fraley', NULL, NULL, NULL, 'Fraley', 'M'),
(143, 'Marcela', 'Fleig', NULL, NULL, NULL, 'Fleig', 'M'),
(144, 'Johna', 'Bizub', NULL, NULL, NULL, 'Bizub', 'M'),
(145, 'Lady', 'Planty', NULL, NULL, NULL, 'Planty', 'M'),
(146, 'Briana', 'Magpusao', NULL, NULL, NULL, 'Magpusao', 'M'),
(147, 'Lori', 'Freund', NULL, NULL, NULL, 'Freund', 'O'),
(148, 'Pamelia', 'Pearyer', NULL, NULL, NULL, 'Pearyer', 'F'),
(149, 'Kelley', 'Adside', NULL, NULL, NULL, 'Adside', 'O'),
(150, 'Pura', 'Lavan', NULL, NULL, NULL, 'Lavan', 'F'),
(151, 'Agripina', 'Valenta', NULL, NULL, NULL, 'Valenta', 'A'),
(152, 'Palma', 'Niethamer', NULL, NULL, NULL, 'Niethamer', 'M'),
(153, 'Mi', 'Maratre', NULL, NULL, NULL, 'Maratre', 'M'),
(154, 'Valencia', 'Buczynski', NULL, NULL, NULL, 'Buczynski', 'F'),
(155, 'Nicolasa', 'Baxtor', NULL, NULL, NULL, 'Baxtor', 'F'),
(156, 'Cody', 'Aupperle', NULL, NULL, NULL, 'Aupperle', 'M'),
(157, 'Librada', 'Carline', NULL, NULL, NULL, 'Carline', 'M'),
(158, 'Remona', 'Zurawik', NULL, NULL, NULL, 'Zurawik', 'F'),
(159, 'Darin', 'Gambel', NULL, NULL, NULL, 'Gambel', 'M'),
(160, 'Kay', 'Hartgrove', NULL, NULL, NULL, 'Hartgrove', 'F'),
(161, 'Francisco', 'Przekop', NULL, NULL, NULL, 'Przekop', 'M'),
(162, 'Warren', 'Mangle', NULL, NULL, NULL, 'Mangle', 'O'),
(163, 'Genie', 'Ritmiller', NULL, NULL, NULL, 'Ritmiller', 'M'),
(164, 'Ida', 'Esquivias', NULL, NULL, NULL, 'Esquivias', 'F'),
(165, 'Dwight', 'Ostrem', NULL, NULL, NULL, 'Ostrem', 'F'),
(166, 'Emory', 'Parsh', NULL, NULL, NULL, 'Parsh', 'F'),
(167, 'Elvis', 'Bickell', NULL, NULL, NULL, 'Bickell', 'F'),
(168, 'Meggan', 'Lynum', NULL, NULL, NULL, 'Lynum', 'F'),
(169, 'Jaquelyn', 'Aragao', NULL, NULL, NULL, 'Aragao', 'A'),
(170, 'Jadwiga', 'Wenger', NULL, NULL, NULL, 'Wenger', 'F'),
(171, 'Leeann', 'Wolke', NULL, NULL, NULL, 'Wolke', 'F'),
(172, 'Arianne', 'Dull', NULL, NULL, NULL, 'Dull', 'F'),
(173, 'Deana', 'Doljac', NULL, NULL, NULL, 'Doljac', 'O'),
(174, 'Chris', 'Rumbach', NULL, NULL, NULL, 'Rumbach', 'A'),
(175, 'Kallie', 'Alred', NULL, NULL, NULL, 'Alred', 'M'),
(176, 'Glendora', 'Verbasco', NULL, NULL, NULL, 'Verbasco', 'M'),
(177, 'Carlena', 'Dartt', NULL, NULL, NULL, 'Dartt', 'F'),
(178, 'Lia', 'Isagba', NULL, NULL, NULL, 'Isagba', 'F'),
(179, 'Napoleon', 'Honga', NULL, NULL, NULL, 'Honga', 'F'),
(180, 'Regan', 'Meli', NULL, NULL, NULL, 'Meli', 'F'),
(181, 'Coralee', 'Guglielmi', NULL, NULL, NULL, 'Guglielmi', 'M'),
(182, 'Gilma', 'Stample', NULL, NULL, NULL, 'Stample', 'M'),
(183, 'Hae', 'Petersson', NULL, NULL, NULL, 'Petersson', 'A'),
(184, 'Donnie', 'Keil', NULL, NULL, NULL, 'Keil', 'F'),
(185, 'Rosie', 'Fathree', NULL, NULL, NULL, 'Fathree', 'F'),
(186, 'Gigi', 'Tysinger', NULL, NULL, NULL, 'Tysinger', 'A'),
(187, 'Dinah', 'Goldthwaite', NULL, NULL, NULL, 'Goldthwaite', 'F'),
(188, 'Michiko', 'Oken', NULL, NULL, NULL, 'Oken', 'O'),
(189, 'Marlana', 'Hessing', NULL, NULL, NULL, 'Hessing', 'F'),
(190, 'Lori', 'Potier', NULL, NULL, NULL, 'Potier', 'F'),
(191, 'Concha', 'Ayala', NULL, NULL, NULL, 'Ayala', 'M'),
(192, 'Eldon', 'Rhame', NULL, NULL, NULL, 'Rhame', 'M'),
(193, 'Noella', 'Zazula', NULL, NULL, NULL, 'Zazula', 'A'),
(194, 'Shaquana', 'Muske', NULL, NULL, NULL, 'Muske', 'M'),
(195, 'Louanne', 'Guerinot', NULL, NULL, NULL, 'Guerinot', 'F'),
(196, 'Mora', 'Grothaus', NULL, NULL, NULL, 'Grothaus', 'M'),
(197, 'Yuonne', 'Dewispelaere', NULL, NULL, NULL, 'Dewispelaere', 'M'),
(198, 'Alessandra', 'Yagle', NULL, NULL, NULL, 'Yagle', 'M'),
(199, 'Althea', 'Deleonardo', NULL, NULL, NULL, 'Deleonardo', 'F'),
(200, 'Sha', 'Martes', NULL, NULL, NULL, 'Martes', 'M'),
(201, 'Lonny', 'Kindley', NULL, NULL, NULL, 'Kindley', 'F'),
(202, 'Dennise', 'Selis', NULL, NULL, NULL, 'Selis', 'A'),
(203, 'Rueben', 'Pistoresi', NULL, NULL, NULL, 'Pistoresi', 'F'),
(204, 'Dorothy', 'Jendrick', NULL, NULL, NULL, 'Jendrick', 'F'),
(205, 'Chanelle', 'Dukeshire', NULL, NULL, NULL, 'Dukeshire', 'M'),
(206, 'Billy', 'Whyard', NULL, NULL, NULL, 'Whyard', 'F'),
(207, 'Kathleen', 'Fichera', NULL, NULL, NULL, 'Fichera', 'A'),
(208, 'Kevin', 'Slingerland', NULL, NULL, NULL, 'Slingerland', 'A'),
(209, 'Hilda', 'Hovard', NULL, NULL, NULL, 'Hovard', 'O'),
(210, 'Cecily', 'Delanuez', NULL, NULL, NULL, 'Delanuez', 'O'),
(211, 'Rodney', 'Nuuanu', NULL, NULL, NULL, 'Nuuanu', 'M'),
(212, 'Jeanine', 'Desatnik', NULL, NULL, NULL, 'Desatnik', 'F'),
(213, 'Orville', 'Snedegar', NULL, NULL, NULL, 'Snedegar', 'M'),
(214, 'Samantha', 'Micheli', NULL, NULL, NULL, 'Micheli', 'M'),
(215, 'Natividad', 'Zalar', NULL, NULL, NULL, 'Zalar', 'M'),
(216, 'Elvie', 'Neuhoff', NULL, NULL, NULL, 'Neuhoff', 'F'),
(217, 'Inez', 'Mcferron', NULL, NULL, NULL, 'Mcferron', 'M'),
(218, 'Aron', 'Zulfer', NULL, NULL, NULL, 'Zulfer', 'F'),
(219, 'Waltraud', 'Sharpley', NULL, NULL, NULL, 'Sharpley', 'F'),
(220, 'Gisele', 'Kertels', NULL, NULL, NULL, 'Kertels', 'M'),
(221, 'Mavis', 'Kinsky', NULL, NULL, NULL, 'Kinsky', 'F'),
(222, 'Porsha', 'Brzycki', NULL, NULL, NULL, 'Brzycki', 'F'),
(223, 'Libbie', 'Melland', NULL, NULL, NULL, 'Melland', 'F'),
(224, 'Albert', 'Dennison', NULL, NULL, NULL, 'Dennison', 'F'),
(225, 'Ruthann', 'Curb', NULL, NULL, NULL, 'Curb', 'F'),
(226, 'Micah', 'Gribbins', NULL, NULL, NULL, 'Gribbins', 'M'),
(227, 'Corliss', 'Sermeno', NULL, NULL, NULL, 'Sermeno', 'M'),
(228, 'Britany', 'Grandusky', NULL, NULL, NULL, 'Grandusky', 'F'),
(229, 'Creola', 'Drumm', NULL, NULL, NULL, 'Drumm', 'F'),
(230, 'Dominic', 'Voges', NULL, NULL, NULL, 'Voges', 'M'),
(231, 'Magen', 'Karnes', NULL, NULL, NULL, 'Karnes', 'M'),
(232, 'Samual', 'Stapelman', NULL, NULL, NULL, 'Stapelman', 'F'),
(233, 'Julienne', 'Campble', NULL, NULL, NULL, 'Campble', 'M'),
(234, 'Fredia', 'Kepp', NULL, NULL, NULL, 'Kepp', 'F'),
(235, 'Silvia', 'Sheperd', NULL, NULL, NULL, 'Sheperd', 'F'),
(236, 'Hyman', 'Daehn', NULL, NULL, NULL, 'Daehn', 'F'),
(237, 'Milagro', 'Hund', NULL, NULL, NULL, 'Hund', 'F'),
(238, 'Setsuko', 'Niedzielski', NULL, NULL, NULL, 'Niedzielski', 'F'),
(239, 'Wilbur', 'Efron', NULL, NULL, NULL, 'Efron', 'F'),
(240, 'Brain', 'Shulund', NULL, NULL, NULL, 'Shulund', 'F'),
(241, 'Joann', 'Ortaga', NULL, NULL, NULL, 'Ortaga', 'F'),
(242, 'Rikki', 'Karstetter', NULL, NULL, NULL, 'Karstetter', 'A'),
(243, 'Santina', 'Kindschuh', NULL, NULL, NULL, 'Kindschuh', 'F'),
(244, 'Sherice', 'Lowery', NULL, NULL, NULL, 'Lowery', 'M'),
(245, 'Forest', 'Rugg', NULL, NULL, NULL, 'Rugg', 'M'),
(246, 'Olene', 'Alberro', NULL, NULL, NULL, 'Alberro', 'F'),
(247, 'Mervin', 'Roepke', NULL, NULL, NULL, 'Roepke', 'F'),
(248, 'Angel', 'Merine', NULL, NULL, NULL, 'Merine', 'F'),
(249, 'Esteban', 'Darthard', NULL, NULL, NULL, 'Darthard', 'M'),
(250, 'Noreen', 'Wetz', NULL, NULL, NULL, 'Wetz', 'F'),
(251, 'Marci', 'Haaga', NULL, NULL, NULL, 'Haaga', 'A'),
(252, 'Ignacio', 'Collora', NULL, NULL, NULL, 'Collora', 'A'),
(253, 'Lavon', 'Purcella', NULL, NULL, NULL, 'Purcella', 'M'),
(254, 'Oliver', 'Roelofs', NULL, NULL, NULL, 'Roelofs', 'M'),
(255, 'Rudolf', 'Helmcamp', NULL, NULL, NULL, 'Helmcamp', 'M'),
(256, 'Laurence', 'Seed', NULL, NULL, NULL, 'Seed', 'M'),
(257, 'Myrta', 'Dashnaw', NULL, NULL, NULL, 'Dashnaw', 'M'),
(258, 'Donnie', 'Kearn', NULL, NULL, NULL, 'Kearn', 'M'),
(259, 'Phyllis', 'Maffey', NULL, NULL, NULL, 'Maffey', 'M'),
(260, 'Laverne', 'Patzer', NULL, NULL, NULL, 'Patzer', 'F'),
(261, 'Carl', 'Bayly', NULL, NULL, NULL, 'Bayly', 'F'),
(262, 'Carmelina', 'Witbeck', NULL, NULL, NULL, 'Witbeck', 'F'),
(263, 'Laverne', 'Heimlicher', NULL, NULL, NULL, 'Heimlicher', 'F'),
(264, 'Lesha', 'Rhoe', NULL, NULL, NULL, 'Rhoe', 'M'),
(265, 'Felipa', 'Kiracofe', NULL, NULL, NULL, 'Kiracofe', 'F'),
(266, 'Valeri', 'Talamante', NULL, NULL, NULL, 'Talamante', 'F'),
(267, 'Laurence', 'Zhao', NULL, NULL, NULL, 'Zhao', 'F'),
(268, 'Consuela', 'Okeefe', NULL, NULL, NULL, 'Okeefe', 'F'),
(269, 'Jonelle', 'Staber', NULL, NULL, NULL, 'Staber', 'F'),
(270, 'Shamika', 'Groshek', NULL, NULL, NULL, 'Groshek', 'F'),
(271, 'Ardis', 'Pachla', NULL, NULL, NULL, 'Pachla', 'F'),
(272, 'Tracy', 'Ferrence', NULL, NULL, NULL, 'Ferrence', 'F'),
(273, 'Leola', 'Hailstock', NULL, NULL, NULL, 'Hailstock', 'F'),
(274, 'Dorothea', 'Higgenbottom', NULL, NULL, NULL, 'Higgenbottom', 'F'),
(275, 'Drew', 'Gerloff', NULL, NULL, NULL, 'Gerloff', 'F'),
(276, 'Hassie', 'Gacek', NULL, NULL, NULL, 'Gacek', 'M'),
(277, 'Thuy', 'Barends', NULL, NULL, NULL, 'Barends', 'M'),
(278, 'Brenton', 'Tody', NULL, NULL, NULL, 'Tody', 'A'),
(279, 'Soledad', 'Guevara', NULL, NULL, NULL, 'Guevara', 'A'),
(280, 'Laurine', 'Earehart', NULL, NULL, NULL, 'Earehart', 'A'),
(281, 'Sheryl', 'Purpora', NULL, NULL, NULL, 'Purpora', 'M'),
(282, 'Diedra', 'Endresen', NULL, NULL, NULL, 'Endresen', 'F'),
(283, 'Darby', 'Twilligear', NULL, NULL, NULL, 'Twilligear', 'M'),
(284, 'Ronda', 'Dettorre', NULL, NULL, NULL, 'Dettorre', 'M'),
(285, 'Raymond', 'Miedema', NULL, NULL, NULL, 'Miedema', 'F'),
(286, 'Araceli', 'Tolbent', NULL, NULL, NULL, 'Tolbent', 'F'),
(287, 'Alton', 'Petramale', NULL, NULL, NULL, 'Petramale', 'F'),
(288, 'Jenifer', 'Sumbry', NULL, NULL, NULL, 'Sumbry', 'F'),
(289, 'Dawn', 'Heid', NULL, NULL, NULL, 'Heid', 'M'),
(290, 'Phylis', 'Freed', NULL, NULL, NULL, 'Freed', 'O'),
(291, 'Wava', 'Mescher', NULL, NULL, NULL, 'Mescher', 'F'),
(292, 'Bobette', 'Gosche', NULL, NULL, NULL, 'Gosche', 'O'),
(293, 'Zofia', 'Hendrix', NULL, NULL, NULL, 'Hendrix', 'M'),
(294, 'Landon', 'Bisi', NULL, NULL, NULL, 'Bisi', 'F'),
(295, 'Carley', 'Boggioni', NULL, NULL, NULL, 'Boggioni', 'F'),
(296, 'Luann', 'Pollart', NULL, NULL, NULL, 'Pollart', 'M'),
(297, 'Bianca', 'Paff', NULL, NULL, NULL, 'Paff', 'F'),
(298, 'Isaias', 'Pariseau', NULL, NULL, NULL, 'Pariseau', 'F'),
(299, 'Erin', 'Ubaldo', NULL, NULL, NULL, 'Ubaldo', 'F'),
(300, 'Tanya', 'Babbel', NULL, NULL, NULL, 'Babbel', 'F'),
(301, 'Latrisha', 'Nanz', NULL, NULL, NULL, 'Nanz', 'M'),
(302, 'Norene', 'Arjona', NULL, NULL, NULL, 'Arjona', 'O'),
(303, 'Billye', 'Branon', NULL, NULL, NULL, 'Branon', 'O'),
(304, 'Flora', 'Korns', NULL, NULL, NULL, 'Korns', 'F'),
(305, 'Rutha', 'Starzynski', NULL, NULL, NULL, 'Starzynski', 'F'),
(306, 'Giuseppe', 'Torreblanca', NULL, NULL, NULL, 'Torreblanca', 'O'),
(307, 'Marcelle', 'Zenker', NULL, NULL, NULL, 'Zenker', 'F'),
(308, 'Gregory', 'Fineman', NULL, NULL, NULL, 'Fineman', 'F'),
(309, 'Emma', 'Breedon', NULL, NULL, NULL, 'Breedon', 'F'),
(310, 'Kym', 'Motta', NULL, NULL, NULL, 'Motta', 'M'),
(311, 'Roxy', 'Humbird', NULL, NULL, NULL, 'Humbird', 'F'),
(312, 'Forest', 'Goldenman', NULL, NULL, NULL, 'Goldenman', 'M'),
(313, 'Rickie', 'Androde', NULL, NULL, NULL, 'Androde', 'F'),
(314, 'Lida', 'Garkow', NULL, NULL, NULL, 'Garkow', 'M'),
(315, 'Rosalva', 'Palms', NULL, NULL, NULL, 'Palms', 'F'),
(316, 'Ema', 'Koren', NULL, NULL, NULL, 'Koren', 'M'),
(317, 'Celesta', 'Seang', NULL, NULL, NULL, 'Seang', 'F'),
(318, 'Kyung', 'Aumend', NULL, NULL, NULL, 'Aumend', 'F'),
(319, 'Jewel', 'Baloy', NULL, NULL, NULL, 'Baloy', 'M'),
(320, 'Hung', 'Tresch', NULL, NULL, NULL, 'Tresch', 'M'),
(321, 'Sherilyn', 'Anton', NULL, NULL, NULL, 'Anton', 'F'),
(322, 'Nolan', 'Larche', NULL, NULL, NULL, 'Larche', 'F'),
(323, 'Lakesha', 'Prucha', NULL, NULL, NULL, 'Prucha', 'F'),
(324, 'Shanda', 'Arre', NULL, NULL, NULL, 'Arre', 'F'),
(325, 'Porsche', 'Fansher', NULL, NULL, NULL, 'Fansher', 'M'),
(326, 'Sunni', 'Bettendorf', NULL, NULL, NULL, 'Bettendorf', 'O'),
(327, 'Lacy', 'Abubakr', NULL, NULL, NULL, 'Abubakr', 'F'),
(328, 'Arthur', 'Beets', NULL, NULL, NULL, 'Beets', 'F'),
(329, 'Alison', 'Klun', NULL, NULL, NULL, 'Klun', 'F'),
(330, 'Coralee', 'Geoghan', NULL, NULL, NULL, 'Geoghan', 'A'),
(331, 'Juliette', 'Eastwood', NULL, NULL, NULL, 'Eastwood', 'A'),
(332, 'Kaitlyn', 'Sajovic', NULL, NULL, NULL, 'Sajovic', 'A'),
(333, 'Carol', 'Mezick', NULL, NULL, NULL, 'Mezick', 'O'),
(334, 'Viki', 'Swartzell', NULL, NULL, NULL, 'Swartzell', 'A'),
(335, 'Verlie', 'Snellman', NULL, NULL, NULL, 'Snellman', 'F'),
(336, 'Emelia', 'Dunkleberger', NULL, NULL, NULL, 'Dunkleberger', 'F'),
(337, 'Jody', 'Cacciatori', NULL, NULL, NULL, 'Cacciatori', 'M'),
(338, 'Lindy', 'Speilman', NULL, NULL, NULL, 'Speilman', 'F'),
(339, 'Katharyn', 'Prows', NULL, NULL, NULL, 'Prows', 'F'),
(340, 'Conchita', 'Gillyard', NULL, NULL, NULL, 'Gillyard', 'M'),
(341, 'Catherina', 'Woerner', NULL, NULL, NULL, 'Woerner', 'M'),
(342, 'Nichole', 'Cocks', NULL, NULL, NULL, 'Cocks', 'O'),
(343, 'Jasmin', 'Peggs', NULL, NULL, NULL, 'Peggs', 'M'),
(344, 'Leonora', 'Deis', NULL, NULL, NULL, 'Deis', 'M'),
(345, 'Dalene', 'Kuchel', NULL, NULL, NULL, 'Kuchel', 'F'),
(346, 'Hipolito', 'Rubinson', 'M', NULL, NULL, 'Rubinson', 'F'),
(347, 'Genesis', 'Lusby', 'M', NULL, NULL, 'Lusby', 'F'),
(348, 'Nydia', 'Glady', 'M', NULL, NULL, 'Glady', 'F'),
(349, 'Shonna', 'Axtell', 'M', NULL, NULL, 'Axtell', 'F'),
(350, 'Shanta', 'Chalifour', 'M', NULL, NULL, 'Chalifour', 'F'),
(351, 'Libbie', 'Reeds', 'M', NULL, NULL, 'Reeds', 'O'),
(352, 'Tatum', 'Eighmy', 'M', NULL, NULL, 'Eighmy', 'O'),
(353, 'Alexandria', 'Kratofil', 'M', NULL, NULL, 'Kratofil', 'A'),
(354, 'Lauri', 'Capen', 'M', NULL, NULL, 'Capen', 'F'),
(355, 'Noelia', 'Trimbach', 'M', NULL, NULL, 'Trimbach', 'M'),
(356, 'Bette', 'Keery', 'M', NULL, NULL, 'Keery', 'F'),
(357, 'Mariana', 'Blackington', 'M', NULL, NULL, 'Blackington', 'F'),
(358, 'Mariann', 'Upright', 'M', NULL, NULL, 'Upright', 'F'),
(359, 'Viki', 'Dunten', 'M', NULL, NULL, 'Dunten', 'F'),
(360, 'Kathlene', 'Hintzen', 'M', NULL, NULL, 'Hintzen', 'F'),
(361, 'Roxanna', 'Swets', 'M', NULL, NULL, 'Swets', 'F'),
(362, 'Mui', 'Strobel', 'M', NULL, NULL, 'Strobel', 'F'),
(363, 'Kaylee', 'Pollman', 'M', NULL, NULL, 'Pollman', 'F'),
(364, 'Amira', 'Achzet', 'M', NULL, NULL, 'Achzet', 'F'),
(365, 'Jule', 'Milnes', 'M', NULL, NULL, 'Milnes', 'F'),
(366, 'Ruben', 'Reedus', 'M', NULL, NULL, 'Reedus', 'F'),
(367, 'Art', 'Crays', 'M', NULL, NULL, 'Crays', 'F'),
(368, 'Kathy', 'Cerveny', 'M', NULL, NULL, 'Cerveny', 'F'),
(369, 'Adrienne', 'Loosli', 'M', NULL, NULL, 'Loosli', 'F'),
(370, 'Gabriel', 'Tyre', 'M', NULL, NULL, 'Tyre', 'F'),
(371, 'Phuong', 'Heang', 'M', NULL, NULL, 'Heang', 'F'),
(372, 'Amanda', 'Ingran', 'F', NULL, NULL, 'Ingran', 'F'),
(373, 'Annamarie', 'Batters', 'M', NULL, NULL, 'Batters', 'O'),
(374, 'Lane', 'Gluth', 'F', NULL, NULL, 'Gluth', 'F'),
(375, 'Marianela', 'Nell', 'M', NULL, NULL, 'Nell', 'F'),
(376, 'Ed', 'Ryen', 'M', NULL, NULL, 'Ryen', 'F'),
(377, 'Shanita', 'Stahlnecker', 'M', NULL, NULL, 'Stahlnecker', 'F'),
(378, 'Oswaldo', 'Wigginton', 'M', NULL, NULL, 'Wigginton', 'F'),
(379, 'Bennie', 'Kunzman', 'M', NULL, NULL, 'Kunzman', 'F'),
(380, 'Young', 'Elsea', 'M', NULL, NULL, 'Elsea', 'F'),
(381, 'Casie', 'Mauceri', 'M', NULL, NULL, 'Mauceri', 'F'),
(382, 'Vicenta', 'Baiera', 'M', '2024-03-14', 'Catanzaro', 'Baiera', 'F');

-- --------------------------------------------------------

--
-- Struttura della tabella `employees_jobs_skills`
--

CREATE TABLE `employees_jobs_skills` (
  `id_employee` int(11) NOT NULL,
  `id_job` int(11) NOT NULL,
  `id_skill` int(11) NOT NULL
) ENGINE=InnoDB DEFAULT CHARSET=utf8 COMMENT='Jobs assignment for each employees';

--
-- Dump dei dati per la tabella `employees_jobs_skills`
--

INSERT INTO `employees_jobs_skills` (`id_employee`, `id_job`, `id_skill`) VALUES
(4, 1, 1),
(10, 1, 1),
(14, 1, 1),
(231, 1, 1),
(273, 1, 1),
(4, 1, 2),
(10, 1, 2),
(14, 1, 2),
(231, 1, 2),
(273, 1, 2),
(4, 1, 3),
(10, 1, 3),
(14, 1, 3),
(231, 1, 3),
(273, 1, 3),
(4, 1, 4),
(10, 1, 4),
(14, 1, 4),
(231, 1, 4),
(273, 1, 4),
(4, 1, 5),
(10, 1, 5),
(14, 1, 5),
(231, 1, 5),
(273, 1, 5),
(4, 1, 6),
(10, 1, 6),
(14, 1, 6),
(231, 1, 6),
(273, 1, 6),
(17, 2, 6),
(18, 2, 6),
(45, 3, 6),
(47, 3, 6),
(48, 3, 6),
(107, 3, 6),
(216, 3, 6),
(286, 3, 6),
(17, 4, 6),
(18, 4, 6),
(17, 5, 6),
(18, 5, 6),
(189, 7, 6),
(238, 7, 6),
(266, 7, 6),
(327, 7, 6),
(45, 8, 6),
(56, 8, 6),
(57, 8, 6),
(305, 8, 6),
(308, 8, 6),
(56, 9, 6),
(57, 9, 6),
(108, 9, 6),
(305, 9, 6),
(308, 9, 6),
(56, 10, 6),
(57, 10, 6),
(108, 10, 6),
(305, 10, 6),
(308, 10, 6),
(57, 11, 6),
(108, 11, 6),
(272, 11, 6),
(275, 11, 6),
(305, 11, 6),
(308, 11, 6),
(346, 11, 6),
(8, 12, 6),
(56, 12, 6),
(57, 12, 6),
(108, 12, 6),
(272, 12, 6),
(275, 12, 6),
(305, 12, 6),
(308, 12, 6),
(346, 12, 6),
(8, 13, 6),
(56, 13, 6),
(57, 13, 6),
(108, 13, 6),
(272, 13, 6),
(275, 13, 6),
(305, 13, 6),
(308, 13, 6),
(346, 13, 6),
(19, 14, 6),
(158, 14, 6),
(201, 14, 6),
(189, 15, 6),
(238, 15, 6),
(266, 15, 6),
(327, 15, 6),
(189, 16, 6),
(238, 16, 6),
(266, 16, 6),
(327, 16, 6),
(9, 17, 6),
(13, 17, 6),
(45, 17, 6),
(73, 17, 6),
(107, 17, 6),
(126, 17, 6),
(160, 17, 6),
(171, 17, 6),
(216, 17, 6),
(288, 17, 6),
(30, 18, 6),
(73, 18, 6),
(180, 18, 6),
(236, 18, 6),
(237, 18, 6),
(287, 18, 6),
(311, 18, 6),
(324, 18, 6),
(338, 18, 6),
(9, 19, 6),
(13, 19, 6),
(30, 19, 6),
(48, 19, 6),
(49, 19, 6),
(73, 19, 6),
(93, 19, 6),
(98, 19, 6),
(103, 19, 6),
(126, 19, 6),
(132, 19, 6),
(171, 19, 6),
(178, 19, 6),
(180, 19, 6),
(219, 19, 6),
(234, 19, 6),
(236, 19, 6),
(237, 19, 6),
(239, 19, 6),
(287, 19, 6),
(304, 19, 6),
(313, 19, 6),
(324, 19, 6),
(338, 19, 6),
(8, 20, 6),
(305, 20, 6),
(33, 21, 6),
(225, 22, 6),
(309, 22, 6),
(323, 22, 6),
(335, 22, 6),
(336, 22, 6),
(225, 23, 6),
(309, 23, 6),
(323, 23, 6),
(335, 23, 6),
(336, 23, 6),
(33, 25, 6),
(128, 25, 6),
(86, 26, 6),
(215, 26, 6),
(254, 26, 6),
(344, 26, 6),
(235, 27, 6),
(248, 28, 6),
(345, 28, 6),
(248, 29, 6),
(345, 29, 6),
(248, 30, 6),
(345, 30, 6),
(13, 31, 6),
(48, 31, 6),
(119, 31, 6),
(167, 31, 6),
(287, 31, 6),
(30, 32, 6),
(47, 32, 6),
(93, 32, 6),
(103, 32, 6),
(178, 32, 6),
(239, 32, 6),
(287, 32, 6),
(311, 32, 6),
(49, 33, 6),
(73, 33, 6),
(132, 33, 6),
(171, 33, 6),
(178, 33, 6),
(219, 33, 6),
(234, 33, 6),
(236, 33, 6),
(239, 33, 6),
(288, 33, 6),
(313, 33, 6),
(9, 34, 6),
(13, 34, 6),
(30, 34, 6),
(49, 34, 6),
(73, 34, 6),
(93, 34, 6),
(98, 34, 6),
(103, 34, 6),
(126, 34, 6),
(129, 34, 6),
(132, 34, 6),
(160, 34, 6),
(180, 34, 6),
(219, 34, 6),
(234, 34, 6),
(236, 34, 6),
(239, 34, 6),
(263, 34, 6),
(287, 34, 6),
(288, 34, 6),
(304, 34, 6),
(311, 34, 6),
(313, 34, 6),
(9, 35, 6),
(30, 35, 6),
(48, 35, 6),
(49, 35, 6),
(73, 35, 6),
(93, 35, 6),
(98, 35, 6),
(103, 35, 6),
(126, 35, 6),
(129, 35, 6),
(132, 35, 6),
(160, 35, 6),
(180, 35, 6),
(219, 35, 6),
(234, 35, 6),
(236, 35, 6),
(239, 35, 6),
(263, 35, 6),
(287, 35, 6),
(288, 35, 6),
(304, 35, 6),
(311, 35, 6),
(313, 35, 6),
(9, 36, 6),
(13, 36, 6),
(49, 36, 6),
(73, 36, 6),
(93, 36, 6),
(98, 36, 6),
(103, 36, 6),
(126, 36, 6),
(129, 36, 6),
(150, 36, 6),
(160, 36, 6),
(171, 36, 6),
(219, 36, 6),
(234, 36, 6),
(236, 36, 6),
(239, 36, 6),
(287, 36, 6),
(288, 36, 6),
(304, 36, 6),
(311, 36, 6),
(313, 36, 6),
(338, 36, 6),
(9, 37, 6),
(13, 37, 6),
(30, 37, 6),
(49, 37, 6),
(93, 37, 6),
(98, 37, 6),
(126, 37, 6),
(129, 37, 6),
(132, 37, 6),
(160, 37, 6),
(219, 37, 6),
(236, 37, 6),
(239, 37, 6),
(287, 37, 6),
(311, 37, 6),
(313, 37, 6),
(338, 37, 6),
(9, 38, 6),
(13, 38, 6),
(30, 38, 6),
(49, 38, 6),
(93, 38, 6),
(98, 38, 6),
(119, 38, 6),
(126, 38, 6),
(129, 38, 6),
(132, 38, 6),
(160, 38, 6),
(219, 38, 6),
(234, 38, 6),
(236, 38, 6),
(239, 38, 6),
(287, 38, 6),
(304, 38, 6),
(311, 38, 6),
(313, 38, 6),
(338, 38, 6),
(178, 39, 6),
(239, 39, 6),
(53, 40, 6),
(345, 40, 6),
(189, 41, 6),
(238, 41, 6),
(266, 41, 6),
(327, 41, 6),
(270, 42, 6),
(347, 42, 6),
(216, 43, 6),
(288, 43, 6),
(19, 44, 6),
(172, 44, 6),
(247, 44, 6),
(346, 44, 6),
(348, 44, 6),
(349, 44, 6),
(125, 45, 6),
(299, 45, 6),
(300, 45, 6),
(108, 46, 6),
(272, 46, 6),
(275, 46, 6),
(346, 46, 6),
(19, 47, 6),
(172, 47, 6),
(247, 47, 6),
(346, 47, 6),
(348, 47, 6),
(349, 47, 6),
(108, 48, 6),
(272, 48, 6),
(275, 48, 6),
(346, 48, 6),
(349, 48, 6),
(19, 49, 6),
(158, 49, 6),
(201, 49, 6),
(19, 50, 6),
(172, 50, 6),
(247, 50, 6),
(348, 50, 6),
(108, 51, 6),
(272, 51, 6),
(275, 51, 6),
(346, 51, 6),
(349, 51, 6),
(67, 52, 6),
(93, 52, 6),
(132, 52, 6),
(150, 52, 6),
(212, 52, 6),
(19, 54, 6),
(201, 54, 6),
(222, 54, 6),
(128, 55, 6),
(114, 57, 6),
(139, 57, 6),
(283, 57, 6),
(114, 59, 6),
(139, 59, 6),
(146, 59, 6),
(249, 59, 6),
(283, 59, 6),
(328, 59, 6),
(139, 60, 6),
(146, 60, 6),
(249, 60, 6),
(283, 60, 6),
(139, 61, 6),
(146, 61, 6),
(139, 62, 6),
(141, 62, 6),
(277, 62, 6),
(337, 62, 6),
(91, 63, 6),
(253, 63, 6),
(259, 63, 6),
(91, 64, 6),
(253, 64, 6),
(259, 64, 6),
(194, 65, 6),
(253, 65, 6),
(259, 65, 6),
(15, 66, 6),
(293, 66, 6),
(340, 66, 6),
(62, 67, 6),
(84, 67, 6),
(213, 67, 6),
(255, 67, 6),
(83, 68, 6),
(124, 68, 6),
(110, 69, 6),
(114, 69, 6),
(145, 69, 6),
(146, 69, 6),
(283, 69, 6),
(112, 70, 6),
(114, 70, 6),
(139, 70, 6),
(312, 70, 6),
(355, 70, 6),
(58, 71, 6),
(123, 71, 6),
(124, 71, 6),
(139, 71, 6),
(140, 71, 6),
(182, 71, 6),
(198, 71, 6),
(146, 72, 6),
(249, 72, 6),
(134, 73, 6),
(153, 73, 6),
(289, 73, 6),
(134, 74, 6),
(245, 74, 6),
(289, 74, 6),
(83, 75, 6),
(220, 75, 6),
(289, 76, 6),
(152, 77, 6),
(200, 77, 6),
(37, 78, 6),
(71, 78, 6),
(152, 78, 6),
(156, 78, 6),
(194, 78, 6),
(200, 78, 6),
(337, 78, 6),
(86, 96, 6),
(106, 96, 6),
(163, 96, 6),
(182, 96, 6),
(254, 96, 6),
(312, 96, 6),
(37, 97, 6),
(86, 97, 6),
(109, 97, 6),
(182, 97, 6),
(254, 97, 6),
(134, 98, 6),
(37, 101, 6),
(52, 101, 6),
(54, 101, 6),
(70, 101, 6),
(82, 101, 6),
(90, 101, 6),
(115, 101, 6),
(122, 101, 6),
(144, 101, 6),
(176, 101, 6),
(181, 101, 6),
(197, 101, 6),
(217, 101, 6),
(227, 101, 6),
(233, 101, 6),
(244, 101, 6),
(281, 101, 6),
(301, 101, 6),
(316, 101, 6),
(37, 102, 6),
(90, 102, 6),
(115, 102, 6),
(116, 102, 6),
(122, 102, 6),
(144, 102, 6),
(176, 102, 6),
(197, 102, 6),
(217, 102, 6),
(281, 102, 6),
(301, 102, 6),
(52, 103, 6),
(54, 103, 6),
(61, 103, 6),
(82, 103, 6),
(90, 103, 6),
(116, 103, 6),
(122, 103, 6),
(161, 103, 6),
(181, 103, 6),
(197, 103, 6),
(233, 103, 6),
(281, 103, 6),
(301, 103, 6),
(227, 104, 6),
(233, 104, 6),
(314, 104, 6),
(52, 105, 6),
(197, 105, 6),
(227, 105, 6),
(281, 105, 6),
(7, 106, 6),
(7, 107, 6),
(7, 109, 6),
(152, 112, 6),
(230, 113, 6),
(233, 113, 6),
(256, 113, 6),
(257, 113, 6),
(258, 113, 6),
(312, 113, 6),
(85, 114, 6),
(156, 114, 6),
(325, 114, 6),
(337, 114, 6),
(233, 115, 6),
(314, 115, 6),
(15, 116, 6),
(37, 116, 6),
(106, 116, 6),
(112, 116, 6),
(214, 116, 6),
(254, 116, 6),
(15, 117, 6),
(86, 117, 6),
(152, 117, 6),
(182, 117, 6),
(214, 117, 6),
(337, 117, 6),
(86, 118, 6),
(134, 118, 6),
(145, 118, 6),
(153, 118, 6),
(163, 118, 6),
(182, 118, 6),
(215, 118, 6),
(276, 118, 6),
(289, 118, 6),
(312, 118, 6),
(341, 118, 6),
(344, 118, 6),
(355, 118, 6),
(86, 120, 6),
(134, 120, 6),
(145, 120, 6),
(153, 120, 6),
(163, 120, 6),
(182, 120, 6),
(215, 120, 6),
(276, 120, 6),
(289, 120, 6),
(312, 120, 6),
(341, 120, 6),
(344, 120, 6),
(355, 120, 6),
(86, 121, 6),
(134, 121, 6),
(145, 121, 6),
(153, 121, 6),
(163, 121, 6),
(182, 121, 6),
(215, 121, 6),
(276, 121, 6),
(289, 121, 6),
(312, 121, 6),
(341, 121, 6),
(344, 121, 6),
(355, 121, 6),
(31, 122, 6),
(86, 123, 6),
(134, 123, 6),
(145, 123, 6),
(153, 123, 6),
(163, 123, 6),
(182, 123, 6),
(215, 123, 6),
(276, 123, 6),
(289, 123, 6),
(312, 123, 6),
(341, 123, 6),
(344, 123, 6),
(355, 123, 6),
(86, 124, 6),
(134, 124, 6),
(145, 124, 6),
(153, 124, 6),
(163, 124, 6),
(182, 124, 6),
(215, 124, 6),
(276, 124, 6),
(289, 124, 6),
(312, 124, 6),
(341, 124, 6),
(344, 124, 6),
(355, 124, 6),
(86, 125, 6),
(134, 125, 6),
(145, 125, 6),
(153, 125, 6),
(163, 125, 6),
(182, 125, 6),
(215, 125, 6),
(276, 125, 6),
(289, 125, 6),
(312, 125, 6),
(341, 125, 6),
(344, 125, 6),
(355, 125, 6),
(86, 126, 6),
(134, 126, 6),
(145, 126, 6),
(153, 126, 6),
(163, 126, 6),
(182, 126, 6),
(215, 126, 6),
(276, 126, 6),
(289, 126, 6),
(312, 126, 6),
(341, 126, 6),
(344, 126, 6),
(355, 126, 6),
(31, 127, 6),
(264, 127, 6),
(58, 128, 6),
(109, 128, 6),
(121, 128, 6),
(123, 128, 6),
(182, 128, 6),
(198, 128, 6),
(31, 129, 6),
(264, 129, 6),
(140, 130, 6),
(191, 130, 6),
(257, 130, 6),
(284, 131, 6),
(337, 131, 6),
(156, 132, 6),
(257, 132, 6),
(66, 133, 6),
(71, 133, 6),
(200, 133, 6),
(325, 133, 6),
(37, 134, 6),
(66, 134, 6),
(258, 134, 6),
(343, 134, 6),
(39, 137, 6),
(87, 137, 6),
(184, 137, 6),
(218, 137, 6),
(309, 137, 6),
(381, 137, 6),
(155, 138, 6),
(6, 139, 6),
(179, 140, 6),
(185, 140, 6),
(224, 140, 6),
(241, 140, 6),
(1, 144, 6),
(190, 144, 6),
(19, 158, 6),
(20, 158, 6),
(40, 158, 6),
(53, 158, 6),
(78, 158, 6),
(148, 158, 6),
(166, 158, 6),
(195, 158, 6),
(221, 158, 6),
(235, 158, 6),
(246, 158, 6),
(247, 158, 6),
(269, 158, 6),
(271, 158, 6),
(272, 158, 6),
(275, 158, 6),
(347, 158, 6),
(348, 158, 6),
(356, 158, 6),
(357, 158, 6),
(358, 158, 6),
(359, 158, 6),
(361, 158, 6),
(363, 158, 6),
(364, 158, 6),
(365, 158, 6),
(366, 158, 6),
(367, 158, 6),
(368, 158, 6),
(369, 158, 6),
(370, 158, 6),
(40, 159, 6),
(53, 159, 6),
(78, 159, 6),
(148, 159, 6),
(166, 159, 6),
(195, 159, 6),
(221, 159, 6),
(235, 159, 6),
(247, 159, 6),
(271, 159, 6),
(359, 159, 6),
(361, 159, 6),
(365, 159, 6),
(366, 159, 6),
(367, 159, 6),
(368, 159, 6),
(369, 159, 6),
(370, 159, 6),
(235, 160, 6),
(247, 160, 6),
(348, 160, 6),
(19, 161, 6),
(20, 161, 6),
(40, 161, 6),
(78, 161, 6),
(128, 161, 6),
(148, 161, 6),
(166, 161, 6),
(269, 161, 6),
(271, 161, 6),
(359, 161, 6),
(369, 161, 6),
(270, 162, 6),
(362, 162, 6),
(78, 163, 6),
(128, 163, 6),
(359, 163, 6),
(369, 163, 6),
(128, 164, 6),
(270, 165, 6),
(125, 166, 6),
(299, 166, 6),
(300, 166, 6),
(19, 167, 6),
(20, 167, 6),
(269, 167, 6),
(272, 167, 6),
(275, 167, 6),
(19, 168, 6),
(20, 168, 6),
(246, 168, 6),
(269, 168, 6),
(246, 169, 6),
(3, 170, 6),
(33, 170, 6),
(136, 170, 6),
(199, 170, 6),
(240, 170, 6),
(261, 170, 6),
(297, 170, 6),
(298, 170, 6),
(354, 170, 6),
(380, 170, 6),
(3, 171, 6),
(33, 171, 6),
(136, 171, 6),
(199, 171, 6),
(240, 171, 6),
(261, 171, 6),
(297, 171, 6),
(298, 171, 6),
(354, 171, 6),
(380, 171, 6),
(3, 172, 6),
(33, 172, 6),
(136, 172, 6),
(199, 172, 6),
(240, 172, 6),
(261, 172, 6),
(297, 172, 6),
(298, 172, 6),
(354, 172, 6),
(380, 172, 6),
(163, 174, 6),
(225, 174, 6),
(47, 175, 6),
(48, 175, 6),
(126, 175, 6),
(160, 175, 6),
(216, 175, 6),
(286, 175, 6),
(288, 175, 6),
(9, 176, 6),
(13, 176, 6),
(30, 176, 6),
(36, 176, 6),
(67, 176, 6),
(73, 176, 6),
(93, 176, 6),
(119, 176, 6),
(126, 176, 6),
(132, 176, 6),
(150, 176, 6),
(167, 176, 6),
(178, 176, 6),
(180, 176, 6),
(212, 176, 6),
(234, 176, 6),
(236, 176, 6),
(239, 176, 6),
(263, 176, 6),
(265, 176, 6),
(285, 176, 6),
(287, 176, 6),
(288, 176, 6),
(304, 176, 6),
(308, 176, 6),
(311, 176, 6),
(313, 176, 6),
(335, 176, 6),
(336, 176, 6),
(338, 176, 6),
(362, 176, 6),
(365, 176, 6),
(371, 176, 6),
(377, 176, 6),
(378, 176, 6),
(9, 178, 6),
(13, 178, 6),
(30, 178, 6),
(36, 178, 6),
(67, 178, 6),
(93, 178, 6),
(119, 178, 6),
(126, 178, 6),
(132, 178, 6),
(150, 178, 6),
(167, 178, 6),
(178, 178, 6),
(180, 178, 6),
(212, 178, 6),
(234, 178, 6),
(236, 178, 6),
(239, 178, 6),
(265, 178, 6),
(285, 178, 6),
(287, 178, 6),
(288, 178, 6),
(304, 178, 6),
(311, 178, 6),
(313, 178, 6),
(335, 178, 6),
(336, 178, 6),
(338, 178, 6),
(362, 178, 6),
(365, 178, 6),
(371, 178, 6),
(377, 178, 6),
(378, 178, 6),
(9, 179, 6),
(13, 179, 6),
(30, 179, 6),
(36, 179, 6),
(67, 179, 6),
(73, 179, 6),
(93, 179, 6),
(119, 179, 6),
(126, 179, 6),
(132, 179, 6),
(150, 179, 6),
(167, 179, 6),
(178, 179, 6),
(180, 179, 6),
(212, 179, 6),
(234, 179, 6),
(236, 179, 6),
(239, 179, 6),
(265, 179, 6),
(285, 179, 6),
(287, 179, 6),
(288, 179, 6),
(311, 179, 6),
(313, 179, 6),
(335, 179, 6),
(336, 179, 6),
(338, 179, 6),
(365, 179, 6),
(5, 180, 6),
(81, 180, 6),
(133, 180, 6),
(162, 180, 6),
(308, 180, 6),
(321, 180, 6),
(375, 180, 6),
(379, 180, 6),
(30, 182, 6),
(93, 182, 6),
(126, 182, 6),
(288, 182, 6),
(311, 182, 6),
(30, 184, 6),
(126, 184, 6),
(180, 184, 6),
(236, 184, 6),
(287, 184, 6),
(288, 184, 6),
(338, 184, 6),
(229, 189, 6),
(237, 189, 6),
(250, 189, 6),
(318, 189, 6),
(324, 189, 6),
(4, 1, 7),
(10, 1, 7),
(14, 1, 7),
(231, 1, 7),
(273, 1, 7),
(17, 2, 7),
(18, 2, 7),
(45, 3, 7),
(47, 3, 7),
(48, 3, 7),
(107, 3, 7),
(216, 3, 7),
(286, 3, 7),
(17, 4, 7),
(18, 4, 7),
(17, 5, 7),
(18, 5, 7),
(189, 7, 7),
(238, 7, 7),
(266, 7, 7),
(327, 7, 7),
(45, 8, 7),
(56, 8, 7),
(57, 8, 7),
(305, 8, 7),
(308, 8, 7),
(56, 9, 7),
(57, 9, 7),
(108, 9, 7),
(305, 9, 7),
(308, 9, 7),
(56, 10, 7),
(57, 10, 7),
(108, 10, 7),
(305, 10, 7),
(308, 10, 7),
(57, 11, 7),
(108, 11, 7),
(272, 11, 7),
(275, 11, 7),
(305, 11, 7),
(308, 11, 7),
(346, 11, 7),
(8, 12, 7),
(56, 12, 7),
(57, 12, 7),
(108, 12, 7),
(272, 12, 7),
(275, 12, 7),
(305, 12, 7),
(308, 12, 7),
(346, 12, 7),
(8, 13, 7),
(56, 13, 7),
(57, 13, 7),
(108, 13, 7),
(272, 13, 7),
(275, 13, 7),
(305, 13, 7),
(308, 13, 7),
(346, 13, 7),
(19, 14, 7),
(158, 14, 7),
(201, 14, 7),
(189, 15, 7),
(238, 15, 7),
(266, 15, 7),
(327, 15, 7),
(189, 16, 7),
(238, 16, 7),
(266, 16, 7),
(327, 16, 7),
(9, 17, 7),
(13, 17, 7),
(45, 17, 7),
(73, 17, 7),
(107, 17, 7),
(126, 17, 7),
(160, 17, 7),
(171, 17, 7),
(216, 17, 7),
(288, 17, 7),
(30, 18, 7),
(73, 18, 7),
(180, 18, 7),
(236, 18, 7),
(237, 18, 7),
(287, 18, 7),
(311, 18, 7),
(324, 18, 7),
(338, 18, 7),
(9, 19, 7),
(13, 19, 7),
(30, 19, 7),
(48, 19, 7),
(49, 19, 7),
(73, 19, 7),
(93, 19, 7),
(98, 19, 7),
(103, 19, 7),
(126, 19, 7),
(132, 19, 7),
(171, 19, 7),
(178, 19, 7),
(180, 19, 7),
(219, 19, 7),
(234, 19, 7),
(236, 19, 7),
(237, 19, 7),
(239, 19, 7),
(287, 19, 7),
(304, 19, 7),
(313, 19, 7),
(324, 19, 7),
(338, 19, 7),
(8, 20, 7),
(305, 20, 7),
(33, 21, 7),
(225, 22, 7),
(309, 22, 7),
(323, 22, 7),
(335, 22, 7),
(336, 22, 7),
(225, 23, 7),
(309, 23, 7),
(323, 23, 7),
(335, 23, 7),
(336, 23, 7),
(33, 25, 7),
(128, 25, 7),
(86, 26, 7),
(215, 26, 7),
(254, 26, 7),
(344, 26, 7),
(235, 27, 7),
(248, 28, 7),
(345, 28, 7),
(248, 29, 7),
(345, 29, 7),
(248, 30, 7),
(345, 30, 7),
(13, 31, 7),
(48, 31, 7),
(119, 31, 7),
(167, 31, 7),
(287, 31, 7),
(30, 32, 7),
(47, 32, 7),
(93, 32, 7),
(103, 32, 7),
(178, 32, 7),
(239, 32, 7),
(287, 32, 7),
(311, 32, 7),
(49, 33, 7),
(73, 33, 7),
(132, 33, 7),
(171, 33, 7),
(178, 33, 7),
(219, 33, 7),
(234, 33, 7),
(236, 33, 7),
(239, 33, 7),
(288, 33, 7),
(313, 33, 7),
(9, 34, 7),
(13, 34, 7),
(30, 34, 7),
(49, 34, 7),
(73, 34, 7),
(93, 34, 7),
(98, 34, 7),
(103, 34, 7),
(126, 34, 7),
(129, 34, 7),
(132, 34, 7),
(160, 34, 7),
(180, 34, 7),
(219, 34, 7),
(234, 34, 7),
(236, 34, 7),
(239, 34, 7),
(263, 34, 7),
(287, 34, 7),
(288, 34, 7),
(304, 34, 7),
(311, 34, 7),
(313, 34, 7),
(9, 35, 7),
(30, 35, 7),
(48, 35, 7),
(49, 35, 7),
(73, 35, 7),
(93, 35, 7),
(98, 35, 7),
(103, 35, 7),
(126, 35, 7),
(129, 35, 7),
(132, 35, 7),
(160, 35, 7),
(180, 35, 7),
(219, 35, 7),
(234, 35, 7),
(236, 35, 7),
(239, 35, 7),
(263, 35, 7),
(287, 35, 7),
(288, 35, 7),
(304, 35, 7),
(311, 35, 7),
(313, 35, 7),
(9, 36, 7),
(13, 36, 7),
(49, 36, 7),
(73, 36, 7),
(93, 36, 7),
(98, 36, 7),
(103, 36, 7),
(126, 36, 7),
(129, 36, 7),
(150, 36, 7),
(160, 36, 7),
(171, 36, 7),
(219, 36, 7),
(234, 36, 7),
(236, 36, 7),
(239, 36, 7),
(287, 36, 7),
(288, 36, 7),
(304, 36, 7),
(311, 36, 7),
(313, 36, 7),
(338, 36, 7),
(9, 37, 7),
(13, 37, 7),
(30, 37, 7),
(49, 37, 7),
(93, 37, 7),
(98, 37, 7),
(126, 37, 7),
(129, 37, 7),
(132, 37, 7),
(160, 37, 7),
(219, 37, 7),
(236, 37, 7),
(239, 37, 7),
(287, 37, 7),
(311, 37, 7),
(313, 37, 7),
(338, 37, 7),
(9, 38, 7),
(13, 38, 7),
(30, 38, 7),
(49, 38, 7),
(93, 38, 7),
(98, 38, 7),
(119, 38, 7),
(126, 38, 7),
(129, 38, 7),
(132, 38, 7),
(160, 38, 7),
(219, 38, 7),
(234, 38, 7),
(236, 38, 7),
(239, 38, 7),
(287, 38, 7),
(304, 38, 7),
(311, 38, 7),
(313, 38, 7),
(338, 38, 7),
(178, 39, 7),
(239, 39, 7),
(53, 40, 7),
(345, 40, 7),
(189, 41, 7),
(238, 41, 7),
(266, 41, 7),
(327, 41, 7),
(270, 42, 7),
(347, 42, 7),
(216, 43, 7),
(288, 43, 7),
(19, 44, 7),
(172, 44, 7),
(247, 44, 7),
(346, 44, 7),
(348, 44, 7),
(349, 44, 7),
(125, 45, 7),
(299, 45, 7),
(300, 45, 7),
(108, 46, 7),
(272, 46, 7),
(275, 46, 7),
(346, 46, 7),
(19, 47, 7),
(172, 47, 7),
(247, 47, 7),
(346, 47, 7),
(348, 47, 7),
(349, 47, 7),
(108, 48, 7),
(272, 48, 7),
(275, 48, 7),
(346, 48, 7),
(349, 48, 7),
(19, 49, 7),
(158, 49, 7),
(201, 49, 7),
(19, 50, 7),
(172, 50, 7),
(247, 50, 7),
(348, 50, 7),
(108, 51, 7),
(272, 51, 7),
(275, 51, 7),
(346, 51, 7),
(349, 51, 7),
(67, 52, 7),
(93, 52, 7),
(132, 52, 7),
(150, 52, 7),
(212, 52, 7),
(19, 54, 7),
(201, 54, 7),
(222, 54, 7),
(128, 55, 7),
(114, 57, 7),
(139, 57, 7),
(283, 57, 7),
(114, 59, 7),
(139, 59, 7),
(146, 59, 7),
(249, 59, 7),
(283, 59, 7),
(328, 59, 7),
(139, 60, 7),
(146, 60, 7),
(249, 60, 7),
(283, 60, 7),
(139, 61, 7),
(146, 61, 7),
(139, 62, 7),
(141, 62, 7),
(277, 62, 7),
(337, 62, 7),
(91, 63, 7),
(253, 63, 7),
(259, 63, 7),
(91, 64, 7),
(253, 64, 7),
(259, 64, 7),
(194, 65, 7),
(253, 65, 7),
(259, 65, 7),
(15, 66, 7),
(293, 66, 7),
(340, 66, 7),
(62, 67, 7),
(84, 67, 7),
(213, 67, 7),
(255, 67, 7),
(83, 68, 7),
(124, 68, 7),
(110, 69, 7),
(114, 69, 7),
(145, 69, 7),
(146, 69, 7),
(283, 69, 7),
(112, 70, 7),
(114, 70, 7),
(139, 70, 7),
(312, 70, 7),
(355, 70, 7),
(58, 71, 7),
(123, 71, 7),
(124, 71, 7),
(139, 71, 7),
(140, 71, 7),
(182, 71, 7),
(198, 71, 7),
(146, 72, 7),
(249, 72, 7),
(134, 73, 7),
(153, 73, 7),
(289, 73, 7),
(134, 74, 7),
(245, 74, 7),
(289, 74, 7),
(83, 75, 7),
(220, 75, 7),
(289, 76, 7),
(152, 77, 7),
(200, 77, 7),
(37, 78, 7),
(71, 78, 7),
(152, 78, 7),
(156, 78, 7),
(194, 78, 7),
(200, 78, 7),
(337, 78, 7),
(86, 96, 7),
(106, 96, 7),
(163, 96, 7),
(182, 96, 7),
(254, 96, 7),
(312, 96, 7),
(37, 97, 7),
(86, 97, 7),
(109, 97, 7),
(182, 97, 7),
(254, 97, 7),
(134, 98, 7),
(37, 101, 7),
(52, 101, 7),
(54, 101, 7),
(70, 101, 7),
(82, 101, 7),
(90, 101, 7),
(115, 101, 7),
(122, 101, 7),
(144, 101, 7),
(176, 101, 7),
(181, 101, 7),
(197, 101, 7),
(217, 101, 7),
(227, 101, 7),
(233, 101, 7),
(244, 101, 7),
(281, 101, 7),
(301, 101, 7),
(316, 101, 7),
(37, 102, 7),
(90, 102, 7),
(115, 102, 7),
(116, 102, 7),
(122, 102, 7),
(144, 102, 7),
(176, 102, 7),
(197, 102, 7),
(217, 102, 7),
(281, 102, 7),
(301, 102, 7),
(52, 103, 7),
(54, 103, 7),
(61, 103, 7),
(82, 103, 7),
(90, 103, 7),
(116, 103, 7),
(122, 103, 7),
(161, 103, 7),
(181, 103, 7),
(197, 103, 7),
(233, 103, 7),
(281, 103, 7),
(301, 103, 7),
(227, 104, 7),
(233, 104, 7),
(314, 104, 7),
(52, 105, 7),
(197, 105, 7),
(227, 105, 7),
(281, 105, 7),
(7, 106, 7),
(7, 107, 7),
(7, 109, 7),
(152, 112, 7),
(230, 113, 7),
(233, 113, 7),
(256, 113, 7),
(257, 113, 7),
(258, 113, 7),
(312, 113, 7),
(85, 114, 7),
(156, 114, 7),
(325, 114, 7),
(337, 114, 7),
(233, 115, 7),
(314, 115, 7),
(15, 116, 7),
(37, 116, 7),
(106, 116, 7),
(112, 116, 7),
(214, 116, 7),
(254, 116, 7),
(15, 117, 7),
(86, 117, 7),
(152, 117, 7),
(182, 117, 7),
(214, 117, 7),
(337, 117, 7),
(86, 118, 7),
(134, 118, 7),
(145, 118, 7),
(153, 118, 7),
(163, 118, 7),
(182, 118, 7),
(215, 118, 7),
(276, 118, 7),
(289, 118, 7),
(312, 118, 7),
(341, 118, 7),
(344, 118, 7),
(355, 118, 7),
(86, 120, 7),
(134, 120, 7),
(145, 120, 7),
(153, 120, 7),
(163, 120, 7),
(182, 120, 7),
(215, 120, 7),
(276, 120, 7),
(289, 120, 7),
(312, 120, 7),
(341, 120, 7),
(344, 120, 7),
(355, 120, 7),
(86, 121, 7),
(134, 121, 7),
(145, 121, 7),
(153, 121, 7),
(163, 121, 7),
(182, 121, 7),
(215, 121, 7),
(276, 121, 7),
(289, 121, 7),
(312, 121, 7),
(341, 121, 7),
(344, 121, 7),
(355, 121, 7),
(31, 122, 7),
(86, 123, 7),
(134, 123, 7),
(145, 123, 7),
(153, 123, 7),
(163, 123, 7),
(182, 123, 7),
(215, 123, 7),
(276, 123, 7),
(289, 123, 7),
(312, 123, 7),
(341, 123, 7),
(344, 123, 7),
(355, 123, 7),
(86, 124, 7),
(134, 124, 7),
(145, 124, 7),
(153, 124, 7),
(163, 124, 7),
(182, 124, 7),
(215, 124, 7),
(276, 124, 7),
(289, 124, 7),
(312, 124, 7),
(341, 124, 7),
(344, 124, 7),
(355, 124, 7),
(86, 125, 7),
(134, 125, 7),
(145, 125, 7),
(153, 125, 7),
(163, 125, 7),
(182, 125, 7),
(215, 125, 7),
(276, 125, 7),
(289, 125, 7),
(312, 125, 7),
(341, 125, 7),
(344, 125, 7),
(355, 125, 7),
(86, 126, 7),
(134, 126, 7),
(145, 126, 7),
(153, 126, 7),
(163, 126, 7),
(182, 126, 7),
(215, 126, 7),
(276, 126, 7),
(289, 126, 7),
(312, 126, 7),
(341, 126, 7),
(344, 126, 7),
(355, 126, 7),
(31, 127, 7),
(264, 127, 7),
(58, 128, 7),
(109, 128, 7),
(121, 128, 7),
(123, 128, 7),
(182, 128, 7),
(198, 128, 7),
(31, 129, 7),
(264, 129, 7),
(140, 130, 7),
(191, 130, 7),
(257, 130, 7),
(284, 131, 7),
(337, 131, 7),
(156, 132, 7),
(257, 132, 7),
(66, 133, 7),
(71, 133, 7),
(200, 133, 7),
(325, 133, 7),
(37, 134, 7),
(66, 134, 7),
(258, 134, 7),
(343, 134, 7),
(39, 137, 7),
(87, 137, 7),
(184, 137, 7),
(218, 137, 7),
(309, 137, 7),
(381, 137, 7),
(155, 138, 7),
(6, 139, 7),
(179, 140, 7),
(185, 140, 7),
(224, 140, 7),
(241, 140, 7),
(1, 144, 7),
(190, 144, 7),
(19, 158, 7),
(20, 158, 7),
(40, 158, 7),
(53, 158, 7),
(78, 158, 7),
(148, 158, 7),
(166, 158, 7),
(195, 158, 7),
(221, 158, 7),
(235, 158, 7),
(246, 158, 7),
(247, 158, 7),
(269, 158, 7),
(271, 158, 7),
(272, 158, 7),
(275, 158, 7),
(347, 158, 7),
(348, 158, 7),
(356, 158, 7),
(357, 158, 7),
(358, 158, 7),
(359, 158, 7),
(361, 158, 7),
(363, 158, 7),
(364, 158, 7),
(365, 158, 7),
(366, 158, 7),
(367, 158, 7),
(368, 158, 7),
(369, 158, 7),
(370, 158, 7),
(40, 159, 7),
(53, 159, 7),
(78, 159, 7),
(148, 159, 7),
(166, 159, 7),
(195, 159, 7),
(221, 159, 7),
(235, 159, 7),
(247, 159, 7),
(271, 159, 7),
(359, 159, 7),
(361, 159, 7),
(365, 159, 7),
(366, 159, 7),
(367, 159, 7),
(368, 159, 7),
(369, 159, 7),
(370, 159, 7),
(235, 160, 7),
(247, 160, 7),
(348, 160, 7),
(19, 161, 7),
(20, 161, 7),
(40, 161, 7),
(78, 161, 7),
(128, 161, 7),
(148, 161, 7),
(166, 161, 7),
(269, 161, 7),
(271, 161, 7),
(359, 161, 7),
(369, 161, 7),
(270, 162, 7),
(362, 162, 7),
(78, 163, 7),
(128, 163, 7),
(359, 163, 7),
(369, 163, 7),
(128, 164, 7),
(270, 165, 7),
(125, 166, 7),
(299, 166, 7),
(300, 166, 7),
(19, 167, 7),
(20, 167, 7),
(269, 167, 7),
(272, 167, 7),
(275, 167, 7),
(19, 168, 7),
(20, 168, 7),
(246, 168, 7),
(269, 168, 7),
(246, 169, 7),
(3, 170, 7),
(33, 170, 7),
(136, 170, 7),
(199, 170, 7),
(240, 170, 7),
(261, 170, 7),
(297, 170, 7),
(298, 170, 7),
(354, 170, 7),
(380, 170, 7),
(3, 171, 7),
(33, 171, 7),
(136, 171, 7),
(199, 171, 7),
(240, 171, 7),
(261, 171, 7),
(297, 171, 7),
(298, 171, 7),
(354, 171, 7),
(380, 171, 7),
(3, 172, 7),
(33, 172, 7),
(136, 172, 7),
(199, 172, 7),
(240, 172, 7),
(261, 172, 7),
(297, 172, 7),
(298, 172, 7),
(354, 172, 7),
(380, 172, 7),
(163, 174, 7),
(225, 174, 7),
(47, 175, 7),
(48, 175, 7),
(126, 175, 7),
(160, 175, 7),
(216, 175, 7),
(286, 175, 7),
(288, 175, 7),
(9, 176, 7),
(13, 176, 7),
(30, 176, 7),
(36, 176, 7),
(67, 176, 7),
(73, 176, 7),
(93, 176, 7),
(119, 176, 7),
(126, 176, 7),
(132, 176, 7),
(150, 176, 7),
(167, 176, 7),
(178, 176, 7),
(180, 176, 7),
(212, 176, 7),
(234, 176, 7),
(236, 176, 7),
(239, 176, 7),
(263, 176, 7),
(265, 176, 7),
(285, 176, 7),
(287, 176, 7),
(288, 176, 7),
(304, 176, 7),
(308, 176, 7),
(311, 176, 7),
(313, 176, 7),
(335, 176, 7),
(336, 176, 7),
(338, 176, 7),
(362, 176, 7),
(365, 176, 7),
(371, 176, 7),
(377, 176, 7),
(378, 176, 7),
(9, 178, 7),
(13, 178, 7),
(30, 178, 7),
(36, 178, 7),
(67, 178, 7),
(93, 178, 7),
(119, 178, 7),
(126, 178, 7),
(132, 178, 7),
(150, 178, 7),
(167, 178, 7),
(178, 178, 7),
(180, 178, 7),
(212, 178, 7),
(234, 178, 7),
(236, 178, 7),
(239, 178, 7),
(265, 178, 7),
(285, 178, 7),
(287, 178, 7),
(288, 178, 7),
(304, 178, 7),
(311, 178, 7),
(313, 178, 7),
(335, 178, 7),
(336, 178, 7),
(338, 178, 7),
(362, 178, 7),
(365, 178, 7),
(371, 178, 7),
(377, 178, 7),
(378, 178, 7),
(9, 179, 7),
(13, 179, 7),
(30, 179, 7),
(36, 179, 7),
(67, 179, 7),
(73, 179, 7),
(93, 179, 7),
(119, 179, 7),
(126, 179, 7),
(132, 179, 7),
(150, 179, 7),
(167, 179, 7),
(178, 179, 7),
(180, 179, 7),
(212, 179, 7),
(234, 179, 7),
(236, 179, 7),
(239, 179, 7),
(265, 179, 7),
(285, 179, 7),
(287, 179, 7),
(288, 179, 7),
(311, 179, 7),
(313, 179, 7),
(335, 179, 7),
(336, 179, 7),
(338, 179, 7),
(365, 179, 7),
(5, 180, 7),
(81, 180, 7),
(133, 180, 7),
(162, 180, 7),
(308, 180, 7),
(321, 180, 7),
(375, 180, 7),
(379, 180, 7),
(30, 182, 7),
(93, 182, 7),
(126, 182, 7),
(288, 182, 7),
(311, 182, 7),
(30, 184, 7),
(126, 184, 7),
(180, 184, 7),
(236, 184, 7),
(287, 184, 7),
(288, 184, 7),
(338, 184, 7),
(29, 188, 7),
(39, 188, 7),
(218, 188, 7),
(229, 189, 7),
(237, 189, 7),
(250, 189, 7),
(318, 189, 7),
(324, 189, 7),
(17, 2, 8),
(18, 2, 8),
(17, 2, 9),
(18, 2, 9),
(17, 2, 10),
(18, 2, 10),
(45, 3, 10),
(47, 3, 10),
(48, 3, 10),
(107, 3, 10),
(216, 3, 10),
(286, 3, 10),
(17, 4, 10),
(18, 4, 10),
(17, 5, 10),
(18, 5, 10),
(189, 7, 10),
(238, 7, 10),
(266, 7, 10),
(327, 7, 10),
(45, 8, 10),
(56, 8, 10),
(57, 8, 10),
(305, 8, 10),
(308, 8, 10),
(56, 9, 10),
(57, 9, 10),
(108, 9, 10),
(305, 9, 10),
(308, 9, 10),
(56, 10, 10),
(57, 10, 10),
(108, 10, 10),
(305, 10, 10),
(308, 10, 10),
(57, 11, 10),
(108, 11, 10),
(272, 11, 10),
(275, 11, 10),
(305, 11, 10),
(308, 11, 10),
(346, 11, 10),
(8, 12, 10),
(56, 12, 10),
(57, 12, 10),
(108, 12, 10),
(272, 12, 10),
(275, 12, 10),
(305, 12, 10),
(308, 12, 10),
(346, 12, 10),
(8, 13, 10),
(56, 13, 10),
(57, 13, 10),
(108, 13, 10),
(272, 13, 10),
(275, 13, 10),
(305, 13, 10),
(308, 13, 10),
(346, 13, 10),
(19, 14, 10),
(158, 14, 10),
(201, 14, 10),
(189, 15, 10),
(238, 15, 10),
(266, 15, 10),
(327, 15, 10),
(189, 16, 10),
(238, 16, 10),
(266, 16, 10),
(327, 16, 10),
(9, 17, 10),
(13, 17, 10),
(45, 17, 10),
(73, 17, 10),
(107, 17, 10),
(126, 17, 10),
(160, 17, 10),
(171, 17, 10),
(216, 17, 10),
(288, 17, 10),
(30, 18, 10),
(73, 18, 10),
(180, 18, 10),
(236, 18, 10),
(237, 18, 10),
(287, 18, 10),
(311, 18, 10),
(324, 18, 10),
(338, 18, 10),
(9, 19, 10),
(13, 19, 10),
(30, 19, 10),
(48, 19, 10),
(49, 19, 10),
(73, 19, 10),
(93, 19, 10),
(98, 19, 10),
(103, 19, 10),
(126, 19, 10),
(132, 19, 10),
(171, 19, 10),
(178, 19, 10),
(180, 19, 10),
(219, 19, 10),
(234, 19, 10),
(236, 19, 10),
(237, 19, 10),
(239, 19, 10),
(287, 19, 10),
(304, 19, 10),
(313, 19, 10),
(324, 19, 10),
(338, 19, 10),
(8, 20, 10),
(305, 20, 10),
(33, 21, 10),
(225, 22, 10),
(309, 22, 10),
(323, 22, 10),
(335, 22, 10),
(336, 22, 10),
(225, 23, 10),
(309, 23, 10),
(323, 23, 10),
(335, 23, 10),
(336, 23, 10),
(33, 25, 10),
(128, 25, 10),
(86, 26, 10),
(215, 26, 10),
(254, 26, 10),
(344, 26, 10),
(235, 27, 10),
(248, 28, 10),
(345, 28, 10),
(248, 29, 10),
(345, 29, 10),
(248, 30, 10),
(345, 30, 10),
(13, 31, 10),
(48, 31, 10),
(119, 31, 10),
(167, 31, 10),
(287, 31, 10),
(30, 32, 10),
(47, 32, 10),
(93, 32, 10),
(103, 32, 10),
(178, 32, 10),
(239, 32, 10),
(287, 32, 10),
(311, 32, 10),
(49, 33, 10),
(73, 33, 10),
(132, 33, 10),
(171, 33, 10),
(178, 33, 10),
(219, 33, 10),
(234, 33, 10),
(236, 33, 10),
(239, 33, 10),
(288, 33, 10),
(313, 33, 10),
(9, 34, 10),
(13, 34, 10),
(30, 34, 10),
(49, 34, 10),
(73, 34, 10),
(93, 34, 10),
(98, 34, 10),
(103, 34, 10),
(126, 34, 10),
(129, 34, 10),
(132, 34, 10),
(160, 34, 10),
(180, 34, 10),
(219, 34, 10),
(234, 34, 10),
(236, 34, 10),
(239, 34, 10),
(263, 34, 10),
(287, 34, 10),
(288, 34, 10),
(304, 34, 10),
(311, 34, 10),
(313, 34, 10),
(9, 35, 10),
(30, 35, 10),
(48, 35, 10),
(49, 35, 10),
(73, 35, 10),
(93, 35, 10),
(98, 35, 10),
(103, 35, 10),
(126, 35, 10),
(129, 35, 10),
(132, 35, 10),
(160, 35, 10),
(180, 35, 10),
(219, 35, 10),
(234, 35, 10),
(236, 35, 10),
(239, 35, 10),
(263, 35, 10),
(287, 35, 10),
(288, 35, 10),
(304, 35, 10),
(311, 35, 10),
(313, 35, 10),
(9, 36, 10),
(13, 36, 10),
(49, 36, 10),
(73, 36, 10),
(93, 36, 10),
(98, 36, 10),
(103, 36, 10),
(126, 36, 10),
(129, 36, 10),
(150, 36, 10),
(160, 36, 10),
(171, 36, 10),
(219, 36, 10),
(234, 36, 10),
(236, 36, 10),
(239, 36, 10),
(287, 36, 10),
(288, 36, 10),
(304, 36, 10),
(311, 36, 10),
(313, 36, 10),
(338, 36, 10),
(9, 37, 10),
(13, 37, 10),
(30, 37, 10),
(49, 37, 10),
(93, 37, 10),
(98, 37, 10),
(126, 37, 10),
(129, 37, 10),
(132, 37, 10),
(160, 37, 10),
(219, 37, 10),
(236, 37, 10),
(239, 37, 10),
(287, 37, 10),
(311, 37, 10),
(313, 37, 10),
(338, 37, 10),
(9, 38, 10),
(13, 38, 10),
(30, 38, 10),
(49, 38, 10),
(93, 38, 10),
(98, 38, 10),
(119, 38, 10),
(126, 38, 10),
(129, 38, 10),
(132, 38, 10),
(160, 38, 10),
(219, 38, 10),
(234, 38, 10),
(236, 38, 10),
(239, 38, 10),
(287, 38, 10),
(304, 38, 10),
(311, 38, 10),
(313, 38, 10),
(338, 38, 10),
(178, 39, 10),
(239, 39, 10),
(53, 40, 10),
(345, 40, 10),
(189, 41, 10),
(238, 41, 10),
(266, 41, 10),
(327, 41, 10),
(270, 42, 10),
(347, 42, 10),
(216, 43, 10),
(288, 43, 10),
(19, 44, 10),
(172, 44, 10),
(247, 44, 10),
(346, 44, 10),
(348, 44, 10),
(349, 44, 10),
(125, 45, 10),
(299, 45, 10),
(300, 45, 10),
(108, 46, 10),
(272, 46, 10),
(275, 46, 10),
(346, 46, 10),
(19, 47, 10),
(172, 47, 10),
(247, 47, 10),
(346, 47, 10),
(348, 47, 10),
(349, 47, 10),
(108, 48, 10),
(272, 48, 10),
(275, 48, 10),
(346, 48, 10),
(349, 48, 10),
(19, 49, 10),
(158, 49, 10),
(201, 49, 10),
(19, 50, 10),
(172, 50, 10),
(247, 50, 10),
(348, 50, 10),
(108, 51, 10),
(272, 51, 10),
(275, 51, 10),
(346, 51, 10),
(349, 51, 10),
(67, 52, 10),
(93, 52, 10),
(132, 52, 10),
(150, 52, 10),
(212, 52, 10),
(19, 54, 10),
(201, 54, 10),
(222, 54, 10),
(128, 55, 10),
(114, 57, 10),
(139, 57, 10),
(283, 57, 10),
(114, 59, 10),
(139, 59, 10),
(146, 59, 10),
(249, 59, 10),
(283, 59, 10),
(328, 59, 10),
(139, 60, 10),
(146, 60, 10),
(249, 60, 10),
(283, 60, 10),
(139, 61, 10),
(146, 61, 10),
(139, 62, 10),
(141, 62, 10),
(277, 62, 10),
(337, 62, 10),
(91, 63, 10),
(253, 63, 10),
(259, 63, 10),
(91, 64, 10),
(253, 64, 10),
(259, 64, 10),
(194, 65, 10),
(253, 65, 10),
(259, 65, 10),
(15, 66, 10),
(293, 66, 10),
(340, 66, 10),
(62, 67, 10),
(84, 67, 10),
(213, 67, 10),
(255, 67, 10),
(83, 68, 10),
(124, 68, 10),
(110, 69, 10),
(114, 69, 10),
(145, 69, 10),
(146, 69, 10),
(283, 69, 10),
(112, 70, 10),
(114, 70, 10),
(139, 70, 10),
(312, 70, 10),
(355, 70, 10),
(58, 71, 10),
(123, 71, 10),
(124, 71, 10),
(139, 71, 10),
(140, 71, 10),
(182, 71, 10),
(198, 71, 10),
(146, 72, 10),
(249, 72, 10),
(134, 73, 10),
(153, 73, 10),
(289, 73, 10),
(134, 74, 10),
(245, 74, 10),
(289, 74, 10),
(83, 75, 10),
(220, 75, 10),
(289, 76, 10),
(152, 77, 10),
(200, 77, 10),
(37, 78, 10),
(71, 78, 10),
(152, 78, 10),
(156, 78, 10),
(194, 78, 10),
(200, 78, 10),
(337, 78, 10),
(86, 96, 10),
(106, 96, 10),
(163, 96, 10),
(182, 96, 10),
(254, 96, 10),
(312, 96, 10),
(37, 97, 10),
(86, 97, 10),
(109, 97, 10),
(182, 97, 10),
(254, 97, 10),
(134, 98, 10),
(37, 101, 10),
(52, 101, 10),
(54, 101, 10),
(70, 101, 10),
(82, 101, 10),
(90, 101, 10),
(115, 101, 10),
(122, 101, 10),
(144, 101, 10),
(176, 101, 10),
(181, 101, 10),
(197, 101, 10),
(217, 101, 10),
(227, 101, 10),
(233, 101, 10),
(244, 101, 10),
(281, 101, 10),
(301, 101, 10),
(316, 101, 10),
(37, 102, 10),
(90, 102, 10),
(115, 102, 10),
(116, 102, 10),
(122, 102, 10),
(144, 102, 10),
(176, 102, 10),
(197, 102, 10),
(217, 102, 10),
(281, 102, 10),
(301, 102, 10),
(52, 103, 10),
(54, 103, 10),
(61, 103, 10),
(82, 103, 10),
(90, 103, 10),
(116, 103, 10),
(122, 103, 10),
(161, 103, 10),
(181, 103, 10),
(197, 103, 10),
(233, 103, 10),
(281, 103, 10),
(301, 103, 10),
(227, 104, 10),
(233, 104, 10),
(314, 104, 10),
(52, 105, 10),
(197, 105, 10),
(227, 105, 10),
(281, 105, 10),
(7, 106, 10),
(7, 107, 10),
(7, 109, 10),
(152, 112, 10),
(230, 113, 10),
(233, 113, 10),
(256, 113, 10),
(257, 113, 10),
(258, 113, 10),
(312, 113, 10),
(85, 114, 10),
(156, 114, 10),
(325, 114, 10),
(337, 114, 10),
(233, 115, 10),
(314, 115, 10),
(15, 116, 10),
(37, 116, 10),
(106, 116, 10),
(112, 116, 10),
(214, 116, 10),
(254, 116, 10),
(15, 117, 10),
(86, 117, 10),
(152, 117, 10),
(182, 117, 10),
(214, 117, 10),
(337, 117, 10),
(86, 118, 10),
(134, 118, 10),
(145, 118, 10),
(153, 118, 10),
(163, 118, 10),
(182, 118, 10),
(215, 118, 10),
(276, 118, 10),
(289, 118, 10),
(312, 118, 10),
(341, 118, 10),
(344, 118, 10),
(355, 118, 10),
(86, 120, 10),
(134, 120, 10),
(145, 120, 10),
(153, 120, 10),
(163, 120, 10),
(182, 120, 10),
(215, 120, 10),
(276, 120, 10),
(289, 120, 10),
(312, 120, 10),
(341, 120, 10),
(344, 120, 10),
(355, 120, 10),
(86, 121, 10),
(134, 121, 10),
(145, 121, 10),
(153, 121, 10),
(163, 121, 10),
(182, 121, 10),
(215, 121, 10),
(276, 121, 10),
(289, 121, 10),
(312, 121, 10),
(341, 121, 10),
(344, 121, 10),
(355, 121, 10),
(31, 122, 10),
(86, 123, 10),
(134, 123, 10),
(145, 123, 10),
(153, 123, 10),
(163, 123, 10),
(182, 123, 10),
(215, 123, 10),
(276, 123, 10),
(289, 123, 10),
(312, 123, 10),
(341, 123, 10),
(344, 123, 10),
(355, 123, 10),
(86, 124, 10),
(134, 124, 10),
(145, 124, 10),
(153, 124, 10),
(163, 124, 10),
(182, 124, 10),
(215, 124, 10),
(276, 124, 10),
(289, 124, 10),
(312, 124, 10),
(341, 124, 10),
(344, 124, 10),
(355, 124, 10),
(86, 125, 10),
(134, 125, 10),
(145, 125, 10),
(153, 125, 10),
(163, 125, 10),
(182, 125, 10),
(215, 125, 10),
(276, 125, 10),
(289, 125, 10),
(312, 125, 10),
(341, 125, 10),
(344, 125, 10),
(355, 125, 10),
(86, 126, 10),
(134, 126, 10),
(145, 126, 10),
(153, 126, 10),
(163, 126, 10),
(182, 126, 10),
(215, 126, 10),
(276, 126, 10),
(289, 126, 10),
(312, 126, 10),
(341, 126, 10),
(344, 126, 10),
(355, 126, 10),
(31, 127, 10),
(264, 127, 10),
(58, 128, 10),
(109, 128, 10),
(121, 128, 10),
(123, 128, 10),
(182, 128, 10),
(198, 128, 10),
(31, 129, 10),
(264, 129, 10),
(140, 130, 10),
(191, 130, 10),
(257, 130, 10),
(284, 131, 10),
(337, 131, 10),
(156, 132, 10),
(257, 132, 10),
(66, 133, 10),
(71, 133, 10),
(200, 133, 10),
(325, 133, 10),
(37, 134, 10),
(66, 134, 10),
(258, 134, 10),
(343, 134, 10),
(19, 158, 10),
(20, 158, 10),
(40, 158, 10),
(53, 158, 10),
(78, 158, 10),
(148, 158, 10),
(166, 158, 10),
(195, 158, 10),
(221, 158, 10),
(235, 158, 10),
(246, 158, 10),
(247, 158, 10),
(269, 158, 10),
(271, 158, 10),
(272, 158, 10),
(275, 158, 10),
(347, 158, 10),
(348, 158, 10),
(356, 158, 10),
(357, 158, 10),
(358, 158, 10),
(359, 158, 10),
(361, 158, 10),
(363, 158, 10),
(364, 158, 10),
(365, 158, 10),
(366, 158, 10),
(367, 158, 10),
(368, 158, 10),
(369, 158, 10),
(370, 158, 10),
(40, 159, 10),
(53, 159, 10),
(78, 159, 10),
(148, 159, 10),
(166, 159, 10),
(195, 159, 10),
(221, 159, 10),
(235, 159, 10),
(247, 159, 10),
(271, 159, 10),
(359, 159, 10),
(361, 159, 10),
(365, 159, 10),
(366, 159, 10),
(367, 159, 10),
(368, 159, 10),
(369, 159, 10),
(370, 159, 10),
(235, 160, 10),
(247, 160, 10),
(348, 160, 10),
(19, 161, 10),
(20, 161, 10),
(40, 161, 10),
(78, 161, 10),
(128, 161, 10),
(148, 161, 10),
(166, 161, 10),
(269, 161, 10),
(271, 161, 10),
(359, 161, 10),
(369, 161, 10),
(270, 162, 10),
(362, 162, 10),
(78, 163, 10),
(128, 163, 10),
(359, 163, 10),
(369, 163, 10),
(128, 164, 10),
(270, 165, 10),
(125, 166, 10),
(299, 166, 10),
(300, 166, 10),
(19, 167, 10),
(20, 167, 10),
(269, 167, 10),
(272, 167, 10),
(275, 167, 10),
(19, 168, 10),
(20, 168, 10),
(246, 168, 10),
(269, 168, 10),
(246, 169, 10),
(163, 174, 10),
(225, 174, 10),
(47, 175, 10),
(48, 175, 10),
(126, 175, 10),
(160, 175, 10),
(216, 175, 10),
(286, 175, 10),
(288, 175, 10),
(9, 176, 10),
(13, 176, 10),
(30, 176, 10),
(36, 176, 10),
(67, 176, 10),
(73, 176, 10),
(93, 176, 10),
(119, 176, 10),
(126, 176, 10),
(132, 176, 10),
(150, 176, 10),
(167, 176, 10),
(178, 176, 10),
(180, 176, 10),
(212, 176, 10),
(234, 176, 10),
(236, 176, 10),
(239, 176, 10),
(263, 176, 10),
(265, 176, 10),
(285, 176, 10),
(287, 176, 10),
(288, 176, 10),
(304, 176, 10),
(308, 176, 10),
(311, 176, 10),
(313, 176, 10),
(335, 176, 10),
(336, 176, 10),
(338, 176, 10),
(362, 176, 10),
(365, 176, 10),
(371, 176, 10),
(377, 176, 10),
(378, 176, 10),
(9, 178, 10),
(13, 178, 10),
(30, 178, 10),
(36, 178, 10),
(67, 178, 10),
(93, 178, 10),
(119, 178, 10),
(126, 178, 10),
(132, 178, 10),
(150, 178, 10),
(167, 178, 10),
(178, 178, 10),
(180, 178, 10),
(212, 178, 10),
(234, 178, 10),
(236, 178, 10),
(239, 178, 10),
(265, 178, 10),
(285, 178, 10),
(287, 178, 10),
(288, 178, 10),
(304, 178, 10),
(311, 178, 10),
(313, 178, 10),
(335, 178, 10),
(336, 178, 10),
(338, 178, 10),
(362, 178, 10),
(365, 178, 10),
(371, 178, 10),
(377, 178, 10),
(378, 178, 10),
(9, 179, 10),
(13, 179, 10),
(30, 179, 10),
(36, 179, 10),
(67, 179, 10),
(73, 179, 10),
(93, 179, 10),
(119, 179, 10),
(126, 179, 10),
(132, 179, 10),
(150, 179, 10),
(167, 179, 10),
(178, 179, 10),
(180, 179, 10),
(212, 179, 10),
(234, 179, 10),
(236, 179, 10),
(239, 179, 10),
(265, 179, 10),
(285, 179, 10),
(287, 179, 10),
(288, 179, 10),
(311, 179, 10),
(313, 179, 10),
(335, 179, 10),
(336, 179, 10),
(338, 179, 10),
(365, 179, 10),
(5, 180, 10),
(81, 180, 10),
(133, 180, 10),
(162, 180, 10),
(308, 180, 10),
(321, 180, 10),
(375, 180, 10),
(379, 180, 10),
(30, 182, 10),
(93, 182, 10),
(126, 182, 10),
(288, 182, 10),
(311, 182, 10),
(30, 184, 10),
(126, 184, 10),
(180, 184, 10),
(236, 184, 10),
(287, 184, 10),
(288, 184, 10),
(338, 184, 10),
(17, 4, 18),
(18, 4, 18),
(17, 4, 19),
(18, 4, 19),
(17, 5, 20),
(18, 5, 20),
(17, 5, 21),
(18, 5, 21),
(45, 3, 22),
(47, 3, 22),
(48, 3, 22),
(107, 3, 22),
(216, 3, 22),
(286, 3, 22),
(45, 3, 23),
(47, 3, 23),
(48, 3, 23),
(107, 3, 23),
(216, 3, 23),
(286, 3, 23),
(189, 7, 24),
(238, 7, 24),
(266, 7, 24),
(327, 7, 24),
(189, 7, 25),
(238, 7, 25),
(266, 7, 25),
(327, 7, 25),
(45, 8, 26),
(56, 8, 26),
(57, 8, 26),
(305, 8, 26),
(308, 8, 26),
(45, 8, 27),
(56, 8, 27),
(57, 8, 27),
(305, 8, 27),
(308, 8, 27),
(56, 9, 28),
(57, 9, 28),
(108, 9, 28),
(305, 9, 28),
(308, 9, 28),
(56, 9, 29),
(57, 9, 29),
(108, 9, 29),
(305, 9, 29),
(308, 9, 29),
(56, 10, 30),
(57, 10, 30),
(108, 10, 30),
(305, 10, 30),
(308, 10, 30),
(56, 10, 31),
(57, 10, 31),
(108, 10, 31),
(305, 10, 31),
(308, 10, 31),
(57, 11, 32),
(108, 11, 32),
(272, 11, 32),
(275, 11, 32),
(305, 11, 32),
(308, 11, 32),
(346, 11, 32),
(57, 11, 33),
(108, 11, 33),
(272, 11, 33),
(275, 11, 33),
(305, 11, 33),
(308, 11, 33),
(346, 11, 33),
(8, 12, 34),
(56, 12, 34),
(57, 12, 34),
(108, 12, 34),
(272, 12, 34),
(275, 12, 34),
(305, 12, 34),
(308, 12, 34),
(346, 12, 34),
(8, 12, 35),
(56, 12, 35),
(57, 12, 35),
(108, 12, 35),
(272, 12, 35),
(275, 12, 35),
(305, 12, 35),
(308, 12, 35),
(346, 12, 35),
(8, 13, 36),
(56, 13, 36),
(57, 13, 36),
(108, 13, 36),
(272, 13, 36),
(275, 13, 36),
(305, 13, 36),
(308, 13, 36),
(346, 13, 36),
(8, 13, 37),
(56, 13, 37),
(57, 13, 37),
(108, 13, 37),
(272, 13, 37),
(275, 13, 37),
(305, 13, 37),
(308, 13, 37),
(346, 13, 37),
(19, 14, 38),
(158, 14, 38),
(201, 14, 38),
(19, 14, 39),
(158, 14, 39),
(201, 14, 39),
(189, 15, 40),
(238, 15, 40),
(266, 15, 40),
(327, 15, 40),
(189, 15, 41),
(238, 15, 41),
(266, 15, 41),
(327, 15, 41),
(189, 16, 42),
(238, 16, 42),
(266, 16, 42),
(327, 16, 42),
(189, 16, 43),
(238, 16, 43),
(266, 16, 43),
(327, 16, 43),
(9, 17, 44),
(13, 17, 44),
(45, 17, 44),
(73, 17, 44),
(107, 17, 44),
(126, 17, 44),
(160, 17, 44),
(171, 17, 44),
(216, 17, 44),
(288, 17, 44),
(9, 17, 45),
(13, 17, 45),
(45, 17, 45),
(73, 17, 45),
(107, 17, 45),
(126, 17, 45),
(160, 17, 45),
(171, 17, 45),
(216, 17, 45),
(288, 17, 45),
(30, 18, 46),
(73, 18, 46),
(180, 18, 46),
(236, 18, 46),
(237, 18, 46),
(287, 18, 46),
(311, 18, 46),
(324, 18, 46),
(338, 18, 46),
(30, 18, 47),
(73, 18, 47),
(180, 18, 47),
(236, 18, 47),
(237, 18, 47),
(287, 18, 47),
(311, 18, 47),
(324, 18, 47),
(338, 18, 47),
(9, 19, 48),
(13, 19, 48),
(30, 19, 48),
(48, 19, 48),
(49, 19, 48),
(73, 19, 48),
(93, 19, 48),
(98, 19, 48),
(103, 19, 48),
(126, 19, 48),
(132, 19, 48),
(171, 19, 48),
(178, 19, 48),
(180, 19, 48),
(219, 19, 48),
(234, 19, 48),
(236, 19, 48),
(237, 19, 48),
(239, 19, 48),
(287, 19, 48),
(304, 19, 48),
(313, 19, 48),
(324, 19, 48),
(338, 19, 48),
(9, 19, 49),
(13, 19, 49),
(30, 19, 49),
(48, 19, 49),
(49, 19, 49),
(73, 19, 49),
(93, 19, 49),
(98, 19, 49),
(103, 19, 49),
(126, 19, 49),
(132, 19, 49),
(171, 19, 49),
(178, 19, 49),
(180, 19, 49),
(219, 19, 49),
(234, 19, 49),
(236, 19, 49),
(237, 19, 49),
(239, 19, 49),
(287, 19, 49),
(304, 19, 49),
(313, 19, 49),
(324, 19, 49),
(338, 19, 49),
(8, 20, 50),
(305, 20, 50),
(8, 20, 51),
(305, 20, 51),
(33, 21, 52),
(33, 21, 53),
(225, 22, 54),
(309, 22, 54),
(323, 22, 54),
(335, 22, 54),
(336, 22, 54),
(225, 22, 55),
(309, 22, 55),
(323, 22, 55),
(335, 22, 55),
(336, 22, 55),
(225, 23, 56),
(309, 23, 56),
(323, 23, 56),
(335, 23, 56),
(336, 23, 56),
(225, 23, 57),
(309, 23, 57),
(323, 23, 57),
(335, 23, 57),
(336, 23, 57),
(33, 25, 60),
(128, 25, 60),
(33, 25, 61),
(128, 25, 61),
(86, 26, 62),
(215, 26, 62),
(254, 26, 62),
(344, 26, 62),
(86, 26, 63),
(215, 26, 63),
(254, 26, 63),
(344, 26, 63),
(235, 27, 64),
(235, 27, 65),
(248, 28, 66),
(345, 28, 66),
(248, 28, 67),
(345, 28, 67),
(248, 29, 68),
(345, 29, 68),
(248, 29, 69),
(345, 29, 69),
(248, 30, 70),
(345, 30, 70),
(248, 30, 71),
(345, 30, 71),
(13, 31, 72),
(48, 31, 72),
(119, 31, 72),
(167, 31, 72),
(287, 31, 72),
(13, 31, 73),
(48, 31, 73),
(119, 31, 73),
(167, 31, 73),
(287, 31, 73),
(30, 32, 74),
(47, 32, 74),
(93, 32, 74),
(103, 32, 74),
(178, 32, 74),
(239, 32, 74),
(287, 32, 74),
(311, 32, 74),
(30, 32, 75),
(47, 32, 75),
(93, 32, 75),
(103, 32, 75),
(178, 32, 75),
(239, 32, 75),
(287, 32, 75),
(311, 32, 75),
(49, 33, 76),
(73, 33, 76),
(132, 33, 76),
(171, 33, 76),
(178, 33, 76),
(219, 33, 76),
(234, 33, 76),
(236, 33, 76),
(239, 33, 76),
(288, 33, 76),
(313, 33, 76),
(49, 33, 77),
(73, 33, 77),
(132, 33, 77),
(171, 33, 77),
(178, 33, 77),
(219, 33, 77),
(234, 33, 77),
(236, 33, 77),
(239, 33, 77),
(288, 33, 77),
(313, 33, 77),
(9, 34, 78),
(13, 34, 78),
(30, 34, 78),
(49, 34, 78),
(73, 34, 78),
(93, 34, 78),
(98, 34, 78),
(103, 34, 78),
(126, 34, 78),
(129, 34, 78),
(132, 34, 78),
(160, 34, 78),
(180, 34, 78),
(219, 34, 78),
(234, 34, 78),
(236, 34, 78),
(239, 34, 78),
(263, 34, 78),
(287, 34, 78),
(288, 34, 78),
(304, 34, 78),
(311, 34, 78),
(313, 34, 78),
(9, 34, 79),
(13, 34, 79),
(30, 34, 79),
(49, 34, 79),
(73, 34, 79),
(93, 34, 79),
(98, 34, 79),
(103, 34, 79),
(126, 34, 79),
(129, 34, 79),
(132, 34, 79),
(160, 34, 79),
(180, 34, 79),
(219, 34, 79),
(234, 34, 79),
(236, 34, 79),
(239, 34, 79),
(263, 34, 79),
(287, 34, 79),
(288, 34, 79),
(304, 34, 79),
(311, 34, 79),
(313, 34, 79),
(9, 35, 80),
(30, 35, 80),
(48, 35, 80),
(49, 35, 80),
(73, 35, 80),
(93, 35, 80),
(98, 35, 80),
(103, 35, 80),
(126, 35, 80),
(129, 35, 80),
(132, 35, 80),
(160, 35, 80),
(180, 35, 80),
(219, 35, 80),
(234, 35, 80),
(236, 35, 80),
(239, 35, 80),
(263, 35, 80),
(287, 35, 80),
(288, 35, 80),
(304, 35, 80),
(311, 35, 80),
(313, 35, 80),
(9, 35, 81),
(30, 35, 81),
(48, 35, 81),
(49, 35, 81),
(73, 35, 81),
(93, 35, 81),
(98, 35, 81),
(103, 35, 81),
(126, 35, 81),
(129, 35, 81),
(132, 35, 81),
(160, 35, 81),
(180, 35, 81),
(219, 35, 81),
(234, 35, 81),
(236, 35, 81),
(239, 35, 81),
(263, 35, 81),
(287, 35, 81),
(288, 35, 81),
(304, 35, 81),
(311, 35, 81),
(313, 35, 81),
(9, 36, 82),
(13, 36, 82),
(49, 36, 82),
(73, 36, 82),
(93, 36, 82),
(98, 36, 82),
(103, 36, 82),
(126, 36, 82),
(129, 36, 82),
(150, 36, 82),
(160, 36, 82),
(171, 36, 82),
(219, 36, 82),
(234, 36, 82),
(236, 36, 82),
(239, 36, 82),
(287, 36, 82),
(288, 36, 82),
(304, 36, 82),
(311, 36, 82),
(313, 36, 82),
(338, 36, 82),
(9, 36, 83),
(13, 36, 83),
(49, 36, 83),
(73, 36, 83),
(93, 36, 83),
(98, 36, 83),
(103, 36, 83),
(126, 36, 83),
(129, 36, 83),
(150, 36, 83),
(160, 36, 83),
(171, 36, 83),
(219, 36, 83),
(234, 36, 83),
(236, 36, 83),
(239, 36, 83),
(287, 36, 83),
(288, 36, 83),
(304, 36, 83),
(311, 36, 83),
(313, 36, 83),
(338, 36, 83),
(9, 37, 84),
(13, 37, 84),
(30, 37, 84),
(49, 37, 84),
(93, 37, 84),
(98, 37, 84),
(126, 37, 84),
(129, 37, 84),
(132, 37, 84),
(160, 37, 84),
(219, 37, 84),
(236, 37, 84),
(239, 37, 84),
(287, 37, 84),
(311, 37, 84),
(313, 37, 84),
(338, 37, 84),
(9, 37, 85),
(13, 37, 85),
(30, 37, 85),
(49, 37, 85),
(93, 37, 85),
(98, 37, 85),
(126, 37, 85),
(129, 37, 85),
(132, 37, 85),
(160, 37, 85),
(219, 37, 85),
(236, 37, 85),
(239, 37, 85),
(287, 37, 85),
(311, 37, 85),
(313, 37, 85),
(338, 37, 85),
(9, 38, 86),
(13, 38, 86),
(30, 38, 86),
(49, 38, 86),
(93, 38, 86),
(98, 38, 86),
(119, 38, 86),
(126, 38, 86),
(129, 38, 86),
(132, 38, 86),
(160, 38, 86),
(219, 38, 86),
(234, 38, 86),
(236, 38, 86),
(239, 38, 86),
(287, 38, 86),
(304, 38, 86),
(311, 38, 86),
(313, 38, 86),
(338, 38, 86),
(9, 38, 87),
(13, 38, 87),
(30, 38, 87),
(49, 38, 87),
(93, 38, 87),
(98, 38, 87),
(119, 38, 87),
(126, 38, 87),
(129, 38, 87),
(132, 38, 87),
(160, 38, 87),
(219, 38, 87),
(234, 38, 87),
(236, 38, 87),
(239, 38, 87),
(287, 38, 87),
(304, 38, 87),
(311, 38, 87),
(313, 38, 87),
(338, 38, 87),
(178, 39, 88),
(239, 39, 88),
(178, 39, 89),
(239, 39, 89),
(53, 40, 90),
(345, 40, 90),
(53, 40, 91),
(345, 40, 91),
(189, 41, 92),
(238, 41, 92),
(266, 41, 92),
(327, 41, 92),
(189, 41, 93),
(238, 41, 93),
(266, 41, 93),
(327, 41, 93),
(270, 42, 94),
(347, 42, 94),
(270, 42, 95),
(347, 42, 95),
(216, 43, 96),
(288, 43, 96),
(216, 43, 97),
(288, 43, 97),
(19, 44, 98),
(172, 44, 98),
(247, 44, 98),
(346, 44, 98),
(348, 44, 98),
(349, 44, 98),
(19, 44, 99),
(172, 44, 99),
(247, 44, 99),
(346, 44, 99),
(348, 44, 99),
(349, 44, 99),
(125, 45, 100),
(299, 45, 100),
(300, 45, 100),
(125, 45, 101),
(299, 45, 101),
(300, 45, 101),
(108, 46, 102),
(272, 46, 102),
(275, 46, 102),
(346, 46, 102),
(108, 46, 103),
(272, 46, 103),
(275, 46, 103),
(346, 46, 103),
(19, 47, 104),
(172, 47, 104),
(247, 47, 104),
(346, 47, 104),
(348, 47, 104),
(349, 47, 104),
(19, 47, 105),
(172, 47, 105),
(247, 47, 105),
(346, 47, 105),
(348, 47, 105),
(349, 47, 105),
(108, 48, 106),
(272, 48, 106),
(275, 48, 106),
(346, 48, 106),
(349, 48, 106),
(108, 48, 107),
(272, 48, 107),
(275, 48, 107),
(346, 48, 107),
(349, 48, 107),
(19, 49, 108),
(158, 49, 108),
(201, 49, 108),
(19, 49, 109),
(158, 49, 109),
(201, 49, 109),
(19, 50, 110),
(172, 50, 110),
(247, 50, 110),
(348, 50, 110),
(19, 50, 111),
(172, 50, 111),
(247, 50, 111),
(348, 50, 111),
(108, 51, 112),
(272, 51, 112),
(275, 51, 112),
(346, 51, 112),
(349, 51, 112),
(108, 51, 113),
(272, 51, 113),
(275, 51, 113),
(346, 51, 113),
(349, 51, 113),
(67, 52, 114),
(93, 52, 114),
(132, 52, 114),
(150, 52, 114),
(212, 52, 114),
(67, 52, 115),
(93, 52, 115),
(132, 52, 115),
(150, 52, 115),
(212, 52, 115),
(19, 54, 118),
(201, 54, 118),
(222, 54, 118),
(19, 54, 119),
(201, 54, 119),
(222, 54, 119),
(128, 55, 120),
(128, 55, 121),
(114, 57, 124),
(139, 57, 124),
(283, 57, 124),
(114, 57, 125),
(139, 57, 125),
(283, 57, 125),
(114, 59, 126),
(139, 59, 126),
(146, 59, 126),
(249, 59, 126),
(283, 59, 126),
(328, 59, 126),
(114, 59, 127),
(139, 59, 127),
(146, 59, 127),
(249, 59, 127),
(283, 59, 127),
(328, 59, 127),
(139, 60, 128),
(146, 60, 128),
(249, 60, 128),
(283, 60, 128),
(139, 60, 129),
(146, 60, 129),
(249, 60, 129),
(283, 60, 129),
(139, 61, 130),
(146, 61, 130),
(139, 61, 131),
(146, 61, 131),
(139, 62, 132),
(141, 62, 132),
(277, 62, 132),
(337, 62, 132),
(139, 62, 133),
(141, 62, 133),
(277, 62, 133),
(337, 62, 133),
(91, 63, 134),
(253, 63, 134),
(259, 63, 134),
(91, 63, 135),
(253, 63, 135),
(259, 63, 135),
(91, 64, 136),
(253, 64, 136),
(259, 64, 136),
(91, 64, 137),
(253, 64, 137),
(259, 64, 137),
(194, 65, 138),
(253, 65, 138),
(259, 65, 138),
(194, 65, 139),
(253, 65, 139),
(259, 65, 139),
(15, 66, 141),
(293, 66, 141),
(340, 66, 141),
(15, 66, 142),
(293, 66, 142),
(340, 66, 142),
(62, 67, 143),
(84, 67, 143),
(213, 67, 143),
(255, 67, 143),
(62, 67, 144),
(84, 67, 144),
(213, 67, 144),
(255, 67, 144),
(83, 68, 145),
(124, 68, 145),
(83, 68, 146),
(124, 68, 146),
(110, 69, 147),
(114, 69, 147),
(145, 69, 147),
(146, 69, 147),
(283, 69, 147),
(110, 69, 148),
(114, 69, 148),
(145, 69, 148),
(146, 69, 148),
(283, 69, 148),
(112, 70, 149),
(114, 70, 149),
(139, 70, 149),
(312, 70, 149),
(355, 70, 149),
(112, 70, 150),
(114, 70, 150),
(139, 70, 150),
(312, 70, 150),
(355, 70, 150),
(58, 71, 151),
(123, 71, 151),
(124, 71, 151),
(139, 71, 151),
(140, 71, 151),
(182, 71, 151),
(198, 71, 151),
(58, 71, 152),
(123, 71, 152),
(124, 71, 152),
(139, 71, 152),
(140, 71, 152),
(182, 71, 152),
(198, 71, 152),
(146, 72, 153),
(249, 72, 153),
(146, 72, 154),
(249, 72, 154),
(134, 73, 155),
(153, 73, 155),
(289, 73, 155),
(134, 73, 156),
(153, 73, 156),
(289, 73, 156),
(134, 74, 157),
(245, 74, 157),
(289, 74, 157),
(134, 74, 158),
(245, 74, 158),
(289, 74, 158),
(83, 75, 159),
(220, 75, 159),
(83, 75, 160),
(220, 75, 160),
(289, 76, 161),
(289, 76, 162),
(152, 77, 163),
(200, 77, 163),
(152, 77, 164),
(200, 77, 164),
(37, 78, 165),
(71, 78, 165),
(152, 78, 165),
(156, 78, 165),
(194, 78, 165),
(200, 78, 165),
(337, 78, 165),
(37, 78, 166),
(71, 78, 166),
(152, 78, 166),
(156, 78, 166),
(194, 78, 166),
(200, 78, 166),
(337, 78, 166),
(243, 79, 167),
(243, 79, 168),
(243, 79, 169),
(25, 80, 170),
(41, 80, 170),
(46, 80, 170),
(101, 80, 170),
(204, 80, 170),
(211, 80, 170),
(243, 80, 170),
(268, 80, 170),
(350, 80, 170),
(25, 80, 171),
(41, 80, 171),
(46, 80, 171),
(101, 80, 171),
(204, 80, 171),
(211, 80, 171),
(243, 80, 171),
(268, 80, 171),
(350, 80, 171),
(25, 80, 172),
(41, 80, 172),
(46, 80, 172),
(101, 80, 172),
(204, 80, 172),
(211, 80, 172),
(243, 80, 172),
(268, 80, 172),
(350, 80, 172),
(243, 81, 173),
(372, 81, 173),
(243, 81, 174),
(372, 81, 174),
(243, 81, 175),
(372, 81, 175),
(243, 81, 176),
(372, 81, 176),
(243, 81, 177),
(372, 81, 177),
(243, 81, 178),
(372, 81, 178),
(243, 81, 179),
(372, 81, 179),
(41, 82, 180),
(41, 82, 181),
(41, 82, 182),
(41, 82, 183),
(41, 82, 184),
(41, 82, 185),
(41, 82, 186),
(41, 83, 187),
(350, 83, 187),
(41, 83, 188),
(350, 83, 188),
(41, 83, 189),
(350, 83, 189),
(41, 83, 190),
(350, 83, 190),
(41, 83, 191),
(350, 83, 191),
(41, 83, 192),
(350, 83, 192),
(41, 83, 193),
(350, 83, 193),
(41, 83, 194),
(350, 83, 194),
(41, 83, 195),
(350, 83, 195),
(41, 83, 196),
(350, 83, 196),
(41, 83, 197),
(350, 83, 197),
(41, 83, 198),
(350, 83, 198),
(41, 83, 199),
(350, 83, 199),
(268, 84, 200),
(268, 84, 201),
(268, 84, 202),
(268, 84, 203),
(268, 84, 204),
(268, 84, 205),
(268, 84, 206),
(268, 84, 207),
(164, 85, 208),
(268, 85, 208),
(164, 85, 209),
(268, 85, 209),
(164, 85, 210),
(268, 85, 210),
(164, 85, 211),
(268, 85, 211),
(164, 85, 212),
(268, 85, 212),
(164, 85, 213),
(268, 85, 213),
(164, 85, 214),
(268, 85, 214),
(25, 86, 215),
(65, 86, 215),
(25, 86, 216),
(65, 86, 216),
(25, 86, 217),
(65, 86, 217),
(25, 86, 218),
(65, 86, 218),
(25, 86, 219),
(65, 86, 219),
(25, 86, 220),
(65, 86, 220),
(25, 86, 221),
(65, 86, 221),
(25, 86, 222),
(65, 86, 222),
(25, 87, 223),
(273, 87, 223),
(373, 87, 223),
(25, 87, 224),
(273, 87, 224),
(373, 87, 224),
(25, 87, 225),
(273, 87, 225),
(373, 87, 225),
(25, 87, 226),
(273, 87, 226),
(373, 87, 226),
(25, 87, 227),
(273, 87, 227),
(373, 87, 227),
(25, 87, 228),
(273, 87, 228),
(373, 87, 228),
(25, 87, 229),
(273, 87, 229),
(373, 87, 229),
(25, 87, 230),
(273, 87, 230),
(373, 87, 230),
(25, 87, 231),
(273, 87, 231),
(373, 87, 231),
(25, 87, 232),
(273, 87, 232),
(373, 87, 232),
(25, 87, 233),
(273, 87, 233),
(373, 87, 233),
(25, 87, 234),
(273, 87, 234),
(373, 87, 234),
(25, 87, 235),
(273, 87, 235),
(373, 87, 235),
(25, 87, 236),
(273, 87, 236),
(373, 87, 236),
(204, 88, 237),
(204, 88, 238),
(204, 88, 239),
(204, 88, 240),
(204, 88, 241),
(204, 88, 242),
(204, 88, 243),
(204, 88, 244),
(60, 89, 245),
(204, 89, 245),
(60, 89, 246),
(204, 89, 246),
(60, 89, 247),
(204, 89, 247),
(60, 89, 248),
(204, 89, 248),
(60, 89, 249),
(204, 89, 249),
(60, 89, 250),
(204, 89, 250),
(60, 89, 251),
(204, 89, 251),
(350, 90, 252),
(350, 90, 253),
(350, 90, 254),
(350, 90, 255),
(350, 90, 256),
(350, 90, 257),
(350, 91, 258),
(374, 91, 258),
(350, 91, 259),
(374, 91, 259),
(350, 91, 260),
(374, 91, 260),
(350, 91, 261),
(374, 91, 261),
(350, 91, 262),
(374, 91, 262),
(350, 91, 263),
(374, 91, 263),
(350, 91, 264),
(374, 91, 264),
(46, 92, 265),
(211, 92, 265),
(46, 92, 266),
(211, 92, 266),
(46, 92, 267),
(211, 92, 267),
(46, 92, 268),
(211, 92, 268),
(46, 92, 269),
(211, 92, 269),
(46, 92, 270),
(211, 92, 270),
(46, 92, 271),
(211, 92, 271),
(46, 92, 272),
(211, 92, 272),
(46, 93, 273),
(211, 93, 273),
(46, 93, 274),
(211, 93, 274),
(46, 93, 275),
(211, 93, 275),
(46, 93, 276),
(211, 93, 276),
(46, 93, 277),
(211, 93, 277),
(46, 93, 278),
(211, 93, 278),
(46, 93, 279),
(211, 93, 279),
(101, 94, 280),
(101, 94, 281),
(101, 94, 282),
(101, 94, 283),
(101, 94, 284),
(101, 94, 285),
(101, 94, 286),
(101, 94, 287),
(101, 94, 288),
(32, 95, 289),
(101, 95, 289),
(32, 95, 290),
(101, 95, 290),
(32, 95, 291),
(101, 95, 291),
(32, 95, 292),
(101, 95, 292),
(32, 95, 293),
(101, 95, 293),
(32, 95, 294),
(101, 95, 294),
(32, 95, 295),
(101, 95, 295),
(86, 96, 296),
(106, 96, 296),
(163, 96, 296),
(182, 96, 296),
(254, 96, 296),
(312, 96, 296),
(86, 96, 297),
(106, 96, 297),
(163, 96, 297),
(182, 96, 297),
(254, 96, 297),
(312, 96, 297),
(37, 97, 298),
(86, 97, 298),
(109, 97, 298),
(182, 97, 298),
(254, 97, 298),
(37, 97, 299),
(86, 97, 299),
(109, 97, 299),
(182, 97, 299),
(254, 97, 299),
(134, 98, 300),
(134, 98, 301),
(37, 101, 306),
(52, 101, 306),
(54, 101, 306),
(70, 101, 306),
(82, 101, 306),
(90, 101, 306),
(115, 101, 306),
(122, 101, 306),
(144, 101, 306),
(176, 101, 306),
(181, 101, 306),
(197, 101, 306),
(217, 101, 306),
(227, 101, 306),
(233, 101, 306),
(244, 101, 306),
(281, 101, 306),
(301, 101, 306),
(316, 101, 306),
(37, 101, 307),
(52, 101, 307),
(54, 101, 307),
(70, 101, 307),
(82, 101, 307),
(90, 101, 307),
(115, 101, 307),
(122, 101, 307),
(144, 101, 307),
(176, 101, 307),
(181, 101, 307),
(197, 101, 307),
(217, 101, 307),
(227, 101, 307),
(233, 101, 307),
(244, 101, 307),
(281, 101, 307),
(301, 101, 307),
(316, 101, 307),
(37, 102, 308),
(90, 102, 308),
(115, 102, 308),
(116, 102, 308),
(122, 102, 308),
(144, 102, 308),
(176, 102, 308),
(197, 102, 308),
(217, 102, 308),
(281, 102, 308),
(301, 102, 308),
(37, 102, 309),
(90, 102, 309),
(115, 102, 309),
(116, 102, 309),
(122, 102, 309),
(144, 102, 309),
(176, 102, 309),
(197, 102, 309),
(217, 102, 309),
(281, 102, 309),
(301, 102, 309),
(52, 103, 310),
(54, 103, 310),
(61, 103, 310),
(82, 103, 310),
(90, 103, 310),
(116, 103, 310),
(122, 103, 310),
(161, 103, 310),
(181, 103, 310),
(197, 103, 310),
(233, 103, 310),
(281, 103, 310),
(301, 103, 310),
(52, 103, 311),
(54, 103, 311),
(61, 103, 311),
(82, 103, 311),
(90, 103, 311),
(116, 103, 311),
(122, 103, 311),
(161, 103, 311),
(181, 103, 311),
(197, 103, 311),
(233, 103, 311),
(281, 103, 311),
(301, 103, 311),
(227, 104, 312),
(233, 104, 312),
(314, 104, 312),
(227, 104, 313),
(233, 104, 313),
(314, 104, 313),
(52, 105, 314),
(197, 105, 314),
(227, 105, 314),
(281, 105, 314),
(52, 105, 315),
(197, 105, 315),
(227, 105, 315),
(281, 105, 315),
(7, 106, 316),
(19, 161, 316),
(20, 161, 316),
(40, 161, 316),
(78, 161, 316),
(128, 161, 316),
(148, 161, 316),
(166, 161, 316),
(269, 161, 316),
(271, 161, 316),
(359, 161, 316),
(369, 161, 316),
(7, 106, 317),
(19, 161, 317),
(20, 161, 317),
(40, 161, 317),
(78, 161, 317),
(128, 161, 317),
(148, 161, 317),
(166, 161, 317),
(269, 161, 317),
(271, 161, 317),
(359, 161, 317),
(369, 161, 317),
(7, 107, 318),
(7, 107, 319),
(7, 109, 322),
(19, 158, 322),
(20, 158, 322),
(40, 158, 322),
(53, 158, 322),
(78, 158, 322),
(148, 158, 322),
(166, 158, 322),
(195, 158, 322),
(221, 158, 322),
(235, 158, 322),
(246, 158, 322),
(247, 158, 322),
(269, 158, 322),
(271, 158, 322),
(272, 158, 322),
(275, 158, 322),
(347, 158, 322),
(348, 158, 322),
(356, 158, 322),
(357, 158, 322),
(358, 158, 322),
(359, 158, 322),
(361, 158, 322),
(363, 158, 322),
(364, 158, 322),
(365, 158, 322),
(366, 158, 322),
(367, 158, 322),
(368, 158, 322),
(369, 158, 322),
(370, 158, 322),
(7, 109, 323),
(19, 158, 323),
(20, 158, 323),
(40, 158, 323),
(53, 158, 323),
(78, 158, 323),
(148, 158, 323),
(166, 158, 323),
(195, 158, 323),
(221, 158, 323),
(235, 158, 323),
(246, 158, 323),
(247, 158, 323),
(269, 158, 323),
(271, 158, 323),
(272, 158, 323),
(275, 158, 323),
(347, 158, 323),
(348, 158, 323),
(356, 158, 323),
(357, 158, 323),
(358, 158, 323),
(359, 158, 323),
(361, 158, 323),
(363, 158, 323),
(364, 158, 323),
(365, 158, 323),
(366, 158, 323),
(367, 158, 323),
(368, 158, 323),
(369, 158, 323),
(370, 158, 323),
(78, 163, 324),
(128, 163, 324),
(359, 163, 324),
(369, 163, 324),
(78, 163, 325),
(128, 163, 325),
(359, 163, 325),
(369, 163, 325),
(152, 112, 330),
(152, 112, 331),
(230, 113, 332),
(233, 113, 332),
(256, 113, 332),
(257, 113, 332),
(258, 113, 332),
(312, 113, 332),
(230, 113, 333),
(233, 113, 333),
(256, 113, 333),
(257, 113, 333),
(258, 113, 333),
(312, 113, 333),
(85, 114, 334),
(156, 114, 334),
(325, 114, 334),
(337, 114, 334),
(85, 114, 335),
(156, 114, 335),
(325, 114, 335),
(337, 114, 335),
(233, 115, 336),
(314, 115, 336),
(233, 115, 337),
(314, 115, 337),
(15, 116, 338),
(37, 116, 338),
(106, 116, 338),
(112, 116, 338),
(214, 116, 338),
(254, 116, 338),
(15, 116, 340),
(37, 116, 340),
(106, 116, 340),
(112, 116, 340),
(214, 116, 340),
(254, 116, 340),
(15, 117, 341),
(86, 117, 341),
(152, 117, 341),
(182, 117, 341),
(214, 117, 341),
(337, 117, 341),
(15, 117, 342),
(86, 117, 342),
(152, 117, 342),
(182, 117, 342),
(214, 117, 342),
(337, 117, 342),
(86, 118, 343),
(134, 118, 343),
(145, 118, 343),
(153, 118, 343),
(163, 118, 343);
INSERT INTO `employees_jobs_skills` (`id_employee`, `id_job`, `id_skill`) VALUES
(182, 118, 343),
(215, 118, 343),
(276, 118, 343),
(289, 118, 343),
(312, 118, 343),
(341, 118, 343),
(344, 118, 343),
(355, 118, 343),
(86, 118, 344),
(134, 118, 344),
(145, 118, 344),
(153, 118, 344),
(163, 118, 344),
(182, 118, 344),
(215, 118, 344),
(276, 118, 344),
(289, 118, 344),
(312, 118, 344),
(341, 118, 344),
(344, 118, 344),
(355, 118, 344),
(86, 120, 347),
(134, 120, 347),
(145, 120, 347),
(153, 120, 347),
(163, 120, 347),
(182, 120, 347),
(215, 120, 347),
(276, 120, 347),
(289, 120, 347),
(312, 120, 347),
(341, 120, 347),
(344, 120, 347),
(355, 120, 347),
(86, 120, 348),
(134, 120, 348),
(145, 120, 348),
(153, 120, 348),
(163, 120, 348),
(182, 120, 348),
(215, 120, 348),
(276, 120, 348),
(289, 120, 348),
(312, 120, 348),
(341, 120, 348),
(344, 120, 348),
(355, 120, 348),
(86, 121, 349),
(134, 121, 349),
(145, 121, 349),
(153, 121, 349),
(163, 121, 349),
(182, 121, 349),
(215, 121, 349),
(276, 121, 349),
(289, 121, 349),
(312, 121, 349),
(341, 121, 349),
(344, 121, 349),
(355, 121, 349),
(86, 121, 350),
(134, 121, 350),
(145, 121, 350),
(153, 121, 350),
(163, 121, 350),
(182, 121, 350),
(215, 121, 350),
(276, 121, 350),
(289, 121, 350),
(312, 121, 350),
(341, 121, 350),
(344, 121, 350),
(355, 121, 350),
(31, 122, 351),
(31, 122, 352),
(86, 123, 355),
(134, 123, 355),
(145, 123, 355),
(153, 123, 355),
(163, 123, 355),
(182, 123, 355),
(215, 123, 355),
(276, 123, 355),
(289, 123, 355),
(312, 123, 355),
(341, 123, 355),
(344, 123, 355),
(355, 123, 355),
(86, 123, 356),
(134, 123, 356),
(145, 123, 356),
(153, 123, 356),
(163, 123, 356),
(182, 123, 356),
(215, 123, 356),
(276, 123, 356),
(289, 123, 356),
(312, 123, 356),
(341, 123, 356),
(344, 123, 356),
(355, 123, 356),
(86, 124, 357),
(134, 124, 357),
(145, 124, 357),
(153, 124, 357),
(163, 124, 357),
(182, 124, 357),
(215, 124, 357),
(276, 124, 357),
(289, 124, 357),
(312, 124, 357),
(341, 124, 357),
(344, 124, 357),
(355, 124, 357),
(86, 124, 358),
(134, 124, 358),
(145, 124, 358),
(153, 124, 358),
(163, 124, 358),
(182, 124, 358),
(215, 124, 358),
(276, 124, 358),
(289, 124, 358),
(312, 124, 358),
(341, 124, 358),
(344, 124, 358),
(355, 124, 358),
(86, 125, 359),
(134, 125, 359),
(145, 125, 359),
(153, 125, 359),
(163, 125, 359),
(182, 125, 359),
(215, 125, 359),
(276, 125, 359),
(289, 125, 359),
(312, 125, 359),
(341, 125, 359),
(344, 125, 359),
(355, 125, 359),
(86, 125, 360),
(134, 125, 360),
(145, 125, 360),
(153, 125, 360),
(163, 125, 360),
(182, 125, 360),
(215, 125, 360),
(276, 125, 360),
(289, 125, 360),
(312, 125, 360),
(341, 125, 360),
(344, 125, 360),
(355, 125, 360),
(86, 126, 361),
(134, 126, 361),
(145, 126, 361),
(153, 126, 361),
(163, 126, 361),
(182, 126, 361),
(215, 126, 361),
(276, 126, 361),
(289, 126, 361),
(312, 126, 361),
(341, 126, 361),
(344, 126, 361),
(355, 126, 361),
(86, 126, 362),
(134, 126, 362),
(145, 126, 362),
(153, 126, 362),
(163, 126, 362),
(182, 126, 362),
(215, 126, 362),
(276, 126, 362),
(289, 126, 362),
(312, 126, 362),
(341, 126, 362),
(344, 126, 362),
(355, 126, 362),
(31, 127, 363),
(264, 127, 363),
(31, 127, 364),
(264, 127, 364),
(58, 128, 365),
(109, 128, 365),
(121, 128, 365),
(123, 128, 365),
(182, 128, 365),
(198, 128, 365),
(58, 128, 366),
(109, 128, 366),
(121, 128, 366),
(123, 128, 366),
(182, 128, 366),
(198, 128, 366),
(31, 129, 367),
(264, 129, 367),
(31, 129, 368),
(264, 129, 368),
(140, 130, 369),
(191, 130, 369),
(257, 130, 369),
(140, 130, 370),
(191, 130, 370),
(257, 130, 370),
(284, 131, 371),
(337, 131, 371),
(284, 131, 372),
(337, 131, 372),
(156, 132, 373),
(257, 132, 373),
(156, 132, 374),
(257, 132, 374),
(66, 133, 375),
(71, 133, 375),
(200, 133, 375),
(325, 133, 375),
(66, 133, 376),
(71, 133, 376),
(200, 133, 376),
(325, 133, 376),
(37, 134, 377),
(66, 134, 377),
(258, 134, 377),
(343, 134, 377),
(37, 134, 378),
(66, 134, 378),
(258, 134, 378),
(343, 134, 378),
(39, 137, 383),
(87, 137, 383),
(184, 137, 383),
(218, 137, 383),
(309, 137, 383),
(381, 137, 383),
(155, 138, 383),
(87, 185, 383),
(381, 185, 383),
(218, 186, 383),
(381, 186, 383),
(38, 187, 383),
(218, 187, 383),
(39, 137, 384),
(87, 137, 384),
(184, 137, 384),
(218, 137, 384),
(309, 137, 384),
(381, 137, 384),
(39, 137, 385),
(87, 137, 385),
(184, 137, 385),
(218, 137, 385),
(309, 137, 385),
(381, 137, 385),
(39, 137, 386),
(87, 137, 386),
(184, 137, 386),
(218, 137, 386),
(309, 137, 386),
(381, 137, 386),
(39, 137, 387),
(87, 137, 387),
(184, 137, 387),
(218, 137, 387),
(309, 137, 387),
(381, 137, 387),
(39, 137, 388),
(87, 137, 388),
(184, 137, 388),
(218, 137, 388),
(309, 137, 388),
(381, 137, 388),
(38, 187, 388),
(218, 187, 388),
(155, 138, 389),
(155, 138, 390),
(155, 138, 391),
(155, 138, 392),
(38, 187, 392),
(218, 187, 392),
(155, 138, 393),
(38, 187, 393),
(218, 187, 393),
(6, 139, 394),
(29, 188, 394),
(39, 188, 394),
(218, 188, 394),
(6, 139, 395),
(29, 188, 395),
(39, 188, 395),
(218, 188, 395),
(6, 139, 396),
(29, 188, 396),
(39, 188, 396),
(218, 188, 396),
(6, 139, 397),
(29, 188, 397),
(39, 188, 397),
(218, 188, 397),
(6, 139, 398),
(29, 188, 398),
(39, 188, 398),
(218, 188, 398),
(6, 139, 399),
(29, 188, 399),
(39, 188, 399),
(218, 188, 399),
(6, 139, 400),
(6, 139, 401),
(6, 139, 402),
(38, 187, 402),
(218, 187, 402),
(29, 188, 402),
(39, 188, 402),
(218, 188, 402),
(6, 139, 403),
(29, 188, 403),
(39, 188, 403),
(218, 188, 403),
(6, 139, 404),
(29, 188, 404),
(39, 188, 404),
(218, 188, 404),
(6, 139, 405),
(29, 188, 405),
(39, 188, 405),
(218, 188, 405),
(179, 140, 406),
(185, 140, 406),
(224, 140, 406),
(241, 140, 406),
(179, 140, 407),
(185, 140, 407),
(224, 140, 407),
(241, 140, 407),
(179, 140, 408),
(185, 140, 408),
(224, 140, 408),
(241, 140, 408),
(179, 140, 409),
(185, 140, 409),
(224, 140, 409),
(241, 140, 409),
(27, 141, 410),
(27, 141, 411),
(27, 141, 412),
(27, 141, 413),
(27, 141, 414),
(27, 141, 415),
(27, 141, 416),
(1, 142, 417),
(190, 142, 417),
(1, 142, 418),
(190, 142, 418),
(1, 142, 419),
(190, 142, 419),
(1, 143, 420),
(190, 143, 420),
(1, 143, 421),
(190, 143, 421),
(1, 143, 422),
(190, 143, 422),
(1, 143, 423),
(190, 143, 423),
(1, 144, 424),
(190, 144, 424),
(1, 144, 425),
(190, 144, 425),
(1, 144, 426),
(190, 144, 426),
(235, 160, 429),
(247, 160, 429),
(348, 160, 429),
(235, 160, 430),
(247, 160, 430),
(348, 160, 430),
(128, 164, 433),
(128, 164, 434),
(125, 166, 435),
(299, 166, 435),
(300, 166, 435),
(125, 166, 436),
(299, 166, 436),
(300, 166, 436),
(40, 159, 437),
(53, 159, 437),
(78, 159, 437),
(148, 159, 437),
(166, 159, 437),
(195, 159, 437),
(221, 159, 437),
(235, 159, 437),
(247, 159, 437),
(271, 159, 437),
(359, 159, 437),
(361, 159, 437),
(365, 159, 437),
(366, 159, 437),
(367, 159, 437),
(368, 159, 437),
(369, 159, 437),
(370, 159, 437),
(40, 159, 438),
(53, 159, 438),
(78, 159, 438),
(148, 159, 438),
(166, 159, 438),
(195, 159, 438),
(221, 159, 438),
(235, 159, 438),
(247, 159, 438),
(271, 159, 438),
(359, 159, 438),
(361, 159, 438),
(365, 159, 438),
(366, 159, 438),
(367, 159, 438),
(368, 159, 438),
(369, 159, 438),
(370, 159, 438),
(270, 162, 451),
(362, 162, 451),
(270, 162, 452),
(362, 162, 452),
(270, 165, 453),
(270, 165, 454),
(19, 167, 455),
(20, 167, 455),
(269, 167, 455),
(272, 167, 455),
(275, 167, 455),
(19, 167, 456),
(20, 167, 456),
(269, 167, 456),
(272, 167, 456),
(275, 167, 456),
(19, 168, 457),
(20, 168, 457),
(246, 168, 457),
(269, 168, 457),
(19, 168, 458),
(20, 168, 458),
(246, 168, 458),
(269, 168, 458),
(246, 169, 459),
(246, 169, 460),
(3, 170, 461),
(33, 170, 461),
(136, 170, 461),
(199, 170, 461),
(240, 170, 461),
(261, 170, 461),
(297, 170, 461),
(298, 170, 461),
(354, 170, 461),
(380, 170, 461),
(3, 170, 462),
(33, 170, 462),
(136, 170, 462),
(199, 170, 462),
(240, 170, 462),
(261, 170, 462),
(297, 170, 462),
(298, 170, 462),
(354, 170, 462),
(380, 170, 462),
(3, 170, 463),
(33, 170, 463),
(136, 170, 463),
(199, 170, 463),
(240, 170, 463),
(261, 170, 463),
(297, 170, 463),
(298, 170, 463),
(354, 170, 463),
(380, 170, 463),
(3, 171, 464),
(33, 171, 464),
(136, 171, 464),
(199, 171, 464),
(240, 171, 464),
(261, 171, 464),
(297, 171, 464),
(298, 171, 464),
(354, 171, 464),
(380, 171, 464),
(3, 171, 465),
(33, 171, 465),
(136, 171, 465),
(199, 171, 465),
(240, 171, 465),
(261, 171, 465),
(297, 171, 465),
(298, 171, 465),
(354, 171, 465),
(380, 171, 465),
(3, 171, 466),
(33, 171, 466),
(136, 171, 466),
(199, 171, 466),
(240, 171, 466),
(261, 171, 466),
(297, 171, 466),
(298, 171, 466),
(354, 171, 466),
(380, 171, 466),
(3, 171, 467),
(33, 171, 467),
(136, 171, 467),
(199, 171, 467),
(240, 171, 467),
(261, 171, 467),
(297, 171, 467),
(298, 171, 467),
(354, 171, 467),
(380, 171, 467),
(3, 171, 468),
(33, 171, 468),
(136, 171, 468),
(199, 171, 468),
(240, 171, 468),
(261, 171, 468),
(297, 171, 468),
(298, 171, 468),
(354, 171, 468),
(380, 171, 468),
(3, 171, 469),
(33, 171, 469),
(136, 171, 469),
(199, 171, 469),
(240, 171, 469),
(261, 171, 469),
(297, 171, 469),
(298, 171, 469),
(354, 171, 469),
(380, 171, 469),
(3, 171, 470),
(33, 171, 470),
(136, 171, 470),
(199, 171, 470),
(240, 171, 470),
(261, 171, 470),
(297, 171, 470),
(298, 171, 470),
(354, 171, 470),
(380, 171, 470),
(3, 172, 471),
(33, 172, 471),
(136, 172, 471),
(199, 172, 471),
(240, 172, 471),
(261, 172, 471),
(297, 172, 471),
(298, 172, 471),
(354, 172, 471),
(380, 172, 471),
(3, 172, 472),
(33, 172, 472),
(136, 172, 472),
(199, 172, 472),
(240, 172, 472),
(261, 172, 472),
(297, 172, 472),
(298, 172, 472),
(354, 172, 472),
(380, 172, 472),
(3, 172, 473),
(33, 172, 473),
(136, 172, 473),
(199, 172, 473),
(240, 172, 473),
(261, 172, 473),
(297, 172, 473),
(298, 172, 473),
(354, 172, 473),
(380, 172, 473),
(3, 172, 474),
(33, 172, 474),
(136, 172, 474),
(199, 172, 474),
(240, 172, 474),
(261, 172, 474),
(297, 172, 474),
(298, 172, 474),
(354, 172, 474),
(380, 172, 474),
(3, 172, 475),
(33, 172, 475),
(136, 172, 475),
(199, 172, 475),
(240, 172, 475),
(261, 172, 475),
(297, 172, 475),
(298, 172, 475),
(354, 172, 475),
(380, 172, 475),
(3, 172, 476),
(33, 172, 476),
(136, 172, 476),
(199, 172, 476),
(240, 172, 476),
(261, 172, 476),
(297, 172, 476),
(298, 172, 476),
(354, 172, 476),
(380, 172, 476),
(163, 174, 477),
(225, 174, 477),
(163, 174, 478),
(225, 174, 478),
(47, 175, 479),
(48, 175, 479),
(126, 175, 479),
(160, 175, 479),
(216, 175, 479),
(286, 175, 479),
(288, 175, 479),
(47, 175, 480),
(48, 175, 480),
(126, 175, 480),
(160, 175, 480),
(216, 175, 480),
(286, 175, 480),
(288, 175, 480),
(9, 176, 481),
(13, 176, 481),
(30, 176, 481),
(36, 176, 481),
(67, 176, 481),
(73, 176, 481),
(93, 176, 481),
(119, 176, 481),
(126, 176, 481),
(132, 176, 481),
(150, 176, 481),
(167, 176, 481),
(178, 176, 481),
(180, 176, 481),
(212, 176, 481),
(234, 176, 481),
(236, 176, 481),
(239, 176, 481),
(263, 176, 481),
(265, 176, 481),
(285, 176, 481),
(287, 176, 481),
(288, 176, 481),
(304, 176, 481),
(308, 176, 481),
(311, 176, 481),
(313, 176, 481),
(335, 176, 481),
(336, 176, 481),
(338, 176, 481),
(362, 176, 481),
(365, 176, 481),
(371, 176, 481),
(377, 176, 481),
(378, 176, 481),
(9, 176, 482),
(13, 176, 482),
(30, 176, 482),
(36, 176, 482),
(67, 176, 482),
(73, 176, 482),
(93, 176, 482),
(119, 176, 482),
(126, 176, 482),
(132, 176, 482),
(150, 176, 482),
(167, 176, 482),
(178, 176, 482),
(180, 176, 482),
(212, 176, 482),
(234, 176, 482),
(236, 176, 482),
(239, 176, 482),
(263, 176, 482),
(265, 176, 482),
(285, 176, 482),
(287, 176, 482),
(288, 176, 482),
(304, 176, 482),
(308, 176, 482),
(311, 176, 482),
(313, 176, 482),
(335, 176, 482),
(336, 176, 482),
(338, 176, 482),
(362, 176, 482),
(365, 176, 482),
(371, 176, 482),
(377, 176, 482),
(378, 176, 482),
(9, 178, 485),
(13, 178, 485),
(30, 178, 485),
(36, 178, 485),
(67, 178, 485),
(93, 178, 485),
(119, 178, 485),
(126, 178, 485),
(132, 178, 485),
(150, 178, 485),
(167, 178, 485),
(178, 178, 485),
(180, 178, 485),
(212, 178, 485),
(234, 178, 485),
(236, 178, 485),
(239, 178, 485),
(265, 178, 485),
(285, 178, 485),
(287, 178, 485),
(288, 178, 485),
(304, 178, 485),
(311, 178, 485),
(313, 178, 485),
(335, 178, 485),
(336, 178, 485),
(338, 178, 485),
(362, 178, 485),
(365, 178, 485),
(371, 178, 485),
(377, 178, 485),
(378, 178, 485),
(9, 178, 486),
(13, 178, 486),
(30, 178, 486),
(36, 178, 486),
(67, 178, 486),
(93, 178, 486),
(119, 178, 486),
(126, 178, 486),
(132, 178, 486),
(150, 178, 486),
(167, 178, 486),
(178, 178, 486),
(180, 178, 486),
(212, 178, 486),
(234, 178, 486),
(236, 178, 486),
(239, 178, 486),
(265, 178, 486),
(285, 178, 486),
(287, 178, 486),
(288, 178, 486),
(304, 178, 486),
(311, 178, 486),
(313, 178, 486),
(335, 178, 486),
(336, 178, 486),
(338, 178, 486),
(362, 178, 486),
(365, 178, 486),
(371, 178, 486),
(377, 178, 486),
(378, 178, 486),
(9, 179, 487),
(13, 179, 487),
(30, 179, 487),
(36, 179, 487),
(67, 179, 487),
(73, 179, 487),
(93, 179, 487),
(119, 179, 487),
(126, 179, 487),
(132, 179, 487),
(150, 179, 487),
(167, 179, 487),
(178, 179, 487),
(180, 179, 487),
(212, 179, 487),
(234, 179, 487),
(236, 179, 487),
(239, 179, 487),
(265, 179, 487),
(285, 179, 487),
(287, 179, 487),
(288, 179, 487),
(311, 179, 487),
(313, 179, 487),
(335, 179, 487),
(336, 179, 487),
(338, 179, 487),
(365, 179, 487),
(9, 179, 488),
(13, 179, 488),
(30, 179, 488),
(36, 179, 488),
(67, 179, 488),
(73, 179, 488),
(93, 179, 488),
(119, 179, 488),
(126, 179, 488),
(132, 179, 488),
(150, 179, 488),
(167, 179, 488),
(178, 179, 488),
(180, 179, 488),
(212, 179, 488),
(234, 179, 488),
(236, 179, 488),
(239, 179, 488),
(265, 179, 488),
(285, 179, 488),
(287, 179, 488),
(288, 179, 488),
(311, 179, 488),
(313, 179, 488),
(335, 179, 488),
(336, 179, 488),
(338, 179, 488),
(365, 179, 488),
(5, 180, 489),
(81, 180, 489),
(133, 180, 489),
(162, 180, 489),
(308, 180, 489),
(321, 180, 489),
(375, 180, 489),
(379, 180, 489),
(5, 180, 490),
(81, 180, 490),
(133, 180, 490),
(162, 180, 490),
(308, 180, 490),
(321, 180, 490),
(375, 180, 490),
(379, 180, 490),
(30, 182, 493),
(93, 182, 493),
(126, 182, 493),
(288, 182, 493),
(311, 182, 493),
(30, 182, 494),
(93, 182, 494),
(126, 182, 494),
(288, 182, 494),
(311, 182, 494),
(30, 184, 497),
(126, 184, 497),
(180, 184, 497),
(236, 184, 497),
(287, 184, 497),
(288, 184, 497),
(338, 184, 497),
(30, 184, 498),
(126, 184, 498),
(180, 184, 498),
(236, 184, 498),
(287, 184, 498),
(288, 184, 498),
(338, 184, 498),
(39, 137, 499),
(87, 137, 499),
(184, 137, 499),
(218, 137, 499),
(309, 137, 499),
(381, 137, 499),
(39, 137, 500),
(87, 137, 500),
(184, 137, 500),
(218, 137, 500),
(309, 137, 500),
(381, 137, 500),
(87, 185, 501),
(381, 185, 501),
(87, 185, 502),
(381, 185, 502),
(87, 185, 503),
(381, 185, 503),
(218, 186, 504),
(381, 186, 504),
(218, 186, 505),
(381, 186, 505),
(218, 186, 506),
(381, 186, 506),
(229, 189, 507),
(237, 189, 507),
(250, 189, 507),
(318, 189, 507),
(324, 189, 507),
(229, 189, 508),
(237, 189, 508),
(250, 189, 508),
(318, 189, 508),
(324, 189, 508),
(229, 189, 509),
(237, 189, 509),
(250, 189, 509),
(318, 189, 509),
(324, 189, 509),
(229, 189, 510),
(237, 189, 510),
(250, 189, 510),
(318, 189, 510),
(324, 189, 510),
(229, 189, 511),
(237, 189, 511),
(250, 189, 511),
(318, 189, 511),
(324, 189, 511),
(229, 189, 512),
(237, 189, 512),
(250, 189, 512),
(318, 189, 512),
(324, 189, 512),
(229, 189, 513),
(237, 189, 513),
(250, 189, 513),
(318, 189, 513),
(324, 189, 513),
(15, 190, 515),
(15, 190, 516);

-- --------------------------------------------------------

--
-- Struttura della tabella `errors_assignment`
--

CREATE TABLE `errors_assignment` (
  `id_assignment` int(11) NOT NULL,
  `id_employee` int(11) NOT NULL,
  `id_skill` int(11) NOT NULL,
  `description` text,
  `assigned_by` int(11) NOT NULL,
  `assignment_date` date DEFAULT NULL,
  `twttp_result` enum('ok','ko') DEFAULT NULL,
  `herca_result` varchar(100) DEFAULT NULL
) ENGINE=InnoDB DEFAULT CHARSET=utf8 COMMENT='Ascribed causes on occurred error';

--
-- Dump dei dati per la tabella `errors_assignment`
--

INSERT INTO `errors_assignment` (`id_assignment`, `id_employee`, `id_skill`, `description`, `assigned_by`, `assignment_date`, `twttp_result`, `herca_result`) VALUES
(1, 212, 114, 'Il 28/11/17 (turno C) per mancato controllo sono stati prodotti 213 pz del Panamera Lower (1000033653C) con errata stampigliatura (non completa).\r\n', 3, '2024-12-01', 'ok', '3.3'),
(2, 313, 85, 'Il 28/11/17, per mancato controllo sono stati prodotti 213 pz del Panamera Lower (1000033653C) con errata stampigliatura (non completa).', 3, '2024-12-01', 'ok', '3.4'),
(3, 119, 73, 'Pezzi con grippature produzione Panamera upper', 3, '2024-01-30', 'ok', '2.1'),
(4, 180, 46, 'Doppio pezzo sotto stampo', 3, '2024-02-12', 'ok', '1.2'),
(5, 129, 85, 'Data errata su stampigliatura', 3, '2024-02-21', 'ok', '6.3'),
(6, 150, 114, 'Errore data stampigliatura', 3, '2024-02-21', 'ok', '6.3'),
(7, 93, 75, 'Insufficiente controllo visivo. La zona non  illuminata a sufficienza. Lo stampo  da rivedere', 3, '2024-03-02', 'ok', '5.1'),
(8, 56, 27, 'Riscontrato N 1 pezzo non puntato presso il cliente Valladolid.\r\nDa intervista dell\'operatore vengono fuori le seguenti potenziali cause della non conformit:\r\n1) Distrazione dovuta a stanchezza fisica,turno notturno senza rotazione con altri operatori;\r\n2) Deposito pezzo post collaudo nel contenitore dei pezzi finiti;\r\n3) Gli operatori lamentano possibile sabotaggio da parte di terzi.', 3, '2024-04-17', 'ok', '3.4'),
(9, 57, 27, 'Riscontrato N 1 pezzo non puntato presso il cliente Valladolid.\r\nDa intervista dell\'operatore vengono fuori le seguenti potenziali cause della non conformit:\r\n1) Distrazione dovuta a stanchezza fisica,turno notturno senza rotazione con altri operatori;\r\n2) Deposito pezzo post collaudo nel contenitore dei pezzi finiti;\r\n3) Gli operatori lamentano possibile sabotaggio da parte di terzi.\r\n', 3, '2024-04-17', 'ok', '3.4'),
(10, 45, 27, 'Riscontrato N 1 pezzo non puntato presso il cliente Valladolid.\r\nDa intervista dell\'operatore vengono fuori le seguenti potenziali cause della non conformit:\r\n1) Distrazione dovuta a stanchezza fisica,turno notturno senza rotazione con altri operatori;\r\n2) Deposito pezzo post collaudo nel contenitore dei pezzi finiti;\r\n3) Gli operatori lamentano possibile sabotaggio da parte di terzi.\r\n', 3, '2024-04-17', 'ok', '3.4'),
(11, 264, 364, 'Errore di calibratura e pulizia da residui di saldatura non corretta.', 3, '2024-05-14', 'ok', '3.4'),
(12, 176, 309, 'Eccesso di saldatura nella zona inferiore della cassa batteria 41042926', 3, '2024-05-14', 'ok', '1.2'),
(13, 115, 309, 'Eccesso di sabbiatura nella zona inferiore della cassa batteria 41042926', 3, '2024-05-14', 'ok', '1.2'),
(14, 108, 35, 'Segnalazione di non conformit gradino 99489622 da CNH industrial,manca la saldatura sulla parte anteriore su N 1 pezzo.', 3, '2024-05-21', 'ok', '3.4'),
(15, 144, 309, 'Eccesso di saldatura nella zona inferiore', 3, '2024-05-31', 'ok', '1.2'),
(16, 90, 309, 'Eccesso di saldatura nella zona inferiore', 3, '2024-05-31', 'ok', '1.2'),
(17, 108, 34, 'NC CNH INDUSTRIAL PERVENUTA IN DATA 19/06/2018 :segnaliamo alla Vs attenzione una non conformit rilevata su n. 1 rinforzo sx a dis. 5801523291 di Vs consegna, la mancanza del dado superiore per fissaggio parafango SX.\r\nL\'operatore De Simone Guerino segnalava, in data 28/05/2018 con apposita segnalazione N 87, la possibile NC causa mancanza di sensore di presenza dado.\r\nSegnalazione prontamente girata dal Capo UTE a chi di competenza; tutt\'ora problema non risolto.', 3, '2024-06-22', 'ok', '3.4'),
(18, 271, 317, 'L\'operatore Risi Vincenzo assembla N2 piastrine codice C145011 su 2 particolari codice C206127 in posizione non corretta.', 3, '2024-09-03', 'ok', '3.4'),
(19, 323, 55, 'E\' stato eseguito il taglio laser 3D NC su un lotto di 80 pezzi Paraurti cliente Astra;\r\nDall\'intervista fatta all\'operatore viene fuori che l\'attrezzatura in dotazione non consente la ripetitivit tra i vari lotti di produzione;chiedono calibri di controlli x tutte le versioni ancora in produzione per verificare almeno ad inizio ciclo la conformit dei pezzi dopo il taglio laser.', 3, '2024-09-04', 'ok', '3.4'),
(20, 336, 55, 'E\' stato eseguito il taglio laser 3D NC su un lotto di 80 pezzi Paraurti cliente Astra;\r\nDall\'intervista fatta all\'operatore viene fuori che l\'attrezzatura in dotazione non consente la ripetitivit tra i vari lotti di produzione;chiedono calibri di controlli x tutte le versioni ancora in produzione per verificare almeno ad inizio ciclo la conformit dei pezzi dopo il taglio laser.', 3, '2024-09-04', 'ok', '3.4'),
(21, 309, 55, 'E\' stato eseguito il taglio laser 3D NC su 5 longheroni codice 3122-B18745 cliente Hitachi;\r\nDall\'intervista fatta agli operatori vengono fuori 2 problemi: 1) motore per la rotazione sottodimensionato, fa fatica a far ruotare l\'attrezzo girevole con il particolare montato, il motore va sostituito. 2) bisogna inserire un sensore all\'attrezzo girevole collegato con la macchina, lo stesso dovr garantire la posizione corretta dell\'attrezzatura prima di partire con il taglio del particolare.', 3, '2024-09-04', 'ok', '3.4'),
(22, 323, 54, 'E\' stato eseguito il taglio laser 3D NC su 5 longheroni codice 3122-B18745 cliente Hitachi;\r\nDall\'intervista fatta agli operatori vengono fuori 2 problemi: 1) motore per la rotazione sottodimensionato, fa fatica a far ruotare l\'attrezzo girevole con il particolare montato, il motore va sostituito. 2) bisogna inserire un sensore all\'attrezzo girevole collegato con la macchina, lo stesso dovr garantire la posizione corretta dell\'attrezzatura prima di partire con il taglio del particolare', 3, '2024-09-04', 'ok', '3.4'),
(23, 161, 311, 'Errore di identificazione', 3, '2024-09-10', 'ok', '1.2'),
(24, 181, 311, 'Errore di identificazione ', 3, '2024-02-19', 'ko', NULL),
(25, 287, 48, 'Loperatore non si  accorto della mancanza di materiale sulla rifila della traversa 2WD. ', 3, '2024-02-26', 'ok', '3.3'),
(26, 287, 48, 'Loperatore non si  accorto della mancanza di materiale sulla rifila della traversa 2WD. ', 3, '2024-02-26', 'ok', '3.3'),
(28, 93, 82, 'Mancanza di materiale sulla rifila del passaruota disegno 99489035', 3, '2024-02-26', 'ok', '3.3'),
(29, 13, 83, 'Mancanza materiale in zona posteriore della ossatura 5801484296.', 3, '2024-02-26', 'ok', '3.3'),
(30, 56, 28, 'L\'operatore ha inserito nel contenitore del finito 101 pezzi solo stampati per liberare un contenitore. Questi pezzi sono stati spediti erroneamente al cliente.', 3, '2024-02-26', 'ok', '2.2'),
(31, 167, 485, 'Non conformit rilevata sui rivestimenti sx promiscuo a dis. 5801522696 riscontrata sia su scocche lastrate gi assemblate sia su particolari non montati. Le quantit rilevate sono n.12 particolari ko (montati su scocche e ripresi) + n.118 particolari ko (non montati e resi di scarto. ', 3, '2024-03-21', 'ok', '3.4'),
(32, 167, 488, 'Ossatura n 5801484296. L\'addetto mentre regolava una ventosa ha lasciato una chiave esagonale sulla bandella, portando il tutto all\'interno dello stampo.', 3, '2024-03-21', 'ok', '6.3'),
(33, 9, 485, 'Non conformit rilevata sui rivestimenti sx promiscuo a dis. 5801522696 riscontrata sia su scocche lastrate gi assemblate sia su particolari non montati. Le quantit rilevate sono n.12 particolari ko (montati su scocche e ripresi) + n.118 particolari ko (non montati e resi di scarto). ', 3, '2024-03-21', 'ok', '3.4'),
(34, 132, 485, 'Non conformit rilevata sui rivestimenti sx promiscuo a dis. 5801522696 riscontrata sia su scocche lastrate gi assemblate sia su particolari non montati. Le quantit rilevate sono n.12 particolari ko (montati su scocche e ripresi) + n.118 particolari ko (non montati e resi di scarto). ', 3, '2024-03-21', 'ok', '3.4'),
(35, 371, 481, 'Anomalia codice S141750/K, riscontrata seguente anomalia: bordo assemblaggio saldatura del semiguscio non conforme.\r\nPs: Per mancata individuazione dell\'operatore responsabile dell\'errore umano  stato intervistato il solo operatore in oggetto che svolge la stessa mansione.', 3, '2024-03-21', 'ok', '3.7'),
(36, 15, 340, 'Descrivo qui', 3, '2024-11-02', 'ko', NULL),
(37, 15, 342, 'Nessuna', 3, '2024-05-14', 'ok', '5.2'),
(38, 327, 42, '.', 3, '2024-12-14', 'ok', '3.3'),
(39, 328, 7, '.', 3, '2024-01-18', 'ok', '1.1'),
(40, 15, 338, '.', 3, '2025-04-29', 'ko', NULL);

-- --------------------------------------------------------

--
-- Struttura della tabella `job`
--

CREATE TABLE `job` (
  `id_job` int(11) NOT NULL,
  `name` varchar(80) NOT NULL,
  `description` varchar(100) DEFAULT NULL,
  `enabled` int(11) NOT NULL DEFAULT '1'
) ENGINE=InnoDB DEFAULT CHARSET=utf8 COMMENT='Business Jobs ';

--
-- Dump dei dati per la tabella `job`
--

INSERT INTO `job` (`id_job`, `name`, `description`, `enabled`) VALUES
(1, 'Capo UTE', 'Responsabile di unit produttiva', 1),
(2, 'J1 - PIEGATRICE', 'ROMEC', 1),
(3, 'W1 - SIAD', 'CONDUTTORE', 1),
(4, 'J2 - PIEGATRICE', 'HFB123-30', 1),
(5, 'J3 - PIEGATRICE', 'STP - C321', 1),
(7, 'L1 - IDROTAGLIO', 'IDROTAGLIO', 1),
(8, 'A1 - PUNTATRICE', 'MARTA NUOVA', 1),
(9, 'A2 - PUNTATRICE', 'MARTA VECCHIA', 1),
(10, 'A3 - PUNTATRICE', 'COMAU', 1),
(11, 'A4 - PUNTATRICE', 'MALAGUTI', 1),
(12, 'A5 - PUNTATRICE', 'GEM 1', 1),
(13, 'A6 - PUNTATRICE', 'GEM 2 ', 1),
(14, 'B3 - MILANO LONGHERONI', ' ASSEMBLAGGIO MILANO', 1),
(15, 'M1 - LASER 2D', 'LASER 2D 2500', 1),
(16, 'M2 - LASER 2D', 'LASER 2D 3500', 1),
(17, 'W2 - SIAD', 'OPERATORE', 1),
(18, 'S1 - TRANSFERT', 'Conduttore Transfert', 1),
(19, 'S2 - TRANSFERT', 'Scarico Transfert', 1),
(20, 'A7 - PUNTATRICE', 'OMW', 1),
(21, 'B1 - MILANO LONGHERONI', 'CALIBRATURA CARRELLO', 1),
(22, 'K1 - LASER 3D', 'LASER 3D 2500', 1),
(23, 'K2 - LASER 3D', 'LASER 3D 3500', 1),
(25, 'H1 - PRESSA', 'PRESSA 400 TONNELLATE', 1),
(26, '(M) 82 - Maserati B op 10-20-30', 'SMERIGLIATURA MASERATI', 1),
(27, 'D1 - TIG', 'SALDATURA TIG', 1),
(28, 'I1 - SEGHETTO', 'SEGHETTO 1', 1),
(29, 'I3 - SEGHETTO ', 'SEGHETTO 2', 1),
(30, 'I4 - SEGHETTO', 'CESOIA', 1),
(31, 'P1 - COMAU', 'CONDUTTORE', 1),
(32, 'O1 - BANDELLATRICE', 'CONDUTTORE', 1),
(33, 'T1 - IDROFORMATRICE', 'CONDUTTORE', 1),
(34, 'P2 - COMAU', 'LAVAGGIO', 1),
(35, 'R3 - KUKA', 'LAVAGGIO', 1),
(36, 'O2 - BANDELLATRICE', 'SCARICO', 1),
(37, 'R2 - KUKA', 'SCARICO', 1),
(38, 'P3 - COMAU', 'SCARICO', 1),
(39, 'U2 - PRESSA VECCHIA MOSSINI', 'CONDUTTORE', 1),
(40, 'B2 - MILANO LONGHERONI', 'PIASTRINAGGIO PDT MILANO', 1),
(41, 'M3 - LASER 2D', 'LASER 2D SALD/SMER', 1),
(42, 'E1 - SABBIATRICE', 'SABBIATRICE', 1),
(43, 'X1 - SIAD', 'RIPARAZIONE', 1),
(44, 'C1 - ROBOT CLOOS', 'CLOOS 2 ROBOT LONG/ASR', 1),
(45, 'N1 - CONTROLLO', 'CONTROLLO TRAVERSE', 1),
(46, 'C3 - ROBOT CLOOS', 'NUOVO ROBOT', 1),
(47, 'C2 - ROBOT CLOOS', 'CLOOS 1 ROBOT ASR', 1),
(48, 'C4 - ROBOT CLOOS', 'LAVORAZIONI PARTICOLARI CLOOS', 1),
(49, 'B5 - MILANO LONGHERONI', 'SALD LONGHERONE 1-2-3 FASE', 1),
(50, 'B4 - MILANO LONGHERONI', 'SALDATURA ROBOT LONGHERONE', 1),
(51, 'C5 - ROBOT CLOOS', 'LAVORAZIONI PARTICOLARI CLOOS', 1),
(52, 'R1 - KUKA', 'CONDUTTORE LINEA KUKA', 1),
(54, 'B6 - MILANO LONGHERONI', 'ASSEMBLAGGIO/CALIBRATURA LONGHERONE', 1),
(55, 'I2 - SEGHETTO ', 'CURVA PROFILATI', 1),
(57, '(M) 83 - Maserati A conduttore', '.', 1),
(58, '(M) RESPONSABILE MANUTENZIONE', '.', 1),
(59, '(M) 1 - Curvatubi BEMA', '.', 1),
(60, '(M) 2 - curvatubi STARBEND', '.', 1),
(61, '(M) 3 - curvatubi LANG', '.', 1),
(62, '(M) 4 - idroformatura 400T/segatrice a dischi', '.', 1),
(63, '(M) 6 - robot sld mixer B', '.', 1),
(64, '(M) 7 - robot sld mixer C', '.', 1),
(65, '(M) 9 - robot sld mixer D', '.', 1),
(66, '(M) 84 - forno trattamento termico', '.', 1),
(67, '(M) 34 - laser', '.', 1),
(68, '(M) 36 - cesoia', '.', 1),
(69, '(M) 37 - seghetti automatici', '.', 1),
(70, '(M) 38 - seghetti manuali', '.', 1),
(71, '(M) 39 - macchina calibratura/flangiatura', '.', 1),
(72, '(M) 93 - idroformatura curva 671', '.', 1),
(73, '(M) 20 - puntatrice', '.', 1),
(74, '(M) 21 - trapano radiale', '.', 1),
(75, '(M) 26 - piegatrici', '.', 1),
(76, '(M) 31 - trapano a colonna', '.', 1),
(77, '(M) 40 - Linea D Casse Batteria', '.', 1),
(78, '(M) 41 - Linea A casse batteria', '.', 1),
(79, 'Responsabile Coordinatore WCM', '-', 1),
(80, 'Tools WCM base', '-', 1),
(81, 'Pillar Leader FI', 'Focused Improvement', 1),
(82, 'Responsabile Sicurezza', '-', 1),
(83, 'Pillar Leader SAF', 'Sicurezza', 1),
(84, 'Responsabile Controller', '-', 1),
(85, 'Pillar Leader CD', 'Cost Deployment ', 1),
(86, 'Resp. Ufficio tecnico', '-', 1),
(87, 'Pillar Leader AM - WO', 'Autonomous Maintenance - Workplace Organization', 1),
(88, 'Responsabile Risorse Umane', '-', 1),
(89, 'Pillar Leader PD', 'People Development', 1),
(90, 'Resp. Manutenzione Pianificata', '-', 1),
(91, 'Pillar Leader PM', 'Professional Maintenance', 1),
(92, 'Responsabile Qualit', '-', 1),
(93, 'Pillar Leader QC', 'Quality Control', 1),
(94, 'Responsabile Logistica', '-', 1),
(95, 'Pillar Leader LCS', ' Logistic Customer Services', 1),
(96, '(M) 82 - Maserati B op 120 130 140 150 160', '.', 1),
(97, '(M) 82- Maserati b 40 50 60 70 80 90 100 110', '.', 1),
(98, '(M) 31 - Trapano a colonna ', '.', 1),
(99, '(M) 34 - laser', '.', 1),
(100, '(M) 36 - cesoia', '.', 1),
(101, '(M) 63 - Cataforesi', '.', 1),
(102, '(M) 61 - Sabbiatura', '.', 1),
(103, '(M) 60 - Polveri', '.', 1),
(104, '(M) 55/56 - Lavaggio', '.', 1),
(105, '(M) 64/65 - Impianto di depurazione', '.', 1),
(106, 'CARPENTERIA - ASSEMBLAGGIO', 'C206427 - C204095', 1),
(107, 'CARPENTERIA - SALDATURA', 'C206427 - C204095', 1),
(108, 'CARPENTERIA - SALDATURA A TIG', 'C206427', 1),
(109, 'CARPENTERIA - MOLATURA', 'C206427 - C204095', 1),
(110, 'CARPENTERIA - CALIBRATURA', 'C206427 - C204095', 1),
(111, 'CARPENTERIA - CONTROLLI MT', 'C206427 - C204095', 1),
(112, '(M) 42- LINEA B CASSE BATTERIA', '.', 1),
(113, '(M) 51 - Finizione', '.', 1),
(114, '(M) 50 - Assemblaggo casse batteria Stralis', '.', 1),
(115, '(M) 54 - Impianto di decapaggio', '.', 1),
(116, '(M) 77 88 89 90 91 92 Telai Milano', '.', 1),
(117, '(M) 76 - robot cloos', '.', 1),
(118, '(M) 29 - pressameccanica gigant 150t', '.', 1),
(119, '(M) 26 - Pressa meccanica mossini 600t', '.', 1),
(120, '(M)28 - Pressa meccanica mossini 600t', '.', 1),
(121, '(M) 27 - Pressa meccanica mossini 150t', '.', 1),
(122, '(M) 8- Macchina millemiglia ', '.', 1),
(123, '(M) 22 - Pressa meccanica Galli ', '.', 1),
(124, '(M) 25 - Pressa idraulica Gigant 600t ', '.', 1),
(125, '(M)23 - Pressa meccanica Raskin 400t', '.', 1),
(126, '(M) 24- Pressa meccanica Spiertz', '.', 1),
(127, '(M) 11 - Macchina prova tenuta', '.', 1),
(128, '(M)-  14 15 16 17 18 Saldatura Manuale ', '.', 1),
(129, '(M) 10 - PROVA TENUTA MITSUBISCHI', '.', 1),
(130, '(M) 12 13- FINITURA MIXER 1, 2', '.', 1),
(131, '(M) 43 - SALDATURA FIANCHETTI', '.', 1),
(132, '(M) 44 - SALDATURA STAFFONI', '.', 1),
(133, '(M) 45 - PUNTATURA FONDI', '.', 1),
(134, '(M) 74 68 69 - Saldatura manuale', '.', 1),
(135, 'CARPENTERIA - MOLATURA', '5949783791-5949789071-5949789072-5949783792', 1),
(136, 'CARPENTERIA - SALDATURA', '5949783791-5949789071-5949789072-5949783792', 1),
(137, 'Metrologo DEA', 'Controllo Qualit', 1),
(138, 'Collaudatore', 'Controllo Qualit', 1),
(139, 'Impiegato Qualit', 'Controllo Qualit', 1),
(140, 'Impiegato Tecnico', 'Ufficio Tecnico', 1),
(141, 'Operatore IT', 'IT', 1),
(142, 'Materiali Diretti', 'Buyer', 1),
(143, 'Materiali Ausiliari e Prestazioni', 'Buyer', 1),
(144, 'Buyer (ruolo)', 'Buyer', 1),
(145, 'CARPENTERIA - MOLATURA', 'PA01I003703 - PA01I003564', 1),
(146, 'CARPENTERIA - SALDATURA ROBOTIZZATA', 'PA01I003703 - PA01I003564', 1),
(147, 'CARPENTERIA - ASSEMBLAGGIO', 'PA01I003703 - PA01I003564', 1),
(148, 'CARPENTERIA - SEGHETTO', 'PA01I003703 - PA01I003564', 1),
(149, 'CARPENTERIA - CONTROLLI NON DISTRUTTIVI', 'PA01I003703 - PA01I003564', 1),
(150, 'CARPENTERIA - SALDATURA MANUALE', 'PA01I003705', 1),
(151, 'CARPENTERIA - SALDATURA MANUALE', 'PA01I003706 - PA01I003707 - PA01I003577 - PA01I003578', 1),
(152, 'CARPENTERIA - CALIBRATURA', 'PA01I003706 - PA01I003707 - PA01I003577 - PA01I003578', 1),
(153, 'CARPENTERIA - ASSEMBLAGGIO', '3121-B10072-B-20  -  3121-B10073-A-14   - 3121-B23556  - 3121-B23557', 1),
(154, 'CARPENTERIA - SALDATURA MANUALE', '3121-B10072-B-20  -  3121-B10073-A-14   - 3121-B23556  - 3121-B23557', 1),
(155, 'CARPENTERIA - SALDATURA MANUALE', '3121-B10072-B-20  -  3121-B10073-A-14   - 3121-B23556  - 3121-B23557', 1),
(156, 'CARPENTERIA - MOLATURA', '3121-B10072-B-20  -  3121-B10073-A-14   - 3121-B23556  - 3121-B23557', 1),
(157, 'CARPENTERIA - SABBIATURA', '3121-B10072-B-20  -  3121-B10073-A-14   - 3121-B23556  - 3121-B23557', 1),
(158, 'CARPENTERIA - MOLATURA', 'MOLATURA', 1),
(159, 'CARPENTERIA - SALDATURA MANUALE', 'SALDATURA MANUALE', 1),
(160, 'CARPENTERIA - SALDATURA ROBOTIZZATA', 'SALDATURA ROBOTIZZATA', 1),
(161, 'CARPENTERIA - ASSEMBLAGGIO', 'ASSEMBLAGGIO', 1),
(162, 'CARPENTERIA - SABBIATURA', 'SABBIATURA', 1),
(163, 'CARPENTERIA - CALIBRATURA', 'CALIBRATURA', 1),
(164, 'CARPENTERIA - SEGHETTO', 'SEGHETTO', 1),
(165, 'CARPENTERIA - KITTAGGIO', 'KITTAGGIO ASR/WOE', 1),
(166, 'CARPENTERIA - CONTROLLI NON DISTRUTTIVI', 'CONTROLLI NON DISTRUTTIVI', 1),
(167, 'CARPENTERIA - RIPASSO FILETTATURE', 'RIPASSO FILETTATURE', 1),
(168, 'CARPENTERIA - SALDATURA MIG', 'SALDATURA MIG', 1),
(169, 'CARPENTERIA - SALDATURA TIG', 'SALDATURA TIG', 1),
(170, 'MECCANICO/OLEODINAMICA MECCANICA PNEUMATICA', 'Manutenzione', 1),
(171, 'CARPENTIERE/SALDATORE,TAGLIO PLASMA, TAGLIO SEGHETTO,TAGLIO OSSIACETILENICO', 'Manutenzione', 1),
(172, 'ELECTRICIAN / ELECTRIC MT, PES, PAV, ELECTRONICS, PLC, ELECTROMECHANICS', 'Maintenance', 1),
(173, '(M) 96 - LASER 3D ', 'SALDATURA', 1),
(174, '(M) 96 - LASER 3D ', '.', 1),
(175, 'SIAD', 'TUTTI I CODICI PROCESSATI', 1),
(176, 'LAVAGGIO', 'TUTTI I CODICI PROCESSATI', 1),
(177, 'LINEA FANUC - SCARICO', 'TUTTI I CODICI PROCESSATI', 1),
(178, 'LINEA FANUC - SCARICO', 'TUTTI I CODICI PROCESSATI', 1),
(179, 'LINEA FANUC - CONDUTTORE', 'TUTTI I CODICI PROCESSATI', 1),
(180, 'MANUTENZIONE STAMPI', 'TUTTI I CODICI PROCESSATI', 1),
(181, 'BANDELLATRICE', 'TUTTI I CODICI PROCESSATI', 1),
(182, 'BANDELLATRICE', 'TUTTI I CODICI PROCESSATI', 1),
(183, 'TRASFERT', 'TUTTI I CODICI PROCESSATI', 1),
(184, 'TRASFERT', 'TUTTI I CODICI PROCESSATI', 1),
(185, 'Metrologo Cella Scansione', 'Controllo Qualit', 1),
(186, 'Metrologo Laser Scan', 'Controllo Qualit', 1),
(187, 'COLLAUDATORE', 'Controllo Qualit', 1),
(188, 'IMPIEGATO QUALITA\'', 'Controllo Qualit', 1),
(189, 'Capo Squadra', 'Produzione', 1),
(190, 'mansione1', 'fresatore', 1);

-- --------------------------------------------------------

--
-- Struttura della tabella `jobs_skills`
--

CREATE TABLE `jobs_skills` (
  `id_skill` int(11) NOT NULL,
  `id_job` int(11) NOT NULL,
  `expected_level` int(11) NOT NULL DEFAULT '1'
) ENGINE=InnoDB DEFAULT CHARSET=utf8 COMMENT='Skills requirements for each jobs';

--
-- Dump dei dati per la tabella `jobs_skills`
--

INSERT INTO `jobs_skills` (`id_skill`, `id_job`, `expected_level`) VALUES
(1, 1, 4),
(2, 1, 3),
(3, 1, 3),
(4, 1, 3),
(5, 1, 4),
(6, 1, 5),
(6, 2, 4),
(6, 3, 4),
(6, 4, 4),
(6, 5, 4),
(6, 7, 4),
(6, 8, 4),
(6, 9, 4),
(6, 10, 4),
(6, 11, 4),
(6, 12, 4),
(6, 13, 4),
(6, 14, 4),
(6, 15, 4),
(6, 16, 4),
(6, 17, 4),
(6, 18, 4),
(6, 19, 4),
(6, 20, 4),
(6, 21, 4),
(6, 22, 4),
(6, 23, 4),
(6, 25, 4),
(6, 26, 4),
(6, 27, 4),
(6, 28, 4),
(6, 29, 4),
(6, 30, 4),
(6, 31, 4),
(6, 32, 4),
(6, 33, 4),
(6, 34, 4),
(6, 35, 4),
(6, 36, 4),
(6, 37, 4),
(6, 38, 4),
(6, 39, 4),
(6, 40, 4),
(6, 41, 4),
(6, 42, 4),
(6, 43, 4),
(6, 44, 4),
(6, 45, 4),
(6, 46, 4),
(6, 47, 4),
(6, 48, 4),
(6, 49, 4),
(6, 50, 4),
(6, 51, 4),
(6, 52, 4),
(6, 54, 4),
(6, 55, 4),
(6, 57, 4),
(6, 59, 4),
(6, 60, 4),
(6, 61, 4),
(6, 62, 4),
(6, 63, 4),
(6, 64, 4),
(6, 65, 4),
(6, 66, 4),
(6, 67, 4),
(6, 68, 4),
(6, 69, 4),
(6, 70, 4),
(6, 71, 4),
(6, 72, 4),
(6, 73, 4),
(6, 74, 4),
(6, 75, 4),
(6, 76, 4),
(6, 77, 4),
(6, 78, 4),
(6, 96, 4),
(6, 97, 4),
(6, 98, 4),
(6, 99, 4),
(6, 100, 4),
(6, 101, 4),
(6, 102, 4),
(6, 103, 4),
(6, 104, 4),
(6, 105, 4),
(6, 106, 4),
(6, 107, 4),
(6, 108, 4),
(6, 109, 4),
(6, 110, 4),
(6, 111, 4),
(6, 112, 4),
(6, 113, 4),
(6, 114, 4),
(6, 115, 4),
(6, 116, 4),
(6, 117, 4),
(6, 118, 4),
(6, 119, 4),
(6, 120, 4),
(6, 121, 4),
(6, 122, 4),
(6, 123, 4),
(6, 124, 4),
(6, 125, 4),
(6, 126, 4),
(6, 127, 4),
(6, 128, 4),
(6, 129, 4),
(6, 130, 4),
(6, 131, 4),
(6, 132, 4),
(6, 133, 4),
(6, 134, 4),
(6, 135, 4),
(6, 136, 4),
(6, 137, 4),
(6, 138, 1),
(6, 139, 1),
(6, 140, 4),
(6, 144, 4),
(6, 145, 4),
(6, 146, 4),
(6, 147, 4),
(6, 148, 4),
(6, 149, 4),
(6, 150, 4),
(6, 151, 4),
(6, 152, 4),
(6, 153, 4),
(6, 154, 4),
(6, 155, 4),
(6, 156, 4),
(6, 157, 4),
(6, 158, 4),
(6, 159, 4),
(6, 160, 4),
(6, 161, 4),
(6, 162, 4),
(6, 163, 4),
(6, 164, 4),
(6, 165, 4),
(6, 166, 4),
(6, 167, 4),
(6, 168, 4),
(6, 169, 4),
(6, 170, 4),
(6, 171, 4),
(6, 172, 4),
(6, 174, 4),
(6, 175, 4),
(6, 176, 4),
(6, 177, 4),
(6, 178, 4),
(6, 179, 4),
(6, 180, 4),
(6, 182, 4),
(6, 184, 4),
(6, 189, 4),
(7, 1, 4),
(7, 2, 3),
(7, 3, 3),
(7, 4, 3),
(7, 5, 3),
(7, 7, 3),
(7, 8, 3),
(7, 9, 3),
(7, 10, 3),
(7, 11, 3),
(7, 12, 3),
(7, 13, 3),
(7, 14, 3),
(7, 15, 3),
(7, 16, 3),
(7, 17, 3),
(7, 18, 3),
(7, 19, 3),
(7, 20, 3),
(7, 21, 3),
(7, 22, 3),
(7, 23, 3),
(7, 25, 3),
(7, 26, 3),
(7, 27, 3),
(7, 28, 3),
(7, 29, 3),
(7, 30, 3),
(7, 31, 3),
(7, 32, 3),
(7, 33, 3),
(7, 34, 3),
(7, 35, 3),
(7, 36, 3),
(7, 37, 3),
(7, 38, 3),
(7, 39, 3),
(7, 40, 3),
(7, 41, 3),
(7, 42, 3),
(7, 43, 3),
(7, 44, 3),
(7, 45, 3),
(7, 46, 3),
(7, 47, 3),
(7, 48, 3),
(7, 49, 3),
(7, 50, 3),
(7, 51, 3),
(7, 52, 3),
(7, 54, 3),
(7, 55, 3),
(7, 57, 3),
(7, 59, 3),
(7, 60, 3),
(7, 61, 3),
(7, 62, 3),
(7, 63, 3),
(7, 64, 3),
(7, 65, 3),
(7, 66, 3),
(7, 67, 3),
(7, 68, 3),
(7, 69, 3),
(7, 70, 3),
(7, 71, 3),
(7, 72, 1),
(7, 73, 1),
(7, 74, 3),
(7, 75, 3),
(7, 76, 3),
(7, 77, 3),
(7, 78, 3),
(7, 96, 3),
(7, 97, 3),
(7, 98, 3),
(7, 99, 1),
(7, 100, 3),
(7, 101, 3),
(7, 102, 3),
(7, 103, 3),
(7, 104, 3),
(7, 105, 3),
(7, 106, 3),
(7, 107, 3),
(7, 108, 3),
(7, 109, 3),
(7, 110, 3),
(7, 111, 3),
(7, 112, 3),
(7, 113, 3),
(7, 114, 3),
(7, 115, 3),
(7, 116, 3),
(7, 117, 3),
(7, 118, 3),
(7, 119, 3),
(7, 120, 3),
(7, 121, 3),
(7, 122, 3),
(7, 123, 3),
(7, 124, 3),
(7, 125, 3),
(7, 126, 3),
(7, 127, 3),
(7, 128, 3),
(7, 129, 3),
(7, 130, 3),
(7, 131, 3),
(7, 132, 3),
(7, 133, 3),
(7, 134, 3),
(7, 135, 3),
(7, 136, 3),
(7, 137, 4),
(7, 138, 1),
(7, 139, 1),
(7, 140, 4),
(7, 144, 4),
(7, 145, 3),
(7, 146, 3),
(7, 147, 3),
(7, 148, 3),
(7, 149, 3),
(7, 150, 3),
(7, 151, 3),
(7, 152, 1),
(7, 153, 3),
(7, 154, 3),
(7, 155, 3),
(7, 156, 3),
(7, 157, 3),
(7, 158, 3),
(7, 159, 3),
(7, 160, 3),
(7, 161, 3),
(7, 162, 3),
(7, 163, 3),
(7, 164, 3),
(7, 165, 3),
(7, 166, 3),
(7, 167, 3),
(7, 168, 3),
(7, 169, 3),
(7, 170, 3),
(7, 171, 3),
(7, 172, 3),
(7, 174, 3),
(7, 175, 3),
(7, 176, 3),
(7, 177, 3),
(7, 178, 3),
(7, 179, 3),
(7, 180, 3),
(7, 182, 3),
(7, 184, 3),
(7, 188, 4),
(7, 189, 3),
(8, 2, 4),
(9, 2, 4),
(10, 2, 4),
(10, 3, 4),
(10, 4, 4),
(10, 5, 4),
(10, 7, 4),
(10, 8, 4),
(10, 9, 4),
(10, 10, 4),
(10, 11, 4),
(10, 12, 4),
(10, 13, 4),
(10, 14, 4),
(10, 15, 4),
(10, 16, 4),
(10, 17, 4),
(10, 18, 4),
(10, 19, 4),
(10, 20, 4),
(10, 21, 4),
(10, 22, 4),
(10, 23, 4),
(10, 25, 4),
(10, 26, 4),
(10, 27, 4),
(10, 28, 4),
(10, 29, 4),
(10, 30, 4),
(10, 31, 4),
(10, 32, 4),
(10, 33, 4),
(10, 34, 4),
(10, 35, 4),
(10, 36, 4),
(10, 37, 4),
(10, 38, 4),
(10, 39, 4),
(10, 40, 4),
(10, 41, 4),
(10, 42, 4),
(10, 43, 4),
(10, 44, 4),
(10, 45, 4),
(10, 46, 4),
(10, 47, 4),
(10, 48, 4),
(10, 49, 4),
(10, 50, 4),
(10, 51, 4),
(10, 52, 4),
(10, 54, 4),
(10, 55, 4),
(10, 57, 4),
(10, 59, 4),
(10, 60, 4),
(10, 61, 4),
(10, 62, 4),
(10, 63, 4),
(10, 64, 4),
(10, 65, 4),
(10, 66, 4),
(10, 67, 4),
(10, 68, 4),
(10, 69, 4),
(10, 70, 4),
(10, 71, 4),
(10, 72, 4),
(10, 73, 4),
(10, 74, 4),
(10, 75, 4),
(10, 76, 4),
(10, 77, 4),
(10, 78, 4),
(10, 96, 4),
(10, 97, 4),
(10, 98, 4),
(10, 99, 4),
(10, 100, 4),
(10, 101, 4),
(10, 102, 4),
(10, 103, 4),
(10, 104, 4),
(10, 105, 4),
(10, 106, 4),
(10, 107, 4),
(10, 108, 4),
(10, 109, 4),
(10, 110, 4),
(10, 111, 4),
(10, 112, 4),
(10, 113, 4),
(10, 114, 4),
(10, 115, 4),
(10, 116, 4),
(10, 117, 4),
(10, 118, 4),
(10, 119, 4),
(10, 120, 4),
(10, 121, 4),
(10, 122, 4),
(10, 123, 4),
(10, 124, 4),
(10, 125, 4),
(10, 126, 4),
(10, 127, 4),
(10, 128, 4),
(10, 129, 4),
(10, 130, 4),
(10, 131, 4),
(10, 132, 4),
(10, 133, 4),
(10, 134, 4),
(10, 135, 4),
(10, 136, 4),
(10, 145, 4),
(10, 146, 4),
(10, 147, 4),
(10, 148, 4),
(10, 149, 4),
(10, 150, 4),
(10, 151, 4),
(10, 152, 4),
(10, 153, 4),
(10, 154, 4),
(10, 155, 4),
(10, 156, 4),
(10, 157, 4),
(10, 158, 4),
(10, 159, 4),
(10, 160, 4),
(10, 161, 4),
(10, 162, 4),
(10, 163, 4),
(10, 164, 4),
(10, 165, 4),
(10, 166, 4),
(10, 167, 4),
(10, 168, 4),
(10, 169, 4),
(10, 174, 4),
(10, 175, 4),
(10, 176, 4),
(10, 177, 4),
(10, 178, 4),
(10, 179, 4),
(10, 180, 4),
(10, 182, 4),
(10, 184, 4),
(18, 4, 4),
(19, 4, 4),
(20, 5, 4),
(21, 5, 4),
(22, 3, 4),
(23, 3, 4),
(24, 7, 4),
(25, 7, 4),
(26, 8, 4),
(27, 8, 4),
(28, 9, 4),
(29, 9, 4),
(30, 10, 4),
(31, 10, 4),
(32, 11, 4),
(33, 11, 4),
(34, 12, 4),
(35, 12, 4),
(36, 13, 4),
(37, 13, 4),
(38, 14, 4),
(39, 14, 4),
(40, 15, 4),
(41, 15, 4),
(42, 16, 4),
(43, 16, 4),
(44, 17, 4),
(45, 17, 4),
(46, 18, 4),
(47, 18, 4),
(48, 19, 4),
(49, 19, 4),
(50, 20, 4),
(51, 20, 4),
(52, 21, 4),
(53, 21, 4),
(54, 22, 4),
(55, 22, 4),
(56, 23, 4),
(57, 23, 4),
(60, 25, 4),
(61, 25, 4),
(62, 26, 4),
(63, 26, 4),
(64, 27, 4),
(65, 27, 4),
(66, 28, 4),
(67, 28, 4),
(68, 29, 4),
(69, 29, 4),
(70, 30, 4),
(71, 30, 4),
(72, 31, 4),
(73, 31, 4),
(74, 32, 4),
(75, 32, 4),
(76, 33, 4),
(77, 33, 4),
(78, 34, 4),
(79, 34, 4),
(80, 35, 4),
(81, 35, 4),
(82, 36, 4),
(83, 36, 4),
(84, 37, 4),
(85, 37, 4),
(86, 38, 4),
(87, 38, 4),
(88, 39, 4),
(89, 39, 4),
(90, 40, 4),
(91, 40, 4),
(92, 41, 4),
(93, 41, 4),
(94, 42, 4),
(95, 42, 4),
(96, 43, 4),
(97, 43, 4),
(98, 44, 4),
(99, 44, 4),
(100, 45, 4),
(101, 45, 4),
(102, 46, 4),
(103, 46, 4),
(104, 47, 4),
(105, 47, 4),
(106, 48, 4),
(107, 48, 4),
(108, 49, 4),
(109, 49, 4),
(110, 50, 4),
(111, 50, 4),
(112, 51, 4),
(113, 51, 4),
(114, 52, 4),
(115, 52, 4),
(118, 54, 4),
(119, 54, 4),
(120, 55, 4),
(121, 55, 4),
(124, 57, 4),
(125, 57, 4),
(126, 59, 4),
(127, 59, 4),
(128, 60, 4),
(129, 60, 4),
(130, 61, 4),
(131, 61, 4),
(132, 62, 4),
(133, 62, 4),
(134, 63, 4),
(135, 63, 4),
(136, 64, 4),
(137, 64, 4),
(138, 65, 4),
(139, 65, 4),
(141, 66, 4),
(142, 66, 4),
(143, 67, 4),
(144, 67, 4),
(145, 68, 4),
(146, 68, 4),
(147, 69, 4),
(148, 69, 4),
(149, 70, 4),
(150, 70, 4),
(151, 71, 4),
(152, 71, 4),
(153, 72, 4),
(154, 72, 4),
(155, 73, 4),
(156, 73, 4),
(157, 74, 4),
(158, 74, 4),
(159, 75, 4),
(160, 75, 4),
(161, 76, 4),
(162, 76, 4),
(163, 77, 4),
(164, 77, 4),
(165, 78, 4),
(166, 78, 4),
(167, 79, 5),
(168, 79, 5),
(169, 79, 5),
(170, 80, 5),
(171, 80, 5),
(172, 80, 5),
(173, 81, 5),
(174, 81, 5),
(175, 81, 5),
(176, 81, 5),
(177, 81, 5),
(178, 81, 5),
(179, 81, 5),
(180, 82, 3),
(181, 82, 4),
(182, 82, 3),
(183, 82, 4),
(184, 82, 5),
(185, 82, 5),
(186, 82, 4),
(187, 83, 4),
(188, 83, 5),
(189, 83, 5),
(190, 83, 5),
(191, 83, 5),
(192, 83, 5),
(193, 83, 3),
(194, 83, 4),
(195, 83, 4),
(196, 83, 4),
(197, 83, 4),
(198, 83, 4),
(199, 83, 4),
(200, 84, 4),
(201, 84, 3),
(202, 84, 3),
(203, 84, 4),
(204, 84, 3),
(205, 84, 4),
(206, 84, 4),
(207, 84, 4),
(208, 85, 5),
(209, 85, 5),
(210, 85, 5),
(211, 85, 4),
(212, 85, 4),
(213, 85, 4),
(214, 85, 4),
(215, 86, 4),
(216, 86, 4),
(217, 86, 5),
(218, 86, 4),
(219, 86, 4),
(220, 86, 5),
(221, 86, 5),
(222, 86, 4),
(223, 87, 5),
(224, 87, 5),
(225, 87, 5),
(226, 87, 3),
(227, 87, 3),
(228, 87, 3),
(229, 87, 4),
(230, 87, 5),
(231, 87, 4),
(232, 87, 5),
(233, 87, 5),
(234, 87, 5),
(235, 87, 5),
(236, 87, 5),
(237, 88, 4),
(238, 88, 4),
(239, 88, 5),
(240, 88, 5),
(241, 88, 3),
(242, 88, 3),
(243, 88, 4),
(244, 88, 4),
(245, 89, 5),
(246, 89, 5),
(247, 89, 4),
(248, 89, 5),
(249, 89, 4),
(250, 89, 5),
(251, 89, 5),
(252, 90, 4),
(253, 90, 4),
(254, 90, 4),
(255, 90, 5),
(256, 90, 4),
(257, 90, 4),
(258, 91, 5),
(259, 91, 4),
(260, 91, 4),
(261, 91, 4),
(262, 91, 5),
(263, 91, 4),
(264, 91, 4),
(265, 92, 5),
(266, 92, 4),
(267, 92, 4),
(268, 92, 4),
(269, 92, 3),
(270, 92, 3),
(271, 92, 3),
(272, 92, 4),
(273, 93, 5),
(274, 93, 5),
(275, 93, 5),
(276, 93, 5),
(277, 93, 5),
(278, 93, 5),
(279, 93, 5),
(280, 94, 5),
(281, 94, 5),
(282, 94, 5),
(283, 94, 4),
(284, 94, 5),
(285, 94, 4),
(286, 94, 5),
(287, 94, 5),
(288, 94, 5),
(289, 95, 5),
(290, 95, 5),
(291, 95, 4),
(292, 95, 5),
(293, 95, 4),
(294, 95, 3),
(295, 95, 3),
(296, 96, 4),
(297, 96, 4),
(298, 97, 4),
(299, 97, 4),
(300, 98, 4),
(301, 98, 4),
(302, 99, 4),
(303, 99, 4),
(304, 100, 4),
(305, 100, 4),
(306, 101, 4),
(307, 101, 4),
(308, 102, 4),
(309, 102, 4),
(310, 103, 4),
(311, 103, 4),
(312, 104, 4),
(313, 104, 4),
(314, 105, 4),
(315, 105, 4),
(316, 106, 4),
(316, 161, 4),
(317, 106, 4),
(317, 161, 4),
(318, 107, 4),
(319, 107, 4),
(320, 108, 4),
(321, 108, 4),
(322, 109, 4),
(322, 158, 4),
(323, 109, 4),
(323, 158, 4),
(324, 110, 4),
(324, 163, 4),
(325, 110, 4),
(325, 163, 4),
(326, 111, 4),
(327, 111, 4),
(330, 112, 4),
(331, 112, 4),
(332, 113, 4),
(333, 113, 4),
(334, 114, 4),
(335, 114, 4),
(336, 115, 4),
(337, 115, 4),
(338, 116, 4),
(340, 116, 4),
(341, 117, 4),
(342, 117, 4),
(343, 118, 4),
(344, 118, 4),
(347, 120, 4),
(348, 120, 4),
(349, 121, 4),
(350, 121, 4),
(351, 122, 4),
(352, 122, 4),
(355, 123, 4),
(356, 123, 4),
(357, 124, 4),
(358, 124, 4),
(359, 125, 4),
(360, 125, 4),
(361, 126, 4),
(362, 126, 4),
(363, 127, 4),
(364, 127, 4),
(365, 128, 4),
(366, 128, 4),
(367, 129, 4),
(368, 129, 4),
(369, 130, 4),
(370, 130, 4),
(371, 131, 4),
(372, 131, 4),
(373, 132, 4),
(374, 132, 4),
(375, 133, 4),
(376, 133, 4),
(377, 134, 4),
(378, 134, 4),
(379, 135, 4),
(380, 135, 4),
(381, 136, 4),
(382, 136, 4),
(383, 137, 4),
(383, 138, 1),
(383, 185, 4),
(383, 186, 4),
(383, 187, 4),
(384, 137, 4),
(385, 137, 4),
(386, 137, 4),
(387, 137, 4),
(388, 137, 4),
(388, 187, 4),
(389, 138, 4),
(390, 138, 4),
(391, 138, 4),
(392, 138, 4),
(392, 187, 4),
(393, 138, 4),
(393, 187, 4),
(394, 139, 4),
(394, 188, 4),
(395, 139, 4),
(395, 188, 4),
(396, 139, 4),
(396, 188, 4),
(397, 139, 4),
(397, 188, 4),
(398, 139, 4),
(398, 188, 4),
(399, 139, 4),
(399, 188, 4),
(400, 139, 4),
(401, 139, 4),
(402, 139, 4),
(402, 187, 4),
(402, 188, 4),
(403, 139, 4),
(403, 188, 4),
(404, 139, 4),
(404, 188, 4),
(405, 139, 4),
(405, 188, 4),
(406, 140, 4),
(407, 140, 4),
(408, 140, 4),
(409, 140, 4),
(410, 141, 5),
(411, 141, 5),
(412, 141, 3),
(413, 141, 4),
(414, 141, 4),
(415, 141, 4),
(416, 141, 3),
(417, 142, 5),
(418, 142, 5),
(419, 142, 5),
(420, 143, 4),
(421, 143, 4),
(422, 143, 5),
(423, 143, 5),
(424, 144, 4),
(425, 144, 4),
(426, 144, 5),
(427, 145, 4),
(428, 145, 4),
(429, 146, 4),
(429, 160, 4),
(430, 146, 4),
(430, 160, 4),
(431, 147, 4),
(432, 147, 4),
(433, 148, 4),
(433, 164, 4),
(434, 148, 4),
(434, 164, 4),
(435, 149, 4),
(435, 166, 4),
(436, 149, 4),
(436, 166, 4),
(437, 150, 4),
(437, 159, 4),
(438, 150, 4),
(438, 159, 4),
(439, 151, 4),
(440, 151, 4),
(441, 152, 4),
(442, 152, 4),
(443, 153, 4),
(444, 153, 4),
(445, 154, 4),
(446, 154, 4),
(447, 155, 4),
(448, 155, 4),
(449, 156, 4),
(450, 156, 4),
(451, 157, 4),
(451, 162, 4),
(452, 157, 4),
(452, 162, 4),
(453, 165, 4),
(454, 165, 4),
(455, 167, 4),
(456, 167, 4),
(457, 168, 4),
(458, 168, 4),
(459, 169, 4),
(460, 169, 4),
(461, 170, 5),
(462, 170, 5),
(463, 170, 5),
(464, 171, 5),
(465, 171, 5),
(466, 171, 5),
(467, 171, 5),
(468, 171, 5),
(469, 171, 5),
(470, 171, 5),
(471, 172, 5),
(472, 172, 5),
(473, 172, 5),
(474, 172, 5),
(475, 172, 5),
(476, 172, 5),
(477, 174, 4),
(478, 174, 4),
(479, 175, 4),
(480, 175, 4),
(481, 176, 4),
(482, 176, 4),
(483, 177, 4),
(484, 177, 4),
(485, 178, 4),
(486, 178, 4),
(487, 179, 4),
(488, 179, 4),
(489, 180, 4),
(490, 180, 4),
(491, 181, 4),
(492, 181, 4),
(493, 182, 4),
(494, 182, 4),
(495, 183, 4),
(496, 183, 4),
(497, 184, 4),
(498, 184, 4),
(499, 137, 4),
(500, 137, 4),
(501, 185, 4),
(502, 185, 4),
(503, 185, 4),
(504, 186, 4),
(505, 186, 4),
(506, 186, 4),
(507, 189, 4),
(508, 189, 4),
(509, 189, 5),
(510, 189, 4),
(511, 189, 4),
(512, 189, 4),
(513, 189, 5),
(515, 190, 4),
(516, 190, 5);

-- --------------------------------------------------------

--
-- Struttura della tabella `op_registry`
--

CREATE TABLE `op_registry` (
  `id_op` int(11) NOT NULL,
  `entity_name` varchar(45) DEFAULT NULL,
  `pk` varchar(45) DEFAULT NULL,
  `operation_type` varchar(45) DEFAULT NULL,
  `operation_date` datetime DEFAULT NULL,
  `user_id` int(11) NOT NULL
) ENGINE=InnoDB DEFAULT CHARSET=utf8;

-- --------------------------------------------------------

--
-- Struttura della tabella `skill`
--

CREATE TABLE `skill` (
  `id_skill` int(11) NOT NULL,
  `name` varchar(45) NOT NULL,
  `description` varchar(100) DEFAULT NULL,
  `enabled` int(11) DEFAULT '1'
) ENGINE=InnoDB DEFAULT CHARSET=utf8 COMMENT='Skills ';

--
-- Dump dei dati per la tabella `skill`
--

INSERT INTO `skill` (`id_skill`, `name`, `description`, `enabled`) VALUES
(1, 'Gestione dati di produzione', NULL, 1),
(2, 'Gestione Logistica di Reparto', NULL, 1),
(3, 'Gestione manutenzione di Reparto', NULL, 1),
(4, 'Gestione Qualit di Reparto', NULL, 1),
(5, 'Gestione Risorse Umane', NULL, 1),
(6, 'General safety requirements', NULL, 1),
(7, 'Basic WCM tool', NULL, 1),
(8, 'ciclo di lavoro J1', 'Piegatrice', 1),
(9, 'ciclo di controllo J1', 'piegatrice', 1),
(10, 'documentazione di lavoro', NULL, 1),
(18, 'ciclo di controllo J2', 'piegatrice', 1),
(19, 'ciclo di lavoro J2', 'piegatrice', 1),
(20, 'ciclo di lavoro J3', 'piegatrice', 1),
(21, 'ciclo di controllo J3', 'piegatrice', 1),
(22, 'ciclo di lavoro W1', 'SIAD', 1),
(23, 'ciclo di controllo W1', 'SIAD', 1),
(24, 'ciclo di lavoro L1', 'WO', 1),
(25, 'ciclo di controllo L1', 'QC', 1),
(26, 'ciclo di controllo A1', 'QC', 1),
(27, 'ciclo di lavoro A1', 'WO', 1),
(28, 'ciclo di controllo A2', 'QC', 1),
(29, 'ciclo di lavoro A2', 'WO', 1),
(30, 'ciclo di lavoro A3', 'WO', 1),
(31, 'ciclo di controllo A3', 'QC', 1),
(32, 'ciclo di lavoro A4', 'WO', 1),
(33, 'ciclo di controllo A4', 'QC', 1),
(34, 'ciclo di controllo A5', 'QC', 1),
(35, 'ciclo di lavoro A5', 'WO', 1),
(36, 'ciclo di controllo A6', 'QC', 1),
(37, 'ciclo di lavoro A6', 'wo', 1),
(38, 'ciclo di controllo B3', 'QC', 1),
(39, 'ciclo di lavoro B3', 'WO', 1),
(40, 'ciclo di controllo M1', 'QC', 1),
(41, 'ciclo di lavoro M1', 'WO', 1),
(42, 'ciclo di controllo M2', 'QC', 1),
(43, 'ciclo di lavoro M2', 'WO', 1),
(44, 'ciclo di lavoro W2', 'WO', 1),
(45, 'ciclo di controllo W2', 'QC', 1),
(46, 'ciclo di lavoro S1', 'WO', 1),
(47, 'ciclo di controllo S1', 'QC', 1),
(48, 'ciclo di controllo S2', 'QC', 1),
(49, 'ciclo di lavoro S2', 'WO', 1),
(50, 'ciclo di controllo A7', 'QC', 1),
(51, 'ciclo di lavoro A7', 'WO', 1),
(52, 'ciclo di controllo B1', 'QC', 1),
(53, 'ciclo di lavoro B1', 'WO', 1),
(54, 'ciclo di controllo K1', 'QC', 1),
(55, 'ciclo di lavoro K1', 'WO', 1),
(56, 'ciclo di controllo k2', 'QC', 1),
(57, 'ciclo di lavoro k2', 'WO', 1),
(60, 'ciclo di lavoro H1', 'WO', 1),
(61, 'ciclo di controllo H1', 'QC', 1),
(62, 'Ciclo di controllo (M) 82 10-20-30', 'SMERIGLIATURA MASERATI', 1),
(63, 'Ciclo di lavoro (M) 82 10-20-30', 'SMERIGLIATURA MASERATI', 1),
(64, 'ciclo di controllo D1', 'QC', 1),
(65, 'ciclo di lavoro D1', 'WO', 1),
(66, 'ciclo di lavoro I1', 'WO', 1),
(67, 'ciclo di controllo I1', 'QC', 1),
(68, 'ciclo di controllo I3', 'QC', 1),
(69, 'ciclo di lavoro I3', 'WO', 1),
(70, 'ciclo di lavoro I4', 'WO', 1),
(71, 'ciclo di controllo I4', 'QC', 1),
(72, 'CICLO DI LAVORO P1', 'WO', 1),
(73, 'CICLO DI CONTROLLO P1', 'QC', 1),
(74, 'CICLO DI LAVORO 01', 'WO', 1),
(75, 'CICLO DI CONTROLLO 01', 'QC', 1),
(76, 'ciclo di lavoroT1', 'WO', 1),
(77, 'ciclo di controllo T1', 'qc', 1),
(78, 'ciclo di lavoro P2', 'WO', 1),
(79, 'ciclo di controllo P2', 'qc', 1),
(80, 'ciclo di lavoro R3', 'WO', 1),
(81, 'ciclo di controllo R3', 'QC', 1),
(82, 'ciclo di lavoro O2', 'WO', 1),
(83, 'ciclo di controllo O2', 'QC', 1),
(84, 'ciclo di lavoro R2', 'WO', 1),
(85, 'ciclo di controllo R2', 'QC', 1),
(86, 'ciclo di lavoro P3', 'WO', 1),
(87, 'ciclo di controllo P3', 'QC', 1),
(88, 'ciclo di lavoro U2', 'WO', 1),
(89, 'ciclo di controllo U2', 'QC', 1),
(90, 'ciclo di controllo B2', 'QC', 1),
(91, 'ciclo di lavoro B2', 'WO', 1),
(92, 'ciclo di lavoro M3', 'WO', 1),
(93, 'ciclo di controllo M3', 'QC', 1),
(94, 'ciclo di controllo E1', 'QC', 1),
(95, 'ciclo di lavoro E1', 'WO', 1),
(96, 'ciclo di lavoro X1', 'WO', 1),
(97, 'ciclo di controllo X1', 'QC', 1),
(98, 'ciclo di controllo C1', 'QC', 1),
(99, 'ciclo di lavoro C1', 'WO', 1),
(100, 'ciclo di controllo N1', 'QC', 1),
(101, 'ciclo di lavoro N1', 'WO', 1),
(102, 'ciclo di controllo C3', 'QC', 1),
(103, 'ciclo di lavoro C3', 'WO', 1),
(104, 'ciclo di controllo C2', 'QC', 1),
(105, 'ciclo di lavoro C2', 'WO', 1),
(106, 'ciclo di lavoro C4', 'WO', 1),
(107, 'ciclo di controllo C4', 'QC', 1),
(108, 'ciclo di controllo B5', 'QC', 1),
(109, 'ciclo di lavoro B5', 'WO', 1),
(110, 'ciclo di controllo B4', 'QC', 1),
(111, 'ciclo di lavoro B4', 'WO', 1),
(112, 'ciclo di controllo C5', 'QC', 1),
(113, 'ciclo di lavoro C5', 'WO', 1),
(114, 'Ciclo di controllo R1', 'ciclo di controllo', 1),
(115, 'ciclo di lavoro R1', 'ciclo di lavoro', 1),
(116, 'ciclo di controllo P1', 'QC', 1),
(117, 'ciclo di lavoro P1', 'WO', 1),
(118, 'ciclo di controllo B6', 'QC', 1),
(119, 'ciclo di lavoro B6', 'WO', 1),
(120, 'ciclo di lavoro I2', 'WO', 1),
(121, 'ciclo di controllo I2', 'QC', 1),
(122, 'ciclo di controllo C3', 'QC', 1),
(123, 'ciclo di lavoro C3', 'WO', 1),
(124, 'ciclo di controllo (M) 83', '.', 1),
(125, 'ciclo di lavoro (M) 83', '.', 1),
(126, 'ciclo di controllo (M) 1 curvatubi BEMA', '.', 1),
(127, 'ciclo di lavoro (M) 1 curvatubi BEMA', '.', 1),
(128, 'ciclo di controllo (M) 2 curvatubi STARBEND', '.', 1),
(129, 'ciclo di lavoro(M)2 curvatubi STARBEND', '.', 1),
(130, 'ciclo di controllo (M) 3 curvatubi LANG', '.', 1),
(131, 'ciclo di lavoro (M) 3 curvatubi LANG', '.', 1),
(132, 'ciclo di controllo (M) 4 idroformatura 400T', '.', 1),
(133, 'ciclo di lavoro (M) 4 idroformatura 400T', '.', 1),
(134, 'ciclo di controllo (M) 5 robot sld mixer B', '.', 1),
(135, 'ciclo di lavoro (M) 5 robot sld mixer B', '.', 1),
(136, 'ciclo di controllo (M) 7 robot sld mixer C', '.', 1),
(137, 'ciclo di lavoro (M) 7 robot sld mixer C', '.', 1),
(138, 'ciclo di controllo (M) 9 robot sld mixer D', '.', 1),
(139, 'ciclo di lavoro (M) 9 robot sld mixer D', '.', 1),
(141, 'ciclo di controllo (M) 84 forno trattamento t', '.', 1),
(142, 'ciclo di lavoro (M) 84 forno trattamento term', '.', 1),
(143, 'ciclo di controllo (M) 34 laser', '.', 1),
(144, 'ciclo di lavoro (M) 34 laser', '.', 1),
(145, 'ciclo di controllo (M) 36 cesoia', '.', 1),
(146, 'ciclo di lavoro (M) 36 cesoia', '.', 1),
(147, 'ciclo di controllo (M) 37 seghetti automatici', '.', 1),
(148, 'ciclo di lavoro (M) 37 seghetti automatici', '.', 1),
(149, 'ciclo di controllo (M) 38 seghetti manuali', '.', 1),
(150, 'ciclo di lavoro (M) 38 seghetti manuali', '.', 1),
(151, 'ciclo di controllo (M) 39 macchina calib/flan', '.', 1),
(152, 'ciclo di lavoro (M) 39 macchina di calib/flan', '.', 1),
(153, 'ciclo di controllo (M) 93 idroformatura curva', '.', 1),
(154, 'ciclo di lavoro (M) 93 idroformatura curva 67', '.', 1),
(155, 'ciclo di controllo (M) 20 puntatrice', '.', 1),
(156, 'ciclo di lavoro (M) 20 puntatrice', '.', 1),
(157, 'ciclo di controllo (M) 21 trapano radiale', '.', 1),
(158, 'ciclo di lavoro (M) 21 trapano radiale', '.', 1),
(159, 'ciclo di controllo (M) 26 piegatrici', '.', 1),
(160, 'ciclo di lavoro (M) 26 piegatrici', '.', 1),
(161, 'ciclo di controllo (M) 31 trapano a colonna', '.', 1),
(162, 'ciclo di lavoro (M) 31 trapano a colonna', '.', 1),
(163, 'Ciclo di lavoro (M) 40 linea D Casse Batteria', 'WO', 1),
(164, 'Ciclo di controllo (M) 40 Linea D casse batte', 'QC', 1),
(165, 'Ciclo di controllo (M) 41 Linea A casse batte', 'QC', 1),
(166, 'Ciclo di lavoro (M) 41 linea A Casse Batteria', 'WO', 1),
(167, 'applicazione degli strumenti WCM', '-', 1),
(168, 'progetti di miglioramento focalizzati (KAIZEN', '-', 1),
(169, 'diffusione ad utilizzo dei tools di problem s', '-', 1),
(170, '5G', 'tool per raccolta informazioni in officina', 1),
(171, '5W+1H,5Why', 'tool per descrizione del problema', 1),
(172, '7 WCM tools', '-', 1),
(173, 'Quick Kaizen', '-', 1),
(174, 'Standard Kaizen', '-', 1),
(175, 'Major Kaizen', '-', 1),
(176, '7 QC tools (reactive)', '-', 1),
(177, ' 7 steps of problem approach', '-', 1),
(178, 'Lead time reduction techniques', '-', 1),
(179, 'Principles and operating standards for 0 BD a', '-', 1),
(180, 'DVR', '-', 1),
(181, 'Formazione e informazione (Visual Management)', '-', 1),
(182, 'piani di pronto intervento e emergenze', '-', 1),
(183, 'Gestione delle attrezzature per pronto interv', '-', 1),
(184, 'gestione di audit e sorveglianza sanitaria', '-', 1),
(185, 'rapporti con enti esterni e medico competente', '-', 1),
(186, 'rapporti RLS', '-', 1),
(187, 'Knowledge of safety legal requirements and co', '-', 1),
(188, 'The principle of Heinrich pyramid ', '-', 1),
(189, 'S-Matrix', '-', 1),
(190, 'Management Initiated safety', '-', 1),
(191, 'Safety Step 1', '-', 1),
(192, 'Basic safety standards', '-', 1),
(193, 'Emergency Plan', '-', 1),
(194, 'Safety step 2', '-', 1),
(195, 'Safety standards gap analysis', '-', 1),
(196, 'Safety Responsibility matrix ', '-', 1),
(197, 'Safety Step 3', '-', 1),
(198, ' Safety RCA + TWTTP', '-', 1),
(199, 'Incident trend analysis', '-', 1),
(200, 'elaborazione e analisi dati raccolti ', '-', 1),
(201, 'individuazione scostamenti e cause tra realiz', '-', 1),
(202, 'proposte di correttivi', '-', 1),
(203, 'definizione risorse economiche per ciascun ut', '-', 1),
(204, 'definizione budget aziendale', '-', 1),
(205, 'definizione indicatori per misurazione obiett', '-', 1),
(206, 'redazione forecast', '-', 1),
(207, 'segnalazione note debito a fornitore', '-', 1),
(208, 'Definition of Waste and losses', '-', 1),
(209, 'Causal/resultant losses', '-', 1),
(210, 'A, B and C matrices', '-', 1),
(211, 'Stratification up to station/man level', '-', 1),
(212, 'Stratification up  to the single root cause l', '-', 1),
(213, 'D, E and F matrices', '-', 1),
(214, 'Right projects and follow up', '-', 1),
(215, 'gestione processo tecnico della societ', '-', 1),
(216, 'cordinamento team tecnico e pianificazione la', '-', 1),
(217, 'analisi tempi e metodi prodotto', '-', 1),
(218, 'analisi di fattibilit e studi preliminari p', '-', 1),
(219, 'supporto al resp. Commerciale per elaborazion', '-', 1),
(220, 'emissione cicli di lavorazione, distinte e te', '-', 1),
(221, 'gestione documentazione tecnica', '-', 1),
(222, 'assicurazione della realizzazione dei modelli', '-', 1),
(223, 'AM STEP 1', '-', 1),
(224, 'AM STEP 2', '-', 1),
(225, 'AM STEP 3', '-', 1),
(226, 'Classificazione delle macchine', '-', 1),
(227, 'Mappa dei guasti (BREAKDOWN MAPS)', '-', 1),
(228, 'Teoria della manutenzione professonale', '-', 1),
(229, 'Valutazione B/C per gli step 0-3', '-', 1),
(230, 'Bilanciamento linea (Line balancing)', '-', 1),
(231, 'Metodo con ripresa video (Video monitoring me', '-', 1),
(232, ' Monitoraggio della cadenza (Pace monitor)', '-', 1),
(233, ' Movimentazione minima dei materiali (Minimal', '-', 1),
(234, 'WO Step 1', '-', 1),
(235, 'WO Step 2', '-', 1),
(236, 'WO Step 3', '-', 1),
(237, 'acquisizione personale', '-', 1),
(238, 'gestione e sviluppo del personale', '-', 1),
(239, 'amministrazione del personale', '-', 1),
(240, 'gestione delle retribuzioni', '-', 1),
(241, 'gestione relazioni industriali', '-', 1),
(242, 'rapporti con confindustria', '-', 1),
(243, 'rapporti con consulenti legali e del lavoro', '-', 1),
(244, 'redazione budget di gestione e di formazione ', '-', 1),
(245, 'PD step 1', '-', 1),
(246, 'PD step 2', '-', 1),
(247, ' PD step 3', '-', 1),
(248, 'E & T method and tools', '-', 1),
(249, 'correct evaluation of E & T', '-', 1),
(250, 'Involvement of people', '-', 1),
(251, 'Good communication system', '-', 1),
(252, 'elaborazione documenti analisi \"stato macchin', '-', 1),
(253, 'emissione piano di manutenzione preventiva ma', '-', 1),
(254, 'gestione attivit programmate', '-', 1),
(255, 'organizzazione magazzini con approvvigionamen', '-', 1),
(256, 'elaborazione metodi di analisi del guasto', '-', 1),
(257, 'gestione mantentori', '-', 1),
(258, 'Maintenance theory', '-', 1),
(259, 'Machine classification based on CD', '-', 1),
(260, 'Measurement of OEE, OPE', '-', 1),
(261, 'PM Step 1', '-', 1),
(262, 'PM Step 2', '-', 1),
(263, 'PM Step 3', '-', 1),
(264, 'SMP', '-', 1),
(265, 'risoluzione non conformit di processo e/o p', '-', 1),
(266, 'gestione di audit', '-', 1),
(267, 'rapporti con enti preposti alla certificazion', '-', 1),
(268, 'controllo costi qualit', '-', 1),
(269, 'collaborazione definizione offerte commercial', '-', 1),
(270, 'collaborazione in attivit di ottimizzazione', '-', 1),
(271, 'supporto nella definizione struttura organizz', '-', 1),
(272, 'campagne informative interne per diffusione c', '-', 1),
(273, 'QC viewpoints', '-', 1),
(274, 'Reactive QA matrix', '-', 1),
(275, ' Management of claims', '-', 1),
(276, '4M analysis and countermeasures', '-', 1),
(277, ' 7 QC tools', '-', 1),
(278, ' 7 steps of  QC problem  solving', '-', 1),
(279, ' SQC for product characteristics', '-', 1),
(280, 'assicurazione ricevimento e immagazzinamento ', '-', 1),
(281, 'immagazzinamento prodotti finiti', '-', 1),
(282, 'spedizione prodotti finiti assicurandane corr', '-', 1),
(283, 'distribuzione ottimale degli spazi', '-', 1),
(284, 'analisi parametri di programmazione per riduz', '-', 1),
(285, 'garanzia livello di servizio atteso', '-', 1),
(286, 'inventario fisico del magazzino', '-', 1),
(287, 'gestione trasporti', '-', 1),
(288, 'gestione contenitori', '-', 1),
(289, 'Logistics step 1 ', '-', 1),
(290, 'Logistics step 2 ', '-', 1),
(291, 'Separation operation/transport', '-', 1),
(292, ' Line side stock management ', '-', 1),
(293, 'Logistics step 3', '-', 1),
(294, 'QC stage 1 & 2', '-', 1),
(295, ' QC stage 3 & 4', '-', 1),
(296, 'Ciclo di lavoro (M) 82 Maserati b OP 120 130 ', 'WO', 1),
(297, 'Ciclo di controllo (M) Maserati b OP 120 130 ', 'QC', 1),
(298, 'ciclo di lavoro (M) 82 Maserati b op 40 50 60', 'WO', 1),
(299, 'ciclo di controllo (M) 82 Maserati b OP 40 50', 'QC', 1),
(300, 'Ciclo di lavoro (M) 31 - Trapano a colonna', 'WO', 1),
(301, 'Ciclo di controllo (M) 31- trapano a colonna ', 'QC', 1),
(302, 'ciclo di lavoro (M) 34 - laser ', 'WO', 1),
(303, 'ciclo di controllo (M) 34 - laser', 'QC', 1),
(304, 'ciclo di lavoro (M) 36 - cesoia', 'WO', 1),
(305, 'ciclo di controllo (M) 36 - cesoia', 'QC', 1),
(306, 'Ciclo di lavoro (M)63 - Cataforesi', 'WO', 1),
(307, 'Ciclo di controllo (M) 63 - Cataforesi', 'QC', 1),
(308, 'Ciclo di lavoro (M) 61 - Sabbiatura', 'WO', 1),
(309, 'Ciclo di controllo (M) 61 - Sabbiatura', 'QC', 1),
(310, 'Ciclo di controllo (M) 60 - Polveri', 'QC', 1),
(311, 'Ciclo dilavoro (M) 60 - Polveri', 'WO', 1),
(312, 'Ciclo di lavoro (M) 55/56 Lavaggio', 'WO', 1),
(313, 'Ciclo di controllo (M) 55/56 - Lavaggio', 'QC', 1),
(314, 'Ciclo di lavoro (M) 64/65 - Impianto di depur', 'WO', 1),
(315, 'ciclo di controllo (M) 64/65 - Impianto di de', 'QC', 1),
(316, 'ciclo di controllo CAR - ASS', 'QC', 1),
(317, 'ciclo di lavoro CAR - ASS', 'WO', 1),
(318, 'ciclo di lavoro CAR - SAL', 'WO', 1),
(319, 'ciclo di controllo CAR - SAL', 'QC', 1),
(320, 'ciclo di controllo CAR - SAL A TIG', 'QC', 1),
(321, 'ciclo di lavoro CAR - SAL A TIG', 'WO', 1),
(322, 'ciclo di controllo CAR - MOL', 'QC', 1),
(323, 'ciclo di lavoro CAR - MOL', 'WO', 1),
(324, 'ciclo di controllo CAR - CAL', 'QC', 1),
(325, 'ciclo di lavoro CAR - CAL', 'WO', 1),
(326, 'ciclo di controllo CAR - CON MT', 'QC', 1),
(327, 'ciclo di lavoro CAR - CON MT', 'WO', 1),
(330, 'Ciclo di lavoro (M) 42- LINEA B CASSE BATTERI', 'WO', 1),
(331, 'Ciclo di controllo (M) 42- LINEA B CASSE BATT', 'QC', 1),
(332, 'Ciclo di lavoro (M) 51 - Finizione', 'WO', 1),
(333, 'Ciclo di controllo (M) 51 - Finizione', 'QC', 1),
(334, 'Ciclo di lavoro (M) 50 - Assemblaggio casse b', 'WO', 1),
(335, 'Ciclo di controllo (M) - assemblaggio casse b', 'QC', 1),
(336, 'ciclo di lavoro (M) 54- impianto di decapaggi', 'WO', 1),
(337, 'Ciclo di controllo (M) 54 Im pianto di decapa', 'QC', 1),
(338, 'Ciclo di lavoro (M) 77 88 89 90 91 92 Telai M', 'WO', 1),
(340, 'Ciclo di controllo (M) 77 88 89 90 91 92 Tela', 'QC', 1),
(341, 'Ciclo di lavoro (M) 76 Robot cloos', 'WO', 1),
(342, 'Ciclo di controllo (M) - 76 robot cloos', 'QC', 1),
(343, 'Ciclo di lavoro  (M) 29 - pressa meccanica gi', 'WO', 1),
(344, 'ciclo di controllo (M) 29 - pressa meccanica ', 'QC', 1),
(347, 'Ciclo di lavoro (M)28 - Pressa meccanica moss', 'WO', 1),
(348, 'Ciclo di controllo (M)28 - Pressa meccanica m', 'QC', 1),
(349, 'Ciclo di lavoro (M) 27- pressa meccanica moss', 'WO', 1),
(350, 'Ciclo di controllo (M) 27- pressa meccanica m', 'QC', 1),
(351, 'Ciclo di lavoro (M) 8- Macchina millemiglia ', 'WO', 1),
(352, 'ciclo di controllo (M) 8- Macchina millemigli', 'QC', 1),
(355, 'Ciclo di lavoro (22) Pressa meccanica Galli ', 'WO', 1),
(356, 'Ciclo di controllo (22) Pressa meccanica Gall', 'QC', 1),
(357, 'Ciclo di lavoro (M) 25 - Pressa idraulica Gig', 'WO', 1),
(358, 'Ciclo di controllo (M) 25 - Pressa idraulica ', 'QC', 1),
(359, 'Ciclo di lavoro (M)23 - Pressa meccanica Rask', 'WO', 1),
(360, 'Ciclo di controllo (M)23 - Pressa meccanica R', 'QC', 1),
(361, 'Ciclo di lavoro (M) 24- Pressa meccanica Spie', 'WO', 1),
(362, 'Ciclo di controllo (M) 24- Pressa meccanica S', 'QC', 1),
(363, 'Ciclo di lavoro (M) 11 - Macchina prova tenut', 'WO', 1),
(364, 'Ciclo di controllo (M) 11 - Macchina prova te', 'QC', 1),
(365, 'Ciclo di lavoro (M) 14 15 16 17 18 Saldatura ', 'WO', 1),
(366, 'Ciclo di controllo (M) 14 15 16 17 18 Saldatu', 'QC', 1),
(367, 'Ciclo di lavoro (M) 10 - PROVA TENUTA MITSUBI', 'WO', 1),
(368, 'Ciclo di controllo (M) 10 - PROVA TENUTA MITS', 'QC', 1),
(369, 'Ciclo di lavoro (M) 12 13- FINITURA MIXER 1, ', 'WO', 1),
(370, 'Ciclo di controllo (M) 12 13- FINITURA MIXER ', 'QC', 1),
(371, 'Ciclo di lavoro (M) 43 - SALDATURA FIANCHETTI', 'WO', 1),
(372, 'Ciclo di controllo (M) 43 - SALDATURA FIANCHE', 'QC', 1),
(373, 'Ciclo di lavoro (M) 44 - SALDATURA STAFFONI', 'WO', 1),
(374, 'Ciclo di controllo (M) 44 - SALDATURA STAFFON', 'QC', 1),
(375, 'Ciclo di lavoro (M) 45 - PUNTATURA FONDI', 'WO', 1),
(376, 'Ciclo di controllo (M) 45 - PUNTATURA FONDI', 'QC', 1),
(377, 'Ciclo di lavoro (M) 74 68 69 - Saldatura manu', 'WO', 1),
(378, 'Ciclo di controllo (M) 74 68 69 - Saldatura m', 'QC', 1),
(379, 'ciclo di controllo CAR - MOL', 'QC', 1),
(380, 'ciclo di lavoro CAR - MOL', 'WO', 1),
(381, 'ciclo di controllo CAR - SAL', 'QC', 1),
(382, 'ciclo di lavoro CAR - SAL', 'WO', 1),
(383, 'conoscenza nozioni di metrologia', 'QC', 1),
(384, 'conoscenza programmazione DEA (Chorus)', 'QC', 1),
(385, 'conoscenza programmazione DEA (PC DMIS)', 'QC', 1),
(386, 'Utilizzo DEA', 'QC', 1),
(387, 'Analisi risultati DEA per indicare i migliora', 'QC', 1),
(388, 'controllo particolare per delibera avvio prod', 'QC', 1),
(389, 'conoscenza programmazione braccio', 'QC', 1),
(390, 'Utilizzo braccio', 'QC', 1),
(391, 'analisi risultati braccio per indicare i migl', 'QC', 1),
(392, 'Utilizzo tracciatrice ed altri strumenti di c', 'QC', 1),
(393, 'Analisi risultati tracciatrice per indicare i', 'QC', 1),
(394, 'Conoscenza documentazione RNC', 'QC', 1),
(395, 'Gestione ricevimento materiali (controlli ed ', 'QC', 1),
(396, 'Gestione NC tradizionale (cliente,fornitore)', 'QC', 1),
(397, 'Gestione NC con Tools WCM (cliente,fornitore)', 'QC', 1),
(398, 'Gestione documentazione qualit con cliente ', 'QC', 1),
(399, 'Gestione portali clienti', 'QC', 1),
(400, 'Gestione documentazione istituzionale (Milita', 'QC', 1),
(401, 'Gestione strumenti di misura', 'QC', 1),
(402, 'Gestione bolle di rottamazione', 'QC', 1),
(403, 'Gestione QA Matrix', 'QC', 1),
(404, 'Elaborazione Control Plan,SOP,OPL', 'QC', 1),
(405, 'Effettuazione Audit di prodotto (compresa riq', 'QC', 1),
(406, 'Analista metodi', 'Ufficio Tecnico', 1),
(407, 'Analista tempi', 'Ufficio Tecnico', 1),
(408, 'Operatore CAD', 'Ufficio Tecnico', 1),
(409, 'Diapason (anagrafica-cicli-distinte)', 'Ufficio Tecnico', 1),
(410, 'Sistemi operativi Microsoft Windows', 'IT', 1),
(411, 'Prodotti di Microsoft Office (Word, Excel, Po', 'IT', 1),
(412, 'Gestionale ERP', 'IT', 1),
(413, 'Sistemi di sviluppo software (visualStudio)', 'IT', 1),
(414, 'DBMS relazionali', 'IT', 1),
(415, 'Sistemi operativi Linux', 'IT', 1),
(416, 'Manutenzione infrastruttura hardware (rete,ro', 'IT', 1),
(417, 'Relazioni con fornitori e indagine di mercato', 'Buyer', 1),
(418, 'Gestione, analisi offerte e trattative', 'Buyer', 1),
(419, 'Emissione RDA e ordini', 'Buyer', 1),
(420, 'Gestione offerte e trattative per prestazioni', 'Buyer', 1),
(421, 'Interfaccia con enti interni/ute', 'Buyer', 1),
(422, 'contratti di impianti / macchinario', 'Buyer', 1),
(423, 'Gestione urgenze e risoluzione problematiche', 'Buyer', 1),
(424, 'Lavorare in team', 'Buyer', 1),
(425, 'Gestione relazioni plurime e dello stress', 'Buyer', 1),
(426, 'Reattivit al risultato', 'Buyer', 1),
(427, 'ciclo di controllo CAR - MOL', 'QC', 1),
(428, 'ciclo di lavoro CAR - MOL', 'WO', 1),
(429, 'ciclo di controllo CAR - SAL ROB', 'QC', 1),
(430, 'ciclo di lavoro CAR - SAL ROB', 'WO', 1),
(431, 'ciclo di controllo CAR - ASS', 'QC', 1),
(432, 'ciclo di lavoro CAR - ASS', 'WO', 1),
(433, 'ciclo di controllo CAR - SEG', 'QC', 1),
(434, 'ciclo di lavoro CAR - SEG', 'WO', 1),
(435, 'ciclo di controllo CAR - CON ND', 'QC', 1),
(436, 'ciclo di lavoro CAR - CON ND', 'WO', 1),
(437, 'ciclo di controllo CAR - SAL MAN', 'QC', 1),
(438, 'ciclo di lavoro CAR - SAL MAN', 'WO', 1),
(439, 'ciclo di controllo CAR - SAL MAN', 'QC', 1),
(440, 'ciclo di lavoro CAR - SAL MAN', 'WO', 1),
(441, 'ciclo di controllo CAR - CAL', 'QC', 1),
(442, 'ciclo di lavoro CAR - CAL', 'WO', 1),
(443, 'ciclo di controllo CAR - ASS', 'QC', 1),
(444, 'ciclo di lavoro CAR - ASS', 'WO', 1),
(445, 'ciclo di controllo CAR - SAL MAN', 'QC', 1),
(446, 'ciclo di lavoro CAR - SAL MAN', 'WO', 1),
(447, 'ciclo di controllo CAR - SAL MAN', 'QC', 1),
(448, 'ciclo di lavoro CAR - SAL MAN', 'WO', 1),
(449, 'ciclo di controllo CAR - MOL', 'QC', 1),
(450, 'ciclo di lavoro CAR - MOL', 'WO', 1),
(451, 'ciclo di controllo CAR - SAB', 'QC', 1),
(452, 'ciclo di lavoro CAR - SAB', 'WO', 1),
(453, 'ciclo di controllo CAR - KIT', 'QC', 1),
(454, 'ciclo di lavoro CAR - KIT', 'WO', 1),
(455, 'ciclo di controllo CAR - RIP FIL', 'QC', 1),
(456, 'ciclo di lavoro CAR - RIP FIL', 'WO', 1),
(457, 'ciclo di controllo CAR - SAL MIG', 'QC', 1),
(458, 'ciclo di lavoro CAR - SAL MIG', 'WO', 1),
(459, 'ciclo di controllo CAR - SAL TIG', 'QC', 1),
(460, 'ciclo di lavoro CAR - SAL TIG', 'WO', 1),
(461, 'Meccanica', 'Manutenzione', 1),
(462, 'Oleodinamica', 'Manutenzione', 1),
(463, 'Pneumatica', 'Manutenzione', 1),
(464, 'Saldatura TIG', 'Manutenzione', 1),
(465, 'Saldatura MIG', 'Manutenzione', 1),
(466, 'Saldatura Elettrodo', 'Manutenzione', 1),
(467, 'Saldatura Resistenza', 'Manutenzione', 1),
(468, 'Taglio Plasma', 'Manutenzione', 1),
(469, 'Taglio Seghetto', 'Manutenzione', 1),
(470, 'Taglio Ossiacetilenico', 'Manutenzione', 1),
(471, 'Electric MT', 'Manutenzione', 1),
(472, 'PES', 'Manutenzione', 1),
(473, 'PAV', 'Manutenzione', 1),
(474, 'Electronics', 'Manutenzione', 1),
(475, 'PLC', 'Manutenzione', 1),
(476, 'Electromechanics ', 'Manutenzione', 1),
(477, 'Ciclo di lavoro (M) 96 - LASER 3D', 'WO', 1),
(478, 'Ciclo di controllo (M) 96 - LASER 3D', 'QC', 1),
(479, 'ciclo di lavoro SIAD', 'WO', 1),
(480, 'ciclo di controllo SIAD', 'QC', 1),
(481, 'ciclo di controllo LAVAGGIO', 'QC', 1),
(482, 'ciclo di lavoro LAVAGGIO', 'WO', 1),
(483, 'ciclo di controllo LF - SC', 'QC', 1),
(484, 'ciclo di lavoro LF - COND', 'WO', 1),
(485, 'ciclo di controllo LF - SC', 'QC', 1),
(486, 'ciclo di lavoro LF - SC', 'WO', 1),
(487, 'ciclo di controllo LF - COND', 'QC', 1),
(488, 'ciclo di lavoro LF - COND', 'WO', 1),
(489, 'ciclo di controllo MAN STAMPI', 'QC', 1),
(490, 'ciclo di lavoro MAN STAMPI', 'WO', 1),
(491, 'ciclo di controllo BAND', 'QC', 1),
(492, 'ciclo di lavoro QC', 'WO', 1),
(493, 'ciclo di controllo BAND', 'QC', 1),
(494, 'ciclo di lavoro BAND', 'WO', 1),
(495, 'ciclo di controllo TRAS', 'QC', 1),
(496, 'ciclo di lavoro TRA', 'WO', 1),
(497, 'ciclo di lavoro TRAS', 'WO', 1),
(498, 'ciclo di controllo TRAS', 'QC', 1),
(499, 'conoscenza programmazione DEA (Metrolog)', 'QC', 1),
(500, 'Gestione bolle di rottamazione/rilavorazione', 'QC', 1),
(501, 'conoscenza programmazione cella (Metrolog)', 'QC', 1),
(502, 'Utilizzo cella', 'QC', 1),
(503, 'analisi risultati cella per indicare i miglio', 'QC', 1),
(504, 'conoscenza programmazione laser scan (PC DMIS', 'QC', 1),
(505, 'utilizzo laser scan', 'QC', 1),
(506, 'analisi risultati laser scan per indicare i m', 'QC', 1),
(507, 'Utilizzo sistema gestionale DIAPASON (versame', 'Produzione', 1),
(508, 'Utilizzo cartella gestionale ARCTEC', 'Produzione', 1),
(509, 'Lettura e interpretazione disegno tecnico/cic', 'Produzione', 1),
(510, 'Lettura e interpretazione file di produzione', 'Produzione', 1),
(511, 'Conoscenza macchine', 'Produzione', 1),
(512, 'Coinvolgimento operatori', 'Produzione', 1),
(513, 'Documentazione di lavoro (disegno tecnico, WP', 'Produzione', 1),
(515, 'competenza 1', 'bravura nella competenza 1', 1),
(516, 'competenza 2', 'Molto bravo nella competenza 2', 1);

-- --------------------------------------------------------

--
-- Struttura della tabella `user`
--

CREATE TABLE `user` (
  `id_user` int(11) NOT NULL,
  `id_access_level` int(11) NOT NULL,
  `full_name` varchar(45) NOT NULL,
  `email` varchar(100) NOT NULL,
  `password` varchar(200) NOT NULL,
  `enabled` int(11) NOT NULL DEFAULT '1'
) ENGINE=InnoDB DEFAULT CHARSET=utf8 COMMENT='Users credentials';

--
-- Dump dei dati per la tabella `user`
--

INSERT INTO `user` (`id_user`, `id_access_level`, `full_name`, `email`, `password`, `enabled`) VALUES
(1, 100, 'Administrator', 'rosario.carvello@gmail.com', '5f4dcc3b5aa765d61d8327deb882cf99', 1),
(2, 60, 'PD-Leader', 'rosario.carvello@tin.it', '5f4dcc3b5aa765d61d8327deb882cf99', 1),
(3, 50, 'Assessor', 'rosario.carvello@pec.it', '5f4dcc3b5aa765d61d8327deb882cf99', 1);
-- --------------------------------------------------------

--
-- Struttura per vista `all_assessments`
--
DROP TABLE IF EXISTS `all_assessments`;

CREATE VIEW `all_assessments`  AS SELECT `employees_jobs_skills`.`id_employee` AS `id_employee`, concat(ifnull(`employee`.`last_name`,''),' ',ifnull(`employee`.`first_name`,'')) AS `employee_full_name`, `employees_jobs_skills`.`id_job` AS `id_job`, `job`.`name` AS `job_name`, `employees_jobs_skills`.`id_skill` AS `id_skill`, `skill`.`name` AS `skill_name`, `jobs_skills`.`expected_level` AS `expected_level`, ifnull(`assessment`.`assessed_level`,1) AS `assessed_level`, (ifnull(`assessment`.`assessed_level`,1) - `jobs_skills`.`expected_level`) AS `delta`, `assessment`.`previous_level` AS `previous_level`, `assessment`.`assessment_date` AS `assessment_date`, `assessment`.`assessed_by` AS `assessed_by`, `user`.`full_name` AS `assessor_full_name` FROM ((((((`employees_jobs_skills` left join `jobs_skills` on(((`employees_jobs_skills`.`id_job` = `jobs_skills`.`id_job`) and (`employees_jobs_skills`.`id_skill` = `jobs_skills`.`id_skill`)))) left join `assessment` on(((`employees_jobs_skills`.`id_skill` = `assessment`.`id_skill`) and (`employees_jobs_skills`.`id_employee` = `assessment`.`id_employee`)))) left join `skill` on((`employees_jobs_skills`.`id_skill` = `skill`.`id_skill`))) left join `job` on((`employees_jobs_skills`.`id_job` = `job`.`id_job`))) left join `employee` on((`employees_jobs_skills`.`id_employee` = `employee`.`id_employee`))) left join `user` on((`assessment`.`assessed_by` = `user`.`id_user`))) ORDER BY `employees_jobs_skills`.`id_employee` ASC, `employees_jobs_skills`.`id_job` ASC, `employees_jobs_skills`.`id_skill` ASC ;

--
-- Indici per le tabelle scaricate
--

--
-- Indici per le tabelle `access_level`
--
ALTER TABLE `access_level`
  ADD PRIMARY KEY (`id_access_level`);

--
-- Indici per le tabelle `assessment`
--
ALTER TABLE `assessment`
  ADD PRIMARY KEY (`id_employee`,`id_skill`),
  ADD KEY `fk_skills_eployess_idx` (`id_skill`),
  ADD KEY `fk_eployess_skills_idx` (`id_employee`),
  ADD KEY `fk_user_evaluators_idx` (`assessed_by`);

--
-- Indici per le tabelle `employee`
--
ALTER TABLE `employee`
  ADD PRIMARY KEY (`id_employee`),
  ADD UNIQUE KEY `unique_tax_code` (`tax_code`),
  ADD KEY `plant` (`plant`);

--
-- Indici per le tabelle `employees_jobs_skills`
--
ALTER TABLE `employees_jobs_skills`
  ADD PRIMARY KEY (`id_employee`,`id_job`,`id_skill`),
  ADD KEY `idx_employees_jobs_skills` (`id_skill`,`id_job`);

--
-- Indici per le tabelle `errors_assignment`
--
ALTER TABLE `errors_assignment`
  ADD PRIMARY KEY (`id_assignment`),
  ADD KEY `fk_human_error_causes_employees_skills_assessment1_idx` (`id_employee`,`id_skill`),
  ADD KEY `fk_human_error_causes_user1_idx` (`assigned_by`);

--
-- Indici per le tabelle `job`
--
ALTER TABLE `job`
  ADD PRIMARY KEY (`id_job`);

--
-- Indici per le tabelle `jobs_skills`
--
ALTER TABLE `jobs_skills`
  ADD PRIMARY KEY (`id_skill`,`id_job`),
  ADD KEY `fk_mansioni_competenze_competenza1_idx` (`id_skill`),
  ADD KEY `fk_jobs_skills_job1_idx` (`id_job`);

--
-- Indici per le tabelle `op_registry`
--
ALTER TABLE `op_registry`
  ADD PRIMARY KEY (`id_op`),
  ADD KEY `fk_user_operatons_idx` (`user_id`),
  ADD KEY `idx_table` (`entity_name`),
  ADD KEY `idx_operation_type` (`operation_type`);

--
-- Indici per le tabelle `skill`
--
ALTER TABLE `skill`
  ADD PRIMARY KEY (`id_skill`);

--
-- Indici per le tabelle `user`
--
ALTER TABLE `user`
  ADD PRIMARY KEY (`id_user`),
  ADD UNIQUE KEY `unique_email` (`email`),
  ADD KEY `fk_user_access_level_idx` (`id_access_level`),
  ADD KEY `idx_full_name` (`full_name`);

--
-- AUTO_INCREMENT per le tabelle scaricate
--

--
-- AUTO_INCREMENT per la tabella `employee`
--
ALTER TABLE `employee`
  MODIFY `id_employee` int(11) NOT NULL AUTO_INCREMENT, AUTO_INCREMENT=383;

--
-- AUTO_INCREMENT per la tabella `errors_assignment`
--
ALTER TABLE `errors_assignment`
  MODIFY `id_assignment` int(11) NOT NULL AUTO_INCREMENT, AUTO_INCREMENT=41;

--
-- AUTO_INCREMENT per la tabella `job`
--
ALTER TABLE `job`
  MODIFY `id_job` int(11) NOT NULL AUTO_INCREMENT, AUTO_INCREMENT=191;

--
-- AUTO_INCREMENT per la tabella `op_registry`
--
ALTER TABLE `op_registry`
  MODIFY `id_op` int(11) NOT NULL AUTO_INCREMENT;

--
-- AUTO_INCREMENT per la tabella `skill`
--
ALTER TABLE `skill`
  MODIFY `id_skill` int(11) NOT NULL AUTO_INCREMENT, AUTO_INCREMENT=517;

--
-- AUTO_INCREMENT per la tabella `user`
--
ALTER TABLE `user`
  MODIFY `id_user` int(11) NOT NULL AUTO_INCREMENT, AUTO_INCREMENT=20;

--
-- Limiti per le tabelle scaricate
--

--
-- Limiti per la tabella `assessment`
--
ALTER TABLE `assessment`
  ADD CONSTRAINT `fk_employees_skills` FOREIGN KEY (`id_employee`) REFERENCES `employee` (`id_employee`) ON DELETE NO ACTION ON UPDATE NO ACTION,
  ADD CONSTRAINT `fk_eveluators_user` FOREIGN KEY (`assessed_by`) REFERENCES `user` (`id_user`) ON DELETE NO ACTION ON UPDATE NO ACTION,
  ADD CONSTRAINT `fk_skills_employees` FOREIGN KEY (`id_skill`) REFERENCES `skill` (`id_skill`) ON DELETE NO ACTION ON UPDATE NO ACTION;

--
-- Limiti per la tabella `employees_jobs_skills`
--
ALTER TABLE `employees_jobs_skills`
  ADD CONSTRAINT `fk_employees` FOREIGN KEY (`id_employee`) REFERENCES `employee` (`id_employee`) ON DELETE NO ACTION ON UPDATE NO ACTION,
  ADD CONSTRAINT `fk_employees_jobs_skills` FOREIGN KEY (`id_skill`,`id_job`) REFERENCES `jobs_skills` (`id_skill`, `id_job`) ON DELETE NO ACTION ON UPDATE NO ACTION;

--
-- Limiti per la tabella `errors_assignment`
--
ALTER TABLE `errors_assignment`
  ADD CONSTRAINT `fk_human_error_causes_employees_skills_assessment1` FOREIGN KEY (`id_employee`,`id_skill`) REFERENCES `assessment` (`id_employee`, `id_skill`) ON DELETE NO ACTION ON UPDATE NO ACTION,
  ADD CONSTRAINT `fk_human_error_causes_user1` FOREIGN KEY (`assigned_by`) REFERENCES `user` (`id_user`) ON DELETE NO ACTION ON UPDATE NO ACTION;

--
-- Limiti per la tabella `jobs_skills`
--
ALTER TABLE `jobs_skills`
  ADD CONSTRAINT `fk_jobs_skills_job1` FOREIGN KEY (`id_job`) REFERENCES `job` (`id_job`) ON DELETE NO ACTION ON UPDATE NO ACTION,
  ADD CONSTRAINT `fk_mansioni_competenze_competenza1` FOREIGN KEY (`id_skill`) REFERENCES `skill` (`id_skill`) ON DELETE NO ACTION ON UPDATE NO ACTION;

--
-- Limiti per la tabella `op_registry`
--
ALTER TABLE `op_registry`
  ADD CONSTRAINT `fk_user_operations` FOREIGN KEY (`user_id`) REFERENCES `user` (`id_user`) ON DELETE NO ACTION ON UPDATE NO ACTION;

--
-- Limiti per la tabella `user`
--
ALTER TABLE `user`
  ADD CONSTRAINT `fk_user_access_level1` FOREIGN KEY (`id_access_level`) REFERENCES `access_level` (`id_access_level`) ON DELETE NO ACTION ON UPDATE NO ACTION;
COMMIT;

/*!40101 SET CHARACTER_SET_CLIENT=@OLD_CHARACTER_SET_CLIENT */;
/*!40101 SET CHARACTER_SET_RESULTS=@OLD_CHARACTER_SET_RESULTS */;
/*!40101 SET COLLATION_CONNECTION=@OLD_COLLATION_CONNECTION */;
